fact_id,date_id,state_id,program_id,program_coverage_pct,people_screened,beneficiaries_reached,maternal_health_beneficiaries,child_immunization_count,children_population,adults_population,elderly_population,high_risk_individuals,chronic_disease_patients,health_vulnerability_index,socioeconomic_score
1,1,1,1,85.0,135857,115673,18060,8431493,13215224,31231346,6957695,19425,16015,25.0,42.9
2,1,1,2,65.6,146606,102320,33298,11757218,13215224,31231346,6957695,21466,8878,49.9,45.2
3,1,1,3,44.1,113323,97228,21849,11858458,13215224,31231346,6957695,8402,16404,52.5,37.9
4,1,1,4,59.1,128387,86287,18308,8340853,13215224,31231346,6957695,18276,3194,48.8,40.9
5,1,1,5,67.4,43864,20970,5091,9117993,13215224,31231346,6957695,1982,3710,30.5,62.7
6,1,1,6,71.6,114199,49638,16072,12897506,13215224,31231346,6957695,11016,4973,53.1,63.2
7,1,2,1,98.3,1521,29447,291,339137,428284,921925,192916,158,159,51.8,68.0
8,1,2,2,37.5,1554,980,168,290925,428284,921925,192916,207,107,39.8,34.8
9,1,2,3,98.6,2358,1029,306,326013,428284,921925,192916,98,105,62.5,40.4
10,1,2,4,74.0,2233,1889,524,336055,428284,921925,192916,327,58,57.4,72.6
11,1,2,5,36.7,1828,924,258,268029,428284,921925,192916,160,104,31.6,58.3
12,1,2,6,41.1,3962,2905,632,273212,428284,921925,192916,376,106,46.4,49.1
13,1,3,1,82.8,97972,84493,28525,8761125,9873008,21191808,4528133,12282,11871,63.4,34.8
14,1,3,2,69.3,53312,23077,4815,7470562,9873008,21191808,4528133,3794,1619,81.0,64.4
15,1,3,3,37.5,72403,29147,8571,8828953,9873008,21191808,4528133,2869,2547,40.4,77.4
16,1,3,4,67.0,51382,23561,3142,7571198,9873008,21191808,4528133,4241,2820,42.7,29.8
17,1,3,5,41.5,82534,59015,19276,9650088,9873008,21191808,4528133,2954,5245,57.7,64.0
18,1,3,6,69.1,57664,31343,7361,5978415,9873008,21191808,4528133,5184,1429,23.7,76.9
19,1,4,1,49.6,115883,49238,10876,18574205,30532941,70386751,13517862,11676,5396,100.0,68.4
20,1,4,2,37.2,69284,35891,6995,29126007,30532941,70386751,13517862,6778,2149,50.2,34.2
21,1,4,3,72.0,115406,67149,16026,24864371,30532941,70386751,13517862,10453,9299,30.5,57.8
22,1,4,4,89.0,111447,97796,19038,23236793,30532941,70386751,13517862,17328,15425,13.7,36.8
23,1,4,5,98.5,170992,92470,26991,22120429,30532941,70386751,13517862,22466,12198,28.2,0.0
24,1,4,6,85.1,150244,100837,33496,23407125,30532941,70386751,13517862,9638,15947,64.9,57.1
25,1,5,1,48.0,20873,17922,3330,4591226,7141922,16403404,2836515,4078,2152,52.8,36.5
26,1,5,2,73.3,18590,12423,1759,4710992,7141922,16403404,2836515,982,633,59.6,76.7
27,1,5,3,37.5,44125,23231,4691,4967321,7141922,16403404,2836515,1339,2762,49.1,50.9
28,1,5,4,95.1,59817,46880,14698,6587071,7141922,16403404,2836515,6248,3695,76.1,49.4
29,1,5,5,38.9,67436,50731,6958,5060066,7141922,16403404,2836515,6667,6450,57.3,59.8
30,1,5,6,38.8,75137,45969,5534,5020299,7141922,16403404,2836515,5518,2128,54.3,61.8
31,1,6,1,52.5,3995,2111,639,301937,392251,952345,141510,149,376,43.5,58.3
32,1,6,2,67.0,2791,1379,450,281089,392251,952345,141510,104,196,39.8,33.1
33,1,6,3,81.8,4632,29511,469,346040,392251,952345,141510,760,248,37.0,62.5
34,1,6,4,45.7,2512,1916,597,277256,392251,952345,141510,99,310,56.7,63.2
35,1,6,5,91.4,2567,1128,305,273856,392251,952345,141510,90,150,52.5,30.5
36,1,6,6,52.8,2868,1841,597,6613341,392251,952345,141510,317,91,40.5,61.0
37,1,7,1,45.2,204572,88774,19064,13079355,19972926,39175300,8322291,21639,11109,38.6,40.0
38,1,7,2,44.1,169509,79262,11297,17211013,19972926,39175300,8322291,17545,6023,70.5,98.7
39,1,7,3,80.0,127781,57874,13749,13615101,19972926,39175300,8322291,4151,9734,59.5,51.8
40,1,7,4,95.4,59302,52815,6653,12866486,19972926,39175300,8322291,12293,2514,80.3,36.4
41,1,7,5,96.4,51607,41583,14367,13317161,19972926,39175300,8322291,6791,5740,57.6,42.1
42,1,7,6,85.6,82973,42564,14361,17285779,19972926,39175300,8322291,6394,6040,49.8,38.2
43,1,8,1,47.3,36428,27809,2851,5874754,8618914,16830480,2654210,5359,4715,79.0,73.1
44,1,8,2,75.9,82248,40871,10655,8055578,8618914,16830480,2654210,3380,1750,52.6,70.6
45,1,8,3,91.5,24367,11587,2263,6396863,8618914,16830480,2654210,1245,777,49.1,75.2
46,1,8,4,61.7,80399,58488,7806,6478667,8618914,16830480,2654210,9116,5740,50.0,77.3
47,1,8,5,45.1,77059,55265,6128,7071278,8618914,16830480,2654210,13482,7536,52.6,29.4
48,1,8,6,68.0,18917,9195,1762,7555935,8618914,16830480,2654210,797,897,36.7,33.8
49,1,9,1,96.7,20442,16838,4103,1427575,2152427,4422671,959021,1475,1882,70.1,22.6
50,1,9,2,41.9,15862,12653,3113,1844861,2152427,4422671,959021,1869,1494,47.4,81.1
51,1,9,3,54.9,12234,6503,1882,1850355,2152427,4422671,959021,885,430,42.7,58.0
52,1,9,4,38.4,4717,1943,563,1374354,2152427,4422671,959021,309,136,56.7,78.6
53,1,9,5,96.3,17307,13816,4349,1366336,2152427,4422671,959021,2095,1360,18.6,72.9
54,1,9,6,54.9,19353,17297,2581,1418959,2152427,4422671,959021,1842,2359,49.9,56.6
55,1,10,1,45.8,89113,36462,4565,7023719,9910938,21964088,4246995,4356,2542,50.4,9.0
56,1,10,2,39.7,35362,20461,3625,6726814,9910938,21964088,4246995,2231,841,58.9,67.6
57,1,10,3,78.7,36698,26906,8536,8223654,9910938,21964088,4246995,3506,914,52.1,60.1
58,1,10,4,80.9,52880,32685,3882,8295651,9910938,21964088,4246995,6984,1456,46.3,65.1
59,1,10,5,65.1,91466,47165,16324,9614752,9910938,21964088,4246995,9866,7448,50.5,33.4
60,1,10,6,49.2,58725,29099,6694,6613341,9910938,21964088,4246995,5455,3956,62.1,53.5
61,1,11,1,66.75,168381,130627,29677,14414741,16248472,40535694,6407976,23071,17170,48.7,56.0
62,1,11,2,77.6,58277,49255,12802,11916717,16248472,40535694,6407976,6595,4000,57.7,68.2
63,1,11,3,78.2,41773,27681,6083,10758998,16248472,40535694,6407976,4545,4481,33.7,33.4
64,1,11,4,78.3,197301,177487,42104,10463709,16248472,40535694,6407976,29536,28444,85.3,39.6
65,1,11,5,88.3,183534,158337,32565,10290958,16248472,40535694,6407976,37401,24914,55.4,78.5
66,1,11,6,43.9,97846,71331,20935,10519412,16248472,40535694,6407976,17602,12519,22.7,69.6
67,1,12,1,90.6,80287,64921,14701,7657273,10147536,20237549,4709286,10026,6827,50.4,38.8
68,1,12,2,63.8,31719,15774,1581,9240471,10147536,20237549,4709286,2938,936,41.4,43.5
69,1,12,3,42.3,47803,36467,5798,9338867,10147536,20237549,4709286,8873,2458,72.0,67.9
70,1,12,4,94.7,30084,26662,4474,6375640,10147536,20237549,4709286,4044,933,42.3,39.1
71,1,12,5,49.0,98091,78514,17157,9557959,10147536,20237549,4709286,19329,8249,53.0,68.3
72,1,12,6,45.5,18226,10122,2422,8343307,10147536,20237549,4709286,1449,1785,23.6,62.4
73,1,13,1,53.0,52943,33086,4994,21291642,22505223,48707864,8290323,6372,5045,76.8,53.9
74,1,13,2,47.2,107523,64854,12308,20887654,22505223,48707864,8290323,7571,2723,75.3,60.3
75,1,13,3,93.2,170806,71868,7701,20873193,22505223,48707864,8290323,16290,8181,6.3,71.9
76,1,13,4,53.0,159582,69704,22603,21872937,22505223,48707864,8290323,11650,11148,48.0,65.6
77,1,13,5,54.0,44553,64391,15876,14646605,22505223,48707864,8290323,15819,2125,30.8,62.6
78,1,13,6,43.6,252764,156708,42072,21980275,22505223,48707864,8290323,36669,6017,75.3,61.3
79,1,14,1,84.8,297535,153416,25363,28920041,31601977,73895902,10789734,27524,15870,50.4,44.7
80,1,14,2,90.8,365278,166929,55740,24190565,31601977,73895902,10789734,32859,22588,48.8,68.5
81,1,14,3,64.1,77381,51628,12193,24460360,31601977,73895902,10789734,6695,3623,88.0,56.5
82,1,14,4,86.5,329584,255069,88871,28463638,31601977,73895902,10789734,63674,39448,60.8,28.5
83,1,14,5,39.8,89188,63613,18932,21400968,31601977,73895902,10789734,15661,2174,46.6,42.6
84,1,14,6,60.6,262663,207210,28571,28547019,31601977,73895902,10789734,51250,25204,79.7,28.2
85,1,15,1,94.1,4378,2497,653,516146,795115,1771892,377366,594,291,36.8,55.3
86,1,15,2,60.2,7564,4825,620,711638,795115,1771892,377366,663,328,52.5,63.7
87,1,15,3,59.6,5448,3150,454,680507,795115,1771892,377366,546,399,78.9,63.7
88,1,15,4,67.5,8436,28870,1654,694416,795115,1771892,377366,1504,989,45.6,62.1
89,1,15,5,45.8,4423,2771,752,528859,795115,1771892,377366,676,384,73.8,64.7
90,1,15,6,64.8,5593,2758,956,574190,795115,1771892,377366,354,330,20.3,42.1
91,1,16,1,74.3,6701,5725,1357,951370,980367,1891884,284968,1299,630,43.3,55.3
92,1,16,2,91.2,1713,811,203,605194,980367,1891884,284968,154,57,48.0,31.8
93,1,16,3,84.2,2248,1521,359,680842,980367,1891884,284968,204,120,35.3,68.4
94,1,16,4,71.4,3958,2202,589,769173,980367,1891884,284968,303,324,41.4,13.1
95,1,16,5,56.9,6337,5009,1210,653666,980367,1891884,284968,1091,285,40.5,60.9
96,1,16,6,57.2,3370,2615,618,769317,980367,1891884,284968,248,173,52.4,77.8
97,1,17,1,40.4,2924,2478,794,205843,326730,721184,127174,315,158,60.9,61.9
98,1,17,2,86.2,2603,2106,408,300730,326730,721184,127174,424,277,42.2,27.0
99,1,17,3,95.3,1041,868,91,237047,326730,721184,127174,72,46,50.1,82.1
100,1,17,4,97.3,1873,1453,462,308445,326730,721184,127174,285,45,16.9,43.0
101,1,17,5,74.4,2709,1200,370,210878,326730,721184,127174,64,117,66.1,31.7
102,1,17,6,80.4,1103,826,214,287344,326730,721184,127174,149,143,67.3,61.1
103,1,18,1,63.6,2334,1562,529,583427,607668,1214919,250851,3581,78,62.3,40.5
104,1,18,2,43.1,2687,2075,640,376415,607668,1214919,250851,394,357,70.5,75.4
105,1,18,3,97.8,4851,3339,754,407867,607668,1214919,250851,432,443,88.1,74.8
106,1,18,4,53.0,3072,1531,426,449129,607668,1214919,250851,259,93,58.8,41.0
107,1,18,5,95.8,44553,2411,711,507200,607668,1214919,250851,360,421,62.3,38.1
108,1,18,6,94.5,44526,3014,680,469684,607668,1214919,250851,719,228,70.0,29.9
109,1,19,1,75.0,116132,88068,27339,8519087,13013371,28275717,5486529,7965,14212,61.7,93.3
110,1,19,2,58.6,63869,42337,10180,10591574,13013371,28275717,5486529,9512,2899,57.1,71.9
111,1,19,3,84.1,42886,19004,3972,10089699,13013371,28275717,5486529,2498,1657,10.5,51.3
112,1,19,4,84.2,122098,62573,9603,11227465,13013371,28275717,5486529,7206,5219,41.6,49.7
113,1,19,5,98.2,29204,22439,2412,10499051,13013371,28275717,5486529,1717,3130,45.3,31.8
114,1,19,6,90.2,99475,52933,16846,9834744,13013371,28275717,5486529,5546,5855,46.4,30.9
115,1,20,1,67.7,16973,12559,3575,7153999,7779696,17800804,4206960,2771,1386,54.4,68.6
116,1,20,2,35.5,25167,21581,6719,4934962,7779696,17800804,4206960,3126,3379,39.8,24.8
117,1,20,3,83.0,48090,35793,10416,6585097,7779696,17800804,4206960,3119,3884,43.5,49.6
118,1,20,4,80.9,40460,21592,5318,7084111,7779696,17800804,4206960,3588,1197,50.4,60.5
119,1,20,5,38.5,23774,20189,4577,5576935,7779696,17800804,4206960,2286,923,74.6,42.4
120,1,20,6,61.7,52634,21732,2702,4852852,7779696,17800804,4206960,3246,2112,49.9,58.0
121,1,21,1,99.0,137237,108742,22171,17899185,22464657,46794641,8610844,20838,7785,28.7,62.6
122,1,21,2,83.6,196832,82345,17460,20950179,22464657,46794641,8610844,18980,5323,59.1,64.6
123,1,21,3,85.3,62568,52762,15319,6585097,22464657,46794641,8610844,8550,5611,33.2,68.6
124,1,21,4,69.5,61331,25676,3821,21108890,22464657,46794641,8610844,2611,3259,36.5,67.3
125,1,21,5,81.9,159749,136440,27006,13907650,22464657,46794641,8610844,31492,22945,52.5,68.7
126,1,21,6,63.8,51177,31552,4457,16987155,22464657,46794641,8610844,4328,2932,64.3,73.4
127,1,22,1,56.0,665,417,78,129967,183668,428448,91145,88,71,27.8,77.5
128,1,22,2,62.3,928,638,101,159029,183668,428448,91145,154,39,50.2,18.4
129,1,22,3,52.6,1601,1068,262,134205,183668,428448,91145,87,123,74.9,100.0
130,1,22,4,92.5,1735,780,224,160464,183668,428448,91145,158,118,22.1,75.5
131,1,22,5,93.1,746,413,73,156706,183668,428448,91145,77,16,26.9,70.2
132,1,22,6,69.1,368,226,69,157898,183668,428448,91145,35,14,50.0,55.4
133,1,23,1,49.7,106672,54833,6936,16643008,22656985,42935575,8185381,12248,9178,2.6,44.0
134,1,23,2,65.0,72091,37502,12005,15957897,22656985,42935575,8185381,6555,2613,56.4,73.2
135,1,23,3,88.7,182555,138075,17654,14961451,22656985,42935575,8185381,8777,23471,54.0,48.7
136,1,23,4,98.2,84112,57592,7104,16127417,22656985,42935575,8185381,7300,6148,41.1,52.9
137,1,23,5,50.7,44553,140485,30882,18197855,22656985,42935575,8185381,21909,10296,28.3,38.7
138,1,23,6,71.9,217927,118395,18672,21338105,22656985,42935575,8185381,6544,13345,50.7,16.2
139,1,24,1,62.8,31840,19131,4302,8836968,11862032,22211111,5025697,3024,1385,28.9,79.6
140,1,24,2,80.8,56401,34005,6361,7520154,11862032,22211111,5025697,8207,2642,75.7,65.2
141,1,24,3,91.5,65020,55236,11677,8255343,11862032,22211111,5025697,4432,5658,52.7,66.9
142,1,24,4,78.0,62119,55124,16861,10811693,11862032,22211111,5025697,2798,3292,54.9,47.3
143,1,24,5,97.2,114459,77344,9538,10571664,11862032,22211111,5025697,16425,4983,37.5,67.4
144,1,24,6,93.2,93944,70073,23935,9725352,11862032,22211111,5025697,6450,8212,48.4,77.1
145,1,25,1,48.4,7273,6209,2036,1150558,1191965,2517576,505315,667,989,57.0,67.3
146,1,25,2,58.7,11824,6049,1129,747388,1191965,2517576,505315,381,407,48.9,77.2
147,1,25,3,69.1,10014,5456,1373,966599,1191965,2517576,505315,1188,271,72.0,60.5
148,1,25,4,93.1,3653,1915,378,1035929,1191965,2517576,505315,374,299,45.2,80.4
149,1,25,5,69.8,9765,6878,2040,1040810,1191965,2517576,505315,762,759,34.1,58.7
150,1,25,6,96.3,9536,5096,1039,1031876,1191965,2517576,505315,624,172,27.6,65.9
151,1,26,1,55.4,238343,143196,42840,59812284,67042224,129928688,29639975,23788,8134,54.9,31.8
152,1,26,2,64.9,217819,104634,12995,53955503,67042224,129928688,29639975,11114,13044,43.6,46.5
153,1,26,3,85.3,664113,321364,105742,40375324,67042224,129928688,29639975,57264,50485,39.5,52.7
154,1,26,4,58.2,562108,248530,68856,53723116,67042224,129928688,29639975,26976,23722,64.3,70.1
155,1,26,5,49.5,523977,455234,138880,52479960,67042224,129928688,29639975,49006,27988,53.3,38.4
156,1,26,6,86.1,576948,494613,153471,57798656,67042224,129928688,29639975,26242,52057,86.4,99.5
157,1,27,1,64.6,36910,29447,4840,4443402,4947180,12509841,1685836,1632,3104,45.3,49.8
158,1,27,2,58.8,52602,32030,4987,3492315,4947180,12509841,1685836,6571,2249,57.0,32.9
159,1,27,3,55.4,56784,41464,13536,4481005,4947180,12509841,1685836,9398,7002,47.1,53.0
160,1,27,4,38.0,30825,24586,4366,3111109,4947180,12509841,1685836,1475,3509,36.6,79.0
161,1,27,5,70.5,24177,21144,5847,3184032,4947180,12509841,1685836,2298,2476,90.5,80.0
162,1,27,6,48.3,56667,34624,5172,6613341,4947180,12509841,1685836,5120,5141,49.9,56.5
163,1,28,1,93.1,239878,121938,29176,28116666,29727320,57343231,11254249,26754,16102,52.3,78.5
164,1,28,2,51.8,249155,143082,38329,23213907,29727320,57343231,11254249,10710,6493,36.6,45.1
165,1,28,3,90.3,286172,156455,32691,22278241,29727320,57343231,11254249,35024,21944,62.7,46.6
166,1,28,4,59.6,209550,112966,17739,23999690,29727320,57343231,11254249,18742,16457,60.8,28.0
167,1,28,5,70.1,296276,146794,25150,22180151,29727320,57343231,11254249,23543,21181,40.6,24.5
168,1,28,6,87.2,220827,196859,27866,25783813,29727320,57343231,11254249,33880,16052,44.2,67.4
169,1,29,1,57.5,26628,13370,2791,7520133,8277755,18935934,3020092,1428,2066,55.8,35.4
170,1,29,2,83.0,93344,39792,12320,6685457,8277755,18935934,3020092,5524,2980,33.7,64.4
171,1,29,3,97.3,79158,33736,8923,5364061,8277755,18935934,3020092,8021,2872,7.9,42.9
172,1,29,4,80.8,56540,25949,2867,5331909,8277755,18935934,3020092,3497,3161,64.3,58.5
173,1,29,5,64.9,58576,24808,4560,7862676,8277755,18935934,3020092,2049,3067,50.7,57.0
174,1,29,6,53.1,35454,26596,4625,6921739,8277755,18935934,3020092,2750,1388,37.3,35.2
175,1,30,1,89.3,25719,11360,2454,2425105,3588317,8278100,1186896,854,1972,79.4,43.4
176,1,30,2,61.5,13028,10841,2453,6631720,3588317,8278100,1186896,1992,1489,60.8,32.7
177,1,30,3,75.5,21647,14354,3641,3508790,3588317,8278100,1186896,3390,546,71.5,49.7
178,1,30,4,39.8,7175,6303,1753,2500702,3588317,8278100,1186896,623,518,56.5,40.3
179,1,30,5,43.6,40033,28710,8555,2453326,3588317,8278100,1186896,4186,5629,55.2,14.4
180,1,30,6,63.2,17346,13547,3714,2888435,3588317,8278100,1186896,3365,2368,55.5,33.2
181,1,31,1,82.7,815,483,124,56317,88614,180486,37364,45,42,76.2,38.1
182,1,31,2,54.8,540,336,95,76506,88614,180486,37364,61,21,36.0,44.7
183,1,31,3,72.1,747,410,80,61298,88614,180486,37364,20,25,41.5,11.8
184,1,31,4,46.1,575,267,73,68467,88614,180486,37364,22,21,61.5,53.5
185,1,31,5,52.6,859,413,70,85870,88614,180486,37364,44,29,42.0,62.9
186,1,31,6,69.4,898,403,70,73345,88614,180486,37364,94,49,32.5,58.3
187,1,32,1,38.7,818,691,221,293271,408409,845336,137123,83,53,53.9,55.3
188,1,32,2,86.4,3810,2188,424,312876,408409,845336,137123,322,142,36.2,33.0
189,1,32,3,62.8,3997,3394,784,344089,408409,845336,137123,735,138,64.6,67.4
190,1,32,4,65.0,2009,1185,340,267482,408409,845336,137123,273,43,18.7,64.0
191,1,32,5,74.6,1891,1289,245,296895,408409,845336,137123,297,121,80.6,67.9
192,1,32,6,57.1,3941,3313,1015,375865,408409,845336,137123,550,143,60.4,65.7
193,2,1,1,88.4,142372,65548,10297,10114588,14278918,29971451,5224605,13963,3568,48.3,80.7
194,2,1,2,92.5,72974,34289,9107,10013554,14278918,29971451,5224605,7501,4477,66.0,53.9
195,2,1,3,91.9,54979,36907,12789,10890861,14278918,29971451,5224605,3755,3210,27.7,74.5
196,2,1,4,84.8,117090,49911,14126,11581833,14278918,29971451,5224605,2879,3638,64.9,88.4
197,2,1,5,43.0,153139,67262,6782,6665596,14278918,29971451,5224605,16383,5260,64.4,68.5
198,2,1,6,68.4,90291,60699,18543,9764893,14278918,29971451,5224605,10726,7507,59.2,11.9
199,2,2,1,79.5,3393,1540,337,260843,405074,930081,219302,234,134,40.4,32.0
200,2,2,2,74.4,2319,1660,248,352616,405074,930081,219302,387,108,24.3,22.1
201,2,2,3,81.2,2922,2547,271,302977,405074,930081,219302,242,93,49.5,82.1
202,2,2,4,56.5,2653,1927,318,326266,405074,930081,219302,292,282,51.6,51.3
203,2,2,5,48.9,3122,1469,325,380995,405074,930081,219302,165,150,72.3,76.4
204,2,2,6,55.5,2035,1486,219,253763,405074,930081,219302,202,66,28.7,28.5
205,2,3,1,85.3,61070,45383,11895,6463676,9785227,20142639,3843446,3266,5549,67.1,20.4
206,2,3,2,38.2,91660,73014,15342,7595501,9785227,20142639,3843446,9543,3131,66.2,34.6
207,2,3,3,37.7,31228,23497,5459,9083702,9785227,20142639,3843446,3272,3757,55.3,73.1
208,2,3,4,37.4,42449,29313,8926,9185356,9785227,20142639,3843446,2264,886,52.2,56.5
209,2,3,5,52.4,101333,69752,23965,8319023,9785227,20142639,3843446,5105,9761,36.9,88.5
210,2,3,6,47.3,48371,29102,5510,6244226,9785227,20142639,3843446,8760,2525,11.0,61.4
211,2,4,1,38.1,228399,134043,15249,22050995,35425708,73382906,12754834,10081,9449,60.7,40.5
212,2,4,2,89.9,361632,256862,75317,29563621,35425708,73382906,12754834,24118,20876,51.0,79.5
213,2,4,3,77.0,94525,29511,18353,31867509,35425708,73382906,12754834,4313,8848,50.5,29.8
214,2,4,4,83.7,152389,127608,42198,22104725,35425708,73382906,12754834,27719,15328,56.3,42.5
215,2,4,5,67.5,320134,209541,21434,30418019,35425708,73382906,12754834,33701,10557,47.9,91.5
216,2,4,6,41.2,323002,221475,38049,29465167,35425708,73382906,12754834,35870,9184,49.9,71.4
217,2,5,1,92.7,26528,11756,1888,6063894,7100749,17941190,3248456,2363,953,37.0,15.0
218,2,5,2,35.9,22857,20306,2585,6793133,7100749,17941190,3248456,2490,3460,37.8,72.9
219,2,5,3,75.4,60632,28026,8459,4676855,7100749,17941190,3248456,1544,4430,88.4,73.8
220,2,5,4,96.8,87607,67180,15016,5372604,7100749,17941190,3248456,9908,7369,61.0,57.0
221,2,5,5,42.5,35922,27960,5385,6294025,7100749,17941190,3248456,1875,3410,48.5,48.7
222,2,5,6,65.4,34390,14514,4667,5569312,7100749,17941190,3248456,3125,508,61.4,75.8
223,2,6,1,48.1,4278,29447,1276,273116,404757,907058,149997,404,343,58.6,53.3
224,2,6,2,61.2,3873,2211,524,357845,404757,907058,149997,477,330,59.2,84.3
225,2,6,3,43.3,1392,615,212,277487,404757,907058,149997,134,72,50.1,54.8
226,2,6,4,40.8,3175,28870,512,317220,404757,907058,149997,142,128,50.6,45.6
227,2,6,5,37.8,3043,28710,400,6665596,404757,907058,149997,226,108,63.7,71.9
228,2,6,6,84.6,1843,1518,335,366197,404757,907058,149997,201,263,58.2,53.7
229,2,7,1,37.5,194165,97856,12864,14635238,20840420,42153076,8130168,22041,5230,27.8,43.2
230,2,7,2,37.5,66308,55592,5814,14658114,20840420,42153076,8130168,8505,3304,78.2,59.0
231,2,7,3,64.0,75150,65781,17983,17389287,20840420,42153076,8130168,7253,5491,24.6,58.9
232,2,7,4,64.9,141434,121478,15375,15803132,20840420,42153076,8130168,28775,6025,77.0,60.8
233,2,7,5,46.3,162972,74997,18165,16510406,20840420,42153076,8130168,13755,11842,57.2,99.7
234,2,7,6,60.0,111339,46028,9612,15321498,20840420,42153076,8130168,6599,5445,39.2,53.0
235,2,8,1,74.3,32984,22554,7810,4481779,7089258,16035616,2749164,3837,815,55.2,52.5
236,2,8,2,75.0,63069,36531,6167,6383041,7089258,16035616,2749164,5879,1645,51.7,32.8
237,2,8,3,74.7,51642,44988,13624,6680412,7089258,16035616,2749164,7073,2325,73.7,60.0
238,2,8,4,80.3,81983,69723,23592,4374686,7089258,16035616,2749164,3572,8703,48.7,42.0
239,2,8,5,94.0,64852,34024,7191,6597516,7089258,16035616,2749164,5953,3454,52.1,51.5
240,2,8,6,83.8,22352,15962,4289,6424322,7089258,16035616,2749164,2360,2749,70.9,66.7
241,2,9,1,86.2,45262,3238,442,1342872,1912093,4123180,1021727,668,239,62.2,60.5
242,2,9,2,80.9,9618,5423,867,1268855,1912093,4123180,1021727,801,407,55.4,86.0
243,2,9,3,81.1,10655,7303,1332,1845641,1912093,4123180,1021727,688,711,62.2,42.6
244,2,9,4,63.4,21621,14851,3909,1661547,1912093,4123180,1021727,2830,2583,59.4,49.1
245,2,9,5,53.5,16006,11009,2382,1612898,1912093,4123180,1021727,1571,1457,29.3,74.7
246,2,9,6,44.1,12406,5973,1043,1781634,1912093,4123180,1021727,1448,1061,64.6,32.7
247,2,10,1,68.9,30527,24922,7785,8909655,11489475,23694677,3725987,5219,1684,44.3,81.0
248,2,10,2,86.2,20649,10001,1553,9918432,11489475,23694677,3725987,3454,1753,32.5,46.1
249,2,10,3,83.8,107634,96410,26353,11021545,11489475,23694677,3725987,15545,6732,49.1,57.2
250,2,10,4,86.5,60060,52437,13470,10121517,11489475,23694677,3725987,4694,3413,33.2,30.5
251,2,10,5,69.9,103669,53842,14457,10940473,11489475,23694677,3725987,11115,9426,27.6,70.5
252,2,10,6,65.7,65739,52496,6508,9788355,11489475,23694677,3725987,5798,7120,78.2,68.9
253,2,11,1,65.0,52444,37459,11057,15645038,17293071,37715596,7347259,2460,5339,57.7,67.1
254,2,11,2,57.8,44152,55744,19234,14231238,17293071,37715596,7347259,10057,1774,60.5,59.9
255,2,11,3,92.7,64964,57957,17621,11375515,17293071,37715596,7347259,10472,9921,40.4,45.1
256,2,11,4,94.3,79565,67957,13610,14267251,17293071,37715596,7347259,5481,8440,58.3,37.4
257,2,11,5,60.1,87636,47296,8350,10442330,17293071,37715596,7347259,8430,3501,64.0,96.6
258,2,11,6,89.1,88449,43941,7743,16870312,17293071,37715596,7347259,5013,4404,76.2,63.4
259,2,12,1,94.9,90237,37582,5237,7961711,8899482,20244695,4569421,6244,1847,43.2,69.8
260,2,12,2,78.5,32910,17377,2789,7637474,8899482,20244695,4569421,2848,1225,20.3,58.1
261,2,12,3,75.7,62814,31357,5749,6185412,8899482,20244695,4569421,2859,1168,28.0,39.9
262,2,12,4,83.1,93186,66405,11477,8125177,8899482,20244695,4569421,10248,6981,48.3,20.9
263,2,12,5,63.3,60800,28710,5939,8164900,8899482,20244695,4569421,1983,1388,95.5,75.5
264,2,12,6,60.0,95187,84746,21000,7884982,8899482,20244695,4569421,17489,13200,66.1,72.9
265,2,13,1,35.0,51693,31718,4640,16813783,24932408,51189159,8043697,6755,3277,42.4,69.2
266,2,13,2,38.1,251653,121335,27876,21838580,24932408,51189159,8043697,17638,18686,56.6,33.8
267,2,13,3,43.7,225082,29511,19324,22075875,24932408,51189159,8043697,34235,19497,73.0,58.3
268,2,13,4,35.3,129931,53372,6393,21655051,24932408,51189159,8043697,5781,4198,78.1,56.9
269,2,13,5,41.4,56489,49884,5094,15062279,24932408,51189159,8043697,9004,1550,75.0,49.4
270,2,13,6,51.0,218468,91891,28509,21718407,24932408,51189159,8043697,13230,12488,27.8,66.4
271,2,14,1,38.6,84290,75223,14024,22551809,34099890,76644028,10375372,7594,6767,46.2,64.5
272,2,14,2,85.8,173021,94313,23748,28993487,34099890,76644028,10375372,18048,15325,80.9,86.8
273,2,14,3,38.2,311150,187526,38061,30802731,34099890,76644028,10375372,20260,28873,41.6,53.1
274,2,14,4,91.1,168627,77508,19529,30772286,34099890,76644028,10375372,11221,11773,75.3,77.6
275,2,14,5,40.7,312114,227734,29584,25638015,34099890,76644028,10375372,21771,38271,57.1,49.6
276,2,14,6,77.2,156630,95783,13866,31214876,34099890,76644028,10375372,10369,15494,10.0,42.9
277,2,15,1,86.2,6482,4047,1367,570778,780267,1836910,419415,652,495,18.1,23.8
278,2,15,2,84.4,8990,7543,1295,744806,780267,1836910,419415,1029,1347,57.2,32.9
279,2,15,3,74.5,4353,2836,395,516059,780267,1836910,419415,597,280,49.1,29.3
280,2,15,4,52.3,4687,3966,1232,586989,780267,1836910,419415,863,591,38.3,49.6
281,2,15,5,43.4,3913,28710,720,645681,780267,1836910,419415,411,95,63.7,56.5
282,2,15,6,95.4,7732,5021,1559,683314,780267,1836910,419415,1237,444,30.0,96.6
283,2,16,1,73.9,8206,6572,1146,619378,945046,2116079,342896,512,271,11.1,67.1
284,2,16,2,47.0,2830,1382,189,798033,945046,2116079,342896,139,87,77.6,37.0
285,2,16,3,85.0,8844,7351,848,839019,945046,2116079,342896,804,983,24.7,64.1
286,2,16,4,90.0,2268,1066,276,702077,945046,2116079,342896,257,180,53.5,33.8
287,2,16,5,93.2,7595,3178,1013,813076,945046,2116079,342896,461,166,44.0,42.8
288,2,16,6,48.7,5546,3047,756,836552,945046,2116079,342896,334,254,43.5,90.8
289,2,17,1,67.8,2978,2280,524,267908,347462,739478,112233,148,177,39.9,55.3
290,2,17,2,96.5,815,672,111,291700,347462,739478,112233,92,114,24.7,13.2
291,2,17,3,97.5,1752,1004,164,231851,347462,739478,112233,193,114,44.7,98.6
292,2,17,4,96.2,1848,1337,300,228700,347462,739478,112233,133,135,53.3,70.4
293,2,17,5,58.9,606,309,85,331266,347462,739478,112233,31,20,52.7,20.7
294,2,17,6,82.3,846,559,158,224784,347462,739478,112233,56,19,40.5,71.2
295,2,18,1,84.1,4138,2327,366,438676,631871,1336992,246987,279,114,69.4,76.1
296,2,18,2,35.3,4696,2424,634,565765,631871,1336992,246987,489,220,59.9,24.2
297,2,18,3,66.4,4589,2806,292,579245,631871,1336992,246987,638,367,52.8,61.6
298,2,18,4,36.3,3957,1643,199,497444,631871,1336992,246987,229,207,48.4,63.5
299,2,18,5,74.7,4429,3858,986,529256,631871,1336992,246987,608,588,60.3,79.0
300,2,18,6,53.4,5540,4928,778,415480,631871,1336992,246987,957,282,45.4,52.0
301,2,19,1,76.4,105451,76408,7891,9650277,11987702,28586139,3891291,13466,9182,64.4,66.9
302,2,19,2,95.1,114383,50001,8550,7669590,11987702,28586139,3891291,4727,3261,56.6,88.4
303,2,19,3,53.3,81168,61207,10158,7313025,11987702,28586139,3891291,5666,2030,59.6,48.4
304,2,19,4,90.9,24125,15571,4488,8658555,11987702,28586139,3891291,3622,1478,63.2,46.9
305,2,19,5,86.6,29784,14262,4344,11697522,11987702,28586139,3891291,1229,1364,47.2,41.9
306,2,19,6,85.2,54810,36004,5620,11377585,11987702,28586139,3891291,2611,5869,56.0,71.7
307,2,20,1,85.9,31694,15869,2848,6520521,8867841,16571683,3813073,1708,922,36.2,72.2
308,2,20,2,74.1,73416,54677,14122,6211235,8867841,16571683,3813073,4261,3183,41.7,44.7
309,2,20,3,70.4,87515,35498,11023,8619139,8867841,16571683,3813073,3148,3395,44.2,24.4
310,2,20,4,82.2,47053,32170,6221,7094772,8867841,16571683,3813073,4678,1067,53.5,54.3
311,2,20,5,73.8,41065,36307,11744,7134189,8867841,16571683,3813073,7695,4248,44.0,38.3
312,2,20,6,45.6,54801,29449,8819,8381024,8867841,16571683,3813073,5294,2608,78.4,54.2
313,2,21,1,35.4,182284,152500,19267,13995820,20417463,49702082,8592608,10163,20655,42.2,33.4
314,2,21,2,57.9,137855,58302,12132,12745650,20417463,49702082,8592608,6790,9060,77.4,72.5
315,2,21,3,67.9,147492,111414,14076,19543948,20417463,49702082,8592608,27543,8747,71.1,61.0
316,2,21,4,77.8,236659,28870,18935,18871716,20417463,49702082,8592608,36056,20828,50.0,9.7
317,2,21,5,90.7,168562,77781,24781,16839496,20417463,49702082,8592608,5359,6836,77.8,58.0
318,2,21,6,96.9,112115,66561,23081,19524455,20417463,49702082,8592608,12788,10207,69.7,57.2
319,2,22,1,79.5,1593,1348,370,167435,200967,409941,76509,268,200,57.0,67.0
320,2,22,2,69.2,1747,1364,297,179413,200967,409941,76509,279,184,56.4,37.3
321,2,22,3,76.7,899,29511,184,184178,200967,409941,76509,100,65,55.3,22.3
322,2,22,4,81.6,569,509,117,182072,200967,409941,76509,46,61,56.5,73.6
323,2,22,5,68.7,1180,505,134,183728,200967,409941,76509,51,46,84.7,26.0
324,2,22,6,36.4,2083,1521,473,162878,200967,409941,76509,250,73,49.9,62.6
325,2,23,1,79.3,159076,72140,14718,18564696,20066216,44446722,7285076,12579,10982,74.4,33.9
326,2,23,2,57.0,127522,54344,18873,14636679,20066216,44446722,7285076,11437,3305,48.8,57.1
327,2,23,3,67.1,92905,64211,15569,17773894,20066216,44446722,7285076,7240,8415,70.9,73.0
328,2,23,4,36.6,194134,131260,34851,19009367,20066216,44446722,7285076,8514,11852,56.2,63.2
329,2,23,5,88.1,201739,81476,13085,18845194,20066216,44446722,7285076,20241,5660,11.0,74.7
330,2,23,6,45.6,190115,158251,53326,12878624,20066216,44446722,7285076,27966,15612,63.1,68.4
331,2,24,1,72.6,93087,70661,21241,7390036,11668153,24724665,4508018,11678,9983,35.4,43.7
332,2,24,2,38.0,89042,55850,14853,8272982,11668153,24724665,4508018,6941,3205,27.1,69.9
333,2,24,3,88.4,63298,28735,8821,11130052,11668153,24724665,4508018,4755,2005,54.3,26.3
334,2,24,4,74.9,71445,53222,9290,10459817,11668153,24724665,4508018,10837,2636,19.8,42.2
335,2,24,5,37.5,44553,47987,11117,8679663,11668153,24724665,4508018,3436,6334,61.0,23.9
336,2,24,6,91.6,29846,16709,3841,7203460,11668153,24724665,4508018,2136,2185,8.7,72.8
337,2,25,1,83.1,9005,7325,2223,1059886,1101336,2371667,561379,1619,538,56.6,27.5
338,2,25,2,35.1,6798,4492,762,992671,1101336,2371667,561379,867,184,60.2,42.7
339,2,25,3,66.4,12136,9181,2514,885801,1101336,2371667,561379,1517,446,32.6,36.5
340,2,25,4,89.3,8349,5786,722,808819,1101336,2371667,561379,1205,243,30.9,53.0
341,2,25,5,94.5,44553,7114,737,728280,1101336,2371667,561379,581,480,78.0,65.6
342,2,25,6,52.5,8894,6892,1981,796372,1101336,2371667,561379,1673,987,78.7,100.0
343,2,26,1,43.2,134378,82280,20156,54442110,59218072,136474517,29689538,20393,10911,61.3,55.2
344,2,26,2,79.2,457218,221281,36181,47703311,59218072,136474517,29689538,54355,8334,49.3,51.4
345,2,26,3,81.7,353608,207983,48340,36250019,59218072,136474517,29689538,51250,30892,80.7,77.0
346,2,26,4,70.3,142370,112408,36902,51506327,59218072,136474517,29689538,7969,17975,63.9,80.1
347,2,26,5,97.6,237345,135428,15724,54457756,59218072,136474517,29689538,28607,16816,29.7,33.1
348,2,26,6,46.9,430180,222058,35496,51940891,59218072,136474517,29689538,21273,6976,49.9,41.2
349,2,27,1,35.1,18565,11975,2009,3829414,4862991,11574924,2447247,1715,463,51.6,66.4
350,2,27,2,75.7,26848,17651,3306,3388355,4862991,11574924,2447247,3630,1053,62.8,85.1
351,2,27,3,94.2,12422,5998,1973,4159291,4862991,11574924,2447247,1158,432,38.2,77.2
352,2,27,4,55.8,39897,16647,1825,4435688,4862991,11574924,2447247,3209,2527,89.1,44.9
353,2,27,5,41.3,43131,20556,3497,3147583,4862991,11574924,2447247,4221,2582,89.4,50.3
354,2,27,6,56.3,56495,34122,5805,3968147,4862991,11574924,2447247,7157,3576,28.2,57.7
355,2,28,1,57.1,290973,252737,65363,21550833,27500212,60705237,9537139,40293,8441,56.6,35.8
356,2,28,2,46.3,125122,85600,15020,16790726,27500212,60705237,9537139,10761,10981,80.6,40.6
357,2,28,3,46.5,47803,79598,23990,19263177,27500212,60705237,9537139,13685,6854,44.8,49.3
358,2,28,4,41.1,125805,70277,12992,17544314,27500212,60705237,9537139,10996,11021,43.4,42.6
359,2,28,5,48.7,250777,106870,37133,19959196,27500212,60705237,9537139,15117,5163,73.5,75.4
360,2,28,6,70.0,286853,149692,45964,19712963,27500212,60705237,9537139,36086,21820,74.8,56.1
361,2,29,1,38.1,18705,12898,3543,8250675,9119656,19850937,4107527,2120,1029,47.9,100.0
362,2,29,2,89.6,57728,47447,13124,5569711,9119656,19850937,4107527,9658,5129,52.1,50.6
363,2,29,3,45.5,38424,17294,5682,6207261,9119656,19850937,4107527,3014,577,43.4,76.4
364,2,29,4,48.8,44638,24368,4895,7135354,9119656,19850937,4107527,5105,1165,61.6,46.1
365,2,29,5,91.5,55464,48554,13766,6761221,9119656,19850937,4107527,9216,1940,74.6,58.0
366,2,29,6,48.2,73008,36003,5247,7879610,9119656,19850937,4107527,8957,1106,75.4,100.0
367,2,30,1,81.2,31890,24450,5131,2784483,3860198,8377371,1429627,5707,3533,24.7,11.6
368,2,30,2,95.5,26220,22757,7385,2653063,3860198,8377371,1429627,2419,1942,68.1,92.8
369,2,30,3,57.1,15687,10701,1383,3000560,3860198,8377371,1429627,1300,1321,44.9,48.3
370,2,30,4,69.8,13108,6032,1287,3051302,3860198,8377371,1429627,843,924,39.9,42.8
371,2,30,5,70.4,32481,25547,4272,2765474,3860198,8377371,1429627,2542,2359,71.4,53.7
372,2,30,6,45.3,12588,5420,1446,3748680,3860198,8377371,1429627,676,553,61.8,57.0
373,2,31,1,61.3,677,568,90,59027,83921,174814,37092,88,56,11.7,46.1
374,2,31,2,77.8,194,84,28,62873,83921,174814,37092,10,13,32.4,44.7
375,2,31,3,91.6,349,269,78,81911,83921,174814,37092,33,22,14.3,73.7
376,2,31,4,57.6,657,482,114,67557,83921,174814,37092,106,83,56.0,66.1
377,2,31,5,79.3,392,220,71,61183,83921,174814,37092,34,14,64.9,57.0
378,2,31,6,91.8,352,259,66,72645,83921,174814,37092,37,21,57.9,50.3
379,2,32,1,47.5,2662,1284,241,321394,407756,870249,152959,198,155,52.6,56.8
380,2,32,2,71.4,1621,1145,118,393507,407756,870249,152959,157,147,81.2,61.6
381,2,32,3,94.7,4330,3861,849,399264,407756,870249,152959,512,242,49.8,68.5
382,2,32,4,75.5,2617,1495,458,271531,407756,870249,152959,291,207,54.0,64.5
383,2,32,5,73.3,2058,1185,294,368115,407756,870249,152959,144,49,43.1,33.3
384,2,32,6,82.1,3733,1704,585,284976,407756,870249,152959,108,95,76.9,49.2
385,3,1,1,50.6,60161,31352,6628,9680923,15911073,33183650,6905243,3997,1785,33.0,61.1
386,3,1,2,94.6,61851,41193,13058,14444140,15911073,33183650,6905243,9550,2104,84.3,30.9
387,3,1,3,87.4,93233,49801,9528,12868667,15911073,33183650,6905243,8719,3326,26.6,69.2
388,3,1,4,35.2,39461,20501,2507,12464386,15911073,33183650,6905243,3827,1329,30.9,63.6
389,3,1,5,95.4,37561,29138,6648,14963176,15911073,33183650,6905243,3106,2597,60.5,76.7
390,3,1,6,40.3,157028,106536,32731,12991637,15911073,33183650,6905243,15323,10439,20.5,54.0
391,3,2,1,71.0,2217,1165,299,251292,385778,940352,138492,255,110,58.5,46.1
392,3,2,2,63.0,959,589,130,306310,385778,940352,138492,121,83,79.1,41.3
393,3,2,3,40.3,4068,3373,1014,369616,385778,940352,138492,343,132,74.1,62.7
394,3,2,4,55.1,2585,1736,183,363623,385778,940352,138492,384,261,40.5,56.9
395,3,2,5,89.5,1888,1189,177,297898,385778,940352,138492,213,45,47.1,29.0
396,3,2,6,62.2,894,482,66,259128,385778,940352,138492,70,81,50.6,88.1
397,3,3,1,85.9,65589,29551,3335,7015924,9982300,22340538,3375859,3808,2144,63.4,71.0
398,3,3,2,74.6,44892,39521,8430,7379698,9982300,22340538,3375859,4360,3479,25.5,41.7
399,3,3,3,41.2,76453,44374,10646,7596211,9982300,22340538,3375859,9710,3300,66.1,100.0
400,3,3,4,93.4,74185,39022,7585,6098435,9982300,22340538,3375859,9040,4222,72.5,90.6
401,3,3,5,83.9,21805,17959,4570,6282465,9982300,22340538,3375859,1583,1222,47.4,19.7
402,3,3,6,35.1,22334,18245,3225,7870683,9982300,22340538,3375859,1322,1896,49.2,60.7
403,3,4,1,66.6,211410,174920,35197,26643172,34427408,77599638,11639358,23001,26960,43.3,42.6
404,3,4,2,35.4,332425,157387,28245,28452574,34427408,77599638,11639358,20845,21486,44.9,20.6
405,3,4,3,40.1,90440,60519,12049,22571729,34427408,77599638,11639358,9827,3640,69.7,64.1
406,3,4,4,46.0,169767,87831,28341,21157917,34427408,77599638,11639358,15228,10291,55.1,72.0
407,3,4,5,75.7,342446,274458,41487,24102754,34427408,77599638,11639358,40958,32629,56.4,91.9
408,3,4,6,89.9,75050,51170,8316,30592877,34427408,77599638,11639358,3532,2641,33.5,43.0
409,3,5,1,49.6,79542,67012,10500,7444914,8400861,17422616,4041102,15399,11138,37.9,81.3
410,3,5,2,72.4,15035,11465,2690,5701605,8400861,17422616,4041102,1200,657,51.8,38.0
411,3,5,3,64.6,72028,48622,16927,5172193,8400861,17422616,4041102,5783,3381,45.9,38.0
412,3,5,4,79.5,21035,16498,1650,5261496,8400861,17422616,4041102,4113,2562,49.9,18.7
413,3,5,5,53.5,18300,15705,2250,5540400,8400861,17422616,4041102,1993,2102,64.7,61.1
414,3,5,6,57.2,67053,46378,13200,5207396,8400861,17422616,4041102,4899,8291,74.3,24.0
415,3,6,1,84.0,4371,2659,871,408732,433640,971019,163227,561,342,49.9,45.5
416,3,6,2,69.3,1177,1005,321,345567,433640,971019,163227,121,146,54.5,43.4
417,3,6,3,78.3,3852,2244,531,413979,433640,971019,163227,254,302,56.9,56.2
418,3,6,4,38.1,3283,1597,477,377127,433640,971019,163227,217,259,6.4,32.9
419,3,6,5,41.8,2360,1463,291,312225,433640,971019,163227,332,204,87.4,45.4
420,3,6,6,83.2,3648,1859,553,285105,433640,971019,163227,247,224,30.9,54.0
421,3,7,1,35.5,196903,127755,38954,14714024,19744798,39742067,8526196,26762,9018,45.9,44.2
422,3,7,2,61.9,169720,81176,22350,11944096,19744798,39742067,8526196,6662,13084,45.3,65.1
423,3,7,3,37.0,203821,182315,31330,17370671,19744798,39742067,8526196,18551,27522,44.3,47.4
424,3,7,4,92.9,160812,77128,15887,15727126,19744798,39742067,8526196,8260,6309,28.4,50.2
425,3,7,5,81.8,210314,88364,21393,17698613,19744798,39742067,8526196,12251,8316,65.7,71.5
426,3,7,6,76.0,145964,129751,23755,17006360,19744798,39742067,8526196,30967,21199,54.6,49.4
427,3,8,1,60.5,45262,18495,5597,6569124,8100939,16439571,4015461,2949,2195,60.1,58.1
428,3,8,2,73.3,45318,40319,11500,7497870,8100939,16439571,4015461,4773,6112,37.4,42.9
429,3,8,3,82.6,58782,43859,9967,5381173,8100939,16439571,4015461,8022,2282,76.2,63.8
430,3,8,4,85.4,55340,34827,8200,6678434,8100939,16439571,4015461,4669,4088,61.2,64.9
431,3,8,5,95.4,64378,30483,3198,7358145,8100939,16439571,4015461,5897,2533,27.6,79.3
432,3,8,6,92.6,26317,22202,2895,5304421,8100939,16439571,4015461,3151,1546,59.1,50.2
433,3,9,1,54.7,17383,11807,1266,1195747,1965266,4431129,792978,870,1258,39.3,51.7
434,3,9,2,56.1,5845,5190,540,1688712,1965266,4431129,792978,347,524,32.3,58.4
435,3,9,3,97.5,15229,8153,1032,1612546,1965266,4431129,792978,1332,539,58.0,40.2
436,3,9,4,91.3,9705,8404,1605,1273980,1965266,4431129,792978,835,949,54.2,62.2
437,3,9,5,84.3,5461,4583,1347,1575455,1965266,4431129,792978,398,691,24.8,21.1
438,3,9,6,36.2,5329,2940,385,6613341,1965266,4431129,792978,165,158,78.7,87.6
439,3,10,1,90.2,71161,62826,18437,9114234,11018253,22314076,4809669,10863,2102,46.1,90.9
440,3,10,2,80.3,61216,36976,9435,7789087,11018253,22314076,4809669,4990,3056,61.6,50.8
441,3,10,3,69.1,71027,50517,8066,8162222,11018253,22314076,4809669,12450,5664,25.4,62.0
442,3,10,4,85.3,76707,63566,16642,10073329,11018253,22314076,4809669,4412,10379,60.7,44.1
443,3,10,5,42.0,51941,34614,9191,7028321,11018253,22314076,4809669,6065,3809,62.4,54.6
444,3,10,6,53.3,63245,40542,9055,7180012,11018253,22314076,4809669,2623,5070,83.0,81.7
445,3,11,1,82.6,100662,72111,16831,13286678,19136544,40506953,8524443,13121,3476,43.3,43.7
446,3,11,2,52.1,132693,72106,24484,6631720,19136544,40506953,8524443,9717,4454,30.8,61.3
447,3,11,3,87.9,196933,140694,40992,13613493,19136544,40506953,8524443,17864,4624,75.9,67.3
448,3,11,4,83.2,192750,107793,11056,12690692,19136544,40506953,8524443,8167,5834,34.6,55.2
449,3,11,5,89.7,111179,83612,16156,18463486,19136544,40506953,8524443,5704,4239,30.7,64.7
450,3,11,6,56.1,137570,115468,13347,15381301,19136544,40506953,8524443,7880,15698,50.3,63.9
451,3,12,1,76.1,55434,34824,11267,7939898,10297449,19968158,3342556,4827,1362,42.6,24.4
452,3,12,2,86.5,105749,78099,15370,7587729,10297449,19968158,3342556,18019,10347,53.8,62.6
453,3,12,3,46.5,31486,23435,3596,7765832,10297449,19968158,3342556,1697,914,0.0,12.2
454,3,12,4,77.4,83890,46847,8328,6533953,10297449,19968158,3342556,3391,7289,63.8,70.4
455,3,12,5,69.8,27684,12302,3965,8299792,10297449,19968158,3342556,1984,654,43.7,61.8
456,3,12,6,82.6,82233,50479,15191,7117784,10297449,19968158,3342556,4585,3181,48.0,60.5
457,3,13,1,67.7,123587,66445,16134,15386400,24127497,50683790,11297227,5621,9573,71.0,100.0
458,3,13,2,88.3,155331,115635,26233,22937200,24127497,50683790,11297227,11703,11362,38.5,62.4
459,3,13,3,90.3,238410,174487,58997,17480373,24127497,50683790,11297227,30621,23949,53.0,47.9
460,3,13,4,91.9,170595,88802,14833,16341379,24127497,50683790,11297227,4890,10154,17.5,31.2
461,3,13,5,78.8,46708,24019,6237,18053665,24127497,50683790,11297227,3379,1878,22.7,100.0
462,3,13,6,73.6,174267,84048,21173,20063554,24127497,50683790,11297227,15240,6785,86.4,63.7
463,3,14,1,54.6,278697,132327,16699,22415545,33643456,74748666,10722481,3581,7896,55.4,81.7
464,3,14,2,40.7,339187,295909,38017,25206071,33643456,74748666,10722481,56976,16340,40.1,56.6
465,3,14,3,77.3,147599,72709,25318,26065892,33643456,74748666,10722481,14143,12204,41.9,61.5
466,3,14,4,93.6,323391,264075,42461,20752563,33643456,74748666,10722481,50470,33210,35.3,38.2
467,3,14,5,53.4,253890,173176,44758,6665596,33643456,74748666,10722481,16318,30840,47.2,44.5
468,3,14,6,36.7,159256,68753,18593,26072146,33643456,74748666,10722481,3874,5365,48.5,35.4
469,3,15,1,73.5,4226,3505,628,657918,818580,1899659,424857,836,605,48.8,43.7
470,3,15,2,50.9,4783,3138,1073,795893,818580,1899659,424857,606,345,90.4,51.3
471,3,15,3,45.3,1554,635,129,615577,818580,1899659,424857,69,59,45.6,61.3
472,3,15,4,78.1,6441,28870,1420,633826,818580,1899659,424857,366,919,65.4,46.2
473,3,15,5,78.2,5347,2915,446,620005,818580,1899659,424857,601,198,32.9,81.3
474,3,15,6,56.2,2631,2302,641,715775,818580,1899659,424857,334,170,74.9,72.6
475,3,16,1,81.5,8688,5729,777,608918,876356,1876208,409839,796,669,27.6,36.9
476,3,16,2,61.9,8226,6052,1778,668002,876356,1876208,409839,1277,500,69.1,46.3
477,3,16,3,97.3,9186,6029,1790,582765,876356,1876208,409839,1178,883,43.7,33.9
478,3,16,4,46.6,6445,5629,775,799371,876356,1876208,409839,743,517,49.9,74.1
479,3,16,5,83.9,3969,2428,729,723090,876356,1876208,409839,440,292,37.1,64.0
480,3,16,6,48.7,8212,4054,527,626924,876356,1876208,409839,386,207,51.2,29.3
481,3,17,1,58.3,3368,2829,704,326401,343781,731931,106650,299,103,36.3,74.0
482,3,17,2,84.3,3091,2464,505,236507,343781,731931,106650,270,253,57.8,45.7
483,3,17,3,59.9,2361,1109,273,301846,343781,731931,106650,69,176,30.9,72.6
484,3,17,4,94.5,3596,2668,433,213114,343781,731931,106650,332,192,37.5,1.2
485,3,17,5,83.9,3010,1416,270,240316,343781,731931,106650,114,83,49.8,50.0
486,3,17,6,83.1,44526,1349,452,283105,343781,731931,106650,240,227,55.7,32.0
487,3,18,1,73.8,1398,770,243,465957,558730,1371531,227287,116,83,57.8,83.0
488,3,18,2,81.8,3666,2262,643,6631720,558730,1371531,227287,433,205,35.1,73.9
489,3,18,3,98.2,1998,1354,210,409271,558730,1371531,227287,69,222,90.0,66.9
490,3,18,4,68.4,4386,1775,480,513869,558730,1371531,227287,209,65,43.7,42.2
491,3,18,5,59.1,3218,1389,464,371356,558730,1371531,227287,264,88,45.4,22.0
492,3,18,6,66.9,5282,4096,1268,344342,558730,1371531,227287,436,152,9.9,37.6
493,3,19,1,61.2,86427,59247,8972,8640352,13269618,26289085,5005917,5373,3925,65.4,23.8
494,3,19,2,87.8,38443,28192,3959,11691802,13269618,26289085,5005917,2873,2815,71.4,47.7
495,3,19,3,93.1,92931,44589,8743,11077248,13269618,26289085,5005917,3908,2667,49.3,53.0
496,3,19,4,62.9,128620,85274,11923,8098168,13269618,26289085,5005917,17898,2829,47.5,35.1
497,3,19,5,90.2,45760,39137,5668,9382712,13269618,26289085,5005917,7059,4494,18.3,15.6
498,3,19,6,61.0,130553,97300,17663,12842608,13269618,26289085,5005917,4938,4033,29.8,43.1
499,3,20,1,59.2,49117,24319,3628,7456225,8433814,18148573,2522365,2000,3970,69.1,80.3
500,3,20,2,42.2,87060,61166,9821,6631720,8433814,18148573,2522365,11483,9310,50.2,70.6
501,3,20,3,64.2,82894,41674,7149,6425727,8433814,18148573,2522365,2883,6007,73.5,40.3
502,3,20,4,75.3,81942,72806,22622,6878962,8433814,18148573,2522365,7483,12360,39.1,70.6
503,3,20,5,75.9,43827,35841,12339,6665596,8433814,18148573,2522365,3726,5147,31.8,52.2
504,3,20,6,93.1,81833,60680,20660,5911349,8433814,18148573,2522365,9713,10437,47.8,68.5
505,3,21,1,43.4,111777,64559,14364,15224555,23015850,49246457,10157433,13369,5592,58.4,70.9
506,3,21,2,72.3,155314,98597,33068,20115266,23015850,49246457,10157433,13440,16312,27.8,43.2
507,3,21,3,48.3,184214,109653,32870,16795870,23015850,49246457,10157433,11826,16417,56.7,87.7
508,3,21,4,36.0,42888,33904,10044,17777237,23015850,49246457,10157433,8403,5670,100.0,66.6
509,3,21,5,87.3,156850,129573,37795,15093227,23015850,49246457,10157433,18195,15023,39.6,53.6
510,3,21,6,51.7,49687,41544,14196,14298289,23015850,49246457,10157433,5966,4930,59.7,46.0
511,3,22,1,87.1,673,340,97,130646,206282,397278,86644,74,17,74.7,64.5
512,3,22,2,54.7,884,601,128,160095,206282,397278,86644,129,24,28.8,66.2
513,3,22,3,75.6,1069,653,159,179292,206282,397278,86644,140,28,49.1,71.2
514,3,22,4,63.4,1434,626,210,160289,206282,397278,86644,36,84,68.7,49.0
515,3,22,5,94.3,1241,979,295,130217,206282,397278,86644,102,73,26.1,85.2
516,3,22,6,86.5,830,483,114,177692,206282,397278,86644,40,22,70.8,75.1
517,3,23,1,84.1,60995,27850,8307,12543877,20470261,46445062,9525551,6171,4359,69.1,59.2
518,3,23,2,70.3,40997,29710,9860,13421601,20470261,46445062,9525551,4214,2244,33.7,55.6
519,3,23,3,42.5,110692,81386,17202,13167132,20470261,46445062,9525551,15762,14357,65.8,75.0
520,3,23,4,60.5,201929,161855,28474,16053480,20470261,46445062,9525551,27654,23318,35.8,59.6
521,3,23,5,79.2,71058,62462,21307,18942171,20470261,46445062,9525551,4107,11127,72.2,61.2
522,3,23,6,61.9,138553,69331,22534,17667892,20470261,46445062,9525551,11438,4081,40.5,62.6
523,3,24,1,71.4,64504,32605,8206,7650150,9699111,23701082,4541600,5621,2164,47.2,74.7
524,3,24,2,74.9,22379,16720,4944,6638688,9699111,23701082,4541600,2689,2782,61.0,42.0
525,3,24,3,86.2,107708,94315,15666,6810335,9699111,23701082,4541600,19169,11627,73.0,30.2
526,3,24,4,77.1,80951,66045,13210,8158499,9699111,23701082,4541600,14743,9254,60.8,49.3
527,3,24,5,89.5,71412,63193,19713,6766742,9699111,23701082,4541600,12436,8462,45.2,68.4
528,3,24,6,82.2,70663,41232,10613,8409193,9699111,23701082,4541600,9311,3727,39.7,100.0
529,3,25,1,38.1,6112,3891,463,744868,1146336,2470330,571558,775,185,45.1,50.9
530,3,25,2,88.2,6367,5708,747,927362,1146336,2470330,571558,442,396,49.3,4.2
531,3,25,3,75.5,5803,3065,1014,1031779,1146336,2470330,571558,404,153,58.8,39.9
532,3,25,4,72.6,3018,2585,449,766935,1146336,2470330,571558,331,284,43.3,64.4
533,3,25,5,89.1,7340,4569,561,792416,1146336,2470330,571558,683,752,83.1,66.0
534,3,25,6,78.2,6645,5786,789,963921,1146336,2470330,571558,471,900,33.9,89.1
535,3,26,1,47.6,691830,387318,98794,54271134,58288991,143183804,18712602,39430,25908,50.4,47.0
536,3,26,2,49.2,645149,27048,68525,41737884,58288991,143183804,18712602,74661,19217,47.9,85.5
537,3,26,3,92.9,205548,115454,18570,41986710,58288991,143183804,18712602,24337,5991,46.9,39.8
538,3,26,4,60.5,177120,103132,23086,47582466,58288991,143183804,18712602,14259,14624,77.8,39.3
539,3,26,5,77.1,262972,218699,27490,43022363,58288991,143183804,18712602,15535,30212,36.7,41.6
540,3,26,6,50.4,576590,314943,50735,38993508,58288991,143183804,18712602,25654,48368,63.9,49.2
541,3,27,1,70.7,27801,15193,2038,4235681,5856196,11612594,2750647,1244,1966,44.6,62.4
542,3,27,2,69.3,31830,15423,2326,5525940,5856196,11612594,2750647,3381,2640,25.1,59.1
543,3,27,3,63.1,50050,29382,7306,4076635,5856196,11612594,2750647,4308,3887,44.2,39.1
544,3,27,4,95.6,53573,37109,12157,4749455,5856196,11612594,2750647,3236,2023,21.3,48.9
545,3,27,5,45.5,51683,25166,5876,5388834,5856196,11612594,2750647,3925,2819,22.1,48.6
546,3,27,6,79.5,59820,44729,13584,4143389,5856196,11612594,2750647,4670,3370,48.6,53.4
547,3,28,1,96.0,275079,185884,30881,18509610,28521106,57181157,9271460,22791,20231,57.0,48.0
548,3,28,2,41.9,69109,48031,7131,21695430,28521106,57181157,9271460,4132,6833,34.5,80.1
549,3,28,3,74.3,197427,97297,25801,19628461,28521106,57181157,9271460,22969,7405,38.4,64.2
550,3,28,4,59.9,140589,95004,22998,20997072,28521106,57181157,9271460,19450,6394,25.5,51.4
551,3,28,5,48.5,52889,42885,4632,21065012,28521106,57181157,9271460,7088,5720,56.9,63.7
552,3,28,6,73.5,297866,244304,60001,23143987,28521106,57181157,9271460,24148,8890,72.9,50.9
553,3,29,1,66.4,75615,56931,6084,5545516,8666916,20623357,2748992,9964,2319,37.3,50.2
554,3,29,2,46.4,52370,26830,2891,7903797,8666916,20623357,2748992,2383,4172,14.9,62.5
555,3,29,3,98.3,33099,22279,2628,5282514,8666916,20623357,2748992,5087,3220,65.9,81.0
556,3,29,4,56.4,92418,45157,7514,5381320,8666916,20623357,2748992,2318,6712,70.2,43.2
557,3,29,5,58.0,28576,15109,1987,8037388,8666916,20623357,2748992,836,1321,32.8,52.2
558,3,29,6,76.9,42576,32870,8520,7103265,8666916,20623357,2748992,7116,2564,13.4,51.0
559,3,30,1,79.1,12680,5459,1245,3141066,3328577,7726679,1373227,972,235,60.3,74.6
560,3,30,2,41.4,19265,27048,4227,3234502,3328577,7726679,1373227,2176,1916,39.7,77.2
561,3,30,3,90.8,28107,24845,5569,2464761,3328577,7726679,1373227,2098,877,17.8,14.1
562,3,30,4,40.5,18764,14778,3189,2449067,3328577,7726679,1373227,1132,1444,76.2,70.6
563,3,30,5,64.7,28385,20681,7162,2243425,3328577,7726679,1373227,2763,1026,44.3,35.6
564,3,30,6,72.7,12961,8588,1731,2790983,3328577,7726679,1373227,2104,1233,72.9,57.8
565,3,31,1,46.6,584,283,88,56612,73476,184356,39226,59,49,38.6,90.0
566,3,31,2,95.8,817,727,170,59713,73476,184356,39226,85,41,64.0,100.0
567,3,31,3,61.4,787,578,129,63046,73476,184356,39226,70,58,21.6,73.2
568,3,31,4,53.7,582,388,133,55181,73476,184356,39226,21,45,47.0,77.8
569,3,31,5,57.0,461,272,45,71343,73476,184356,39226,42,25,40.3,59.7
570,3,31,6,46.4,343,198,43,57740,73476,184356,39226,43,34,63.9,43.0
571,3,32,1,86.3,3052,1524,478,254376,410720,851003,191669,250,100,89.9,39.4
572,3,32,2,39.3,44152,2266,328,6631720,410720,851003,191669,281,218,40.9,64.8
573,3,32,3,67.0,3267,2085,539,311713,410720,851003,191669,187,351,50.5,55.9
574,3,32,4,80.6,1348,1174,374,247653,410720,851003,191669,229,165,69.1,90.5
575,3,32,5,53.6,2010,1520,410,282032,410720,851003,191669,326,105,64.5,41.9
576,3,32,6,37.9,3220,1522,418,261692,410720,851003,191669,375,137,54.0,31.8
577,4,1,1,80.4,161676,68742,13503,11300692,15820329,32803836,5352678,5183,4378,55.8,37.3
578,4,1,2,76.5,44152,51360,14285,9569913,15820329,32803836,5352678,6058,7958,32.6,87.3
579,4,1,3,95.5,47803,70861,21666,6585097,15820329,32803836,5352678,16607,7850,49.0,26.3
580,4,1,4,49.3,121625,106502,23816,11574417,15820329,32803836,5352678,18967,16649,39.6,50.8
581,4,1,5,81.0,142880,88454,13423,14081581,15820329,32803836,5352678,18925,14772,57.6,68.0
582,4,1,6,88.8,138926,80553,27234,13141540,15820329,32803836,5352678,4189,11546,56.7,45.9
583,4,2,1,86.2,2103,1753,264,423969,470810,933670,216467,310,147,53.7,56.8
584,4,2,2,40.4,965,420,112,329126,470810,933670,216467,92,12,59.6,71.3
585,4,2,3,69.9,3887,1707,591,378183,470810,933670,216467,422,251,37.3,27.3
586,4,2,4,54.0,1243,1038,132,388471,470810,933670,216467,169,44,25.4,52.3
587,4,2,5,43.5,2429,1436,390,449548,470810,933670,216467,113,189,64.5,48.5
588,4,2,6,70.9,1166,681,118,296385,470810,933670,216467,48,117,27.6,25.4
589,4,3,1,96.9,71450,36838,5430,6877424,8726190,22106612,2918448,3717,2545,53.0,95.0
590,4,3,2,43.4,42656,24396,2766,6207443,8726190,22106612,2918448,3647,4381,86.0,72.7
591,4,3,3,69.7,55306,33779,3582,5943099,8726190,22106612,2918448,8052,1826,59.6,67.4
592,4,3,4,41.9,101927,68650,10838,6784833,8726190,22106612,2918448,4385,3211,23.7,55.8
593,4,3,5,98.4,20896,12830,2911,6202443,8726190,22106612,2918448,1104,2126,72.2,66.9
594,4,3,6,57.5,36775,19945,5946,8406583,8726190,22106612,2918448,1801,1827,35.2,68.7
595,4,4,1,43.2,270589,148810,27046,32747200,33849268,70667239,16034510,14194,19564,57.8,65.5
596,4,4,2,89.5,123449,82256,8584,24766554,33849268,70667239,16034510,16470,8138,37.1,69.7
597,4,4,3,58.9,329976,177875,31359,22211181,33849268,70667239,16034510,12339,8672,67.1,66.1
598,4,4,4,94.5,339960,157795,48360,24013995,33849268,70667239,16034510,12758,18153,71.7,50.0
599,4,4,5,77.1,306834,208513,53277,28668845,33849268,70667239,16034510,17961,33387,25.2,32.6
600,4,4,6,62.3,108697,51287,11699,30256107,33849268,70667239,16034510,10785,7947,25.1,79.4
601,4,5,1,82.2,64034,54250,14504,5328846,8158441,16832059,2451276,7862,1816,81.8,64.1
602,4,5,2,90.5,44152,27048,3002,5751651,8158441,16832059,2451276,822,1771,48.1,45.4
603,4,5,3,98.6,82739,36401,5074,7872216,8158441,16832059,2451276,4665,3137,69.9,13.0
604,4,5,4,48.2,31855,16425,5084,6690069,8158441,16832059,2451276,3424,2208,46.6,77.0
605,4,5,5,82.9,73328,48885,11461,6353086,8158441,16832059,2451276,8931,7398,21.8,45.9
606,4,5,6,40.7,59958,39919,10050,5385302,8158441,16832059,2451276,9822,1227,76.7,60.2
607,4,6,1,36.7,1645,705,126,362707,388470,927259,152301,51,50,45.2,61.3
608,4,6,2,93.5,4248,3067,458,6631720,388470,927259,152301,750,288,44.3,35.2
609,4,6,3,64.9,4273,3533,1152,370981,388470,927259,152301,352,353,39.2,53.1
610,4,6,4,48.6,2057,1011,120,325960,388470,927259,152301,65,136,21.7,13.9
611,4,6,5,63.4,1339,938,318,355166,388470,927259,152301,65,58,52.1,57.1
612,4,6,6,38.2,2187,1285,339,323183,388470,927259,152301,261,231,48.1,55.2
613,4,7,1,38.0,79063,58320,19984,14146756,18422075,42729654,7998778,13497,8142,41.7,82.0
614,4,7,2,64.9,200499,139150,46381,13614883,18422075,42729654,7998778,24055,13364,26.4,79.1
615,4,7,3,59.8,36458,20251,2148,15893827,18422075,42729654,7998778,3707,1720,30.4,59.0
616,4,7,4,65.0,110612,96165,24811,17997341,18422075,42729654,7998778,4842,4874,50.1,59.8
617,4,7,5,92.3,122584,85621,11692,12776805,18422075,42729654,7998778,10050,13015,29.2,64.6
618,4,7,6,85.3,187662,104328,12059,17932308,18422075,42729654,7998778,5582,7196,28.0,58.8
619,4,8,1,65.4,34042,20966,5522,4287109,7135643,16284606,3280537,4044,788,15.1,46.7
620,4,8,2,40.8,26578,21855,4090,5842155,7135643,16284606,3280537,4651,2049,43.3,43.5
621,4,8,3,84.9,72313,61624,9826,5639446,7135643,16284606,3280537,11200,10403,63.1,46.9
622,4,8,4,35.7,23065,18641,3648,5066015,7135643,16284606,3280537,2704,2474,81.8,62.9
623,4,8,5,35.4,63033,39728,4940,4386156,7135643,16284606,3280537,6314,4429,64.8,60.3
624,4,8,6,48.7,15967,7252,812,4702337,7135643,16284606,3280537,1559,609,26.7,33.1
625,4,9,1,46.3,15697,12601,1988,1651346,1980242,4447544,756351,1870,1556,51.1,77.7
626,4,9,2,67.6,10626,4281,904,1299782,1980242,4447544,756351,752,337,33.3,71.6
627,4,9,3,62.8,6745,3136,839,1539564,1980242,4447544,756351,748,378,41.6,94.5
628,4,9,4,62.0,8292,5843,1843,1909363,1980242,4447544,756351,390,395,59.5,50.3
629,4,9,5,69.2,13103,9379,1080,1568218,1980242,4447544,756351,1504,788,65.3,23.7
630,4,9,6,40.3,12001,9390,1942,1369885,1980242,4447544,756351,1650,1368,44.5,36.7
631,4,10,1,37.7,20330,8411,2812,6892844,9794978,22774469,5126480,616,617,50.1,34.5
632,4,10,2,55.0,26786,17079,2039,8181386,9794978,22774469,5126480,1885,2492,54.0,46.2
633,4,10,3,60.5,46804,28986,4156,6388914,9794978,22774469,5126480,6939,1817,33.9,52.2
634,4,10,4,42.9,99726,70841,12286,6765717,9794978,22774469,5126480,10598,7768,25.2,66.0
635,4,10,5,77.9,73482,51570,10794,7118762,9794978,22774469,5126480,6474,5749,75.5,46.0
636,4,10,6,50.6,104870,50926,14866,7134976,9794978,22774469,5126480,12189,2316,70.1,68.5
637,4,11,1,97.7,57021,34815,9946,16377897,18140507,39427836,6891733,6971,6243,42.1,36.3
638,4,11,2,39.9,48281,21658,4365,16724540,18140507,39427836,6891733,3882,2138,50.2,70.5
639,4,11,3,77.2,60036,29511,13724,10904616,18140507,39427836,6891733,3141,3398,64.2,53.1
640,4,11,4,93.7,56578,29250,10049,11560687,18140507,39427836,6891733,4810,4363,55.2,81.8
641,4,11,5,61.4,164886,110282,25985,17448667,18140507,39427836,6891733,22521,3753,59.8,100.0
642,4,11,6,81.8,102798,68430,22370,16768393,18140507,39427836,6891733,12306,7870,47.6,62.0
643,4,12,1,69.2,42837,25676,7801,7749203,10166345,22154521,3111304,5049,4599,56.3,42.0
644,4,12,2,87.4,106491,94833,16042,6159481,10166345,22154521,3111304,13385,4894,51.2,50.1
645,4,12,3,52.0,102088,55106,10853,7517472,10166345,22154521,3111304,6669,1982,58.2,68.5
646,4,12,4,63.2,95153,80532,20617,7792989,10166345,22154521,3111304,13582,8039,56.7,82.6
647,4,12,5,65.6,93793,83261,22260,9483609,10166345,22154521,3111304,7132,6992,34.3,61.6
648,4,12,6,68.8,101562,40683,13155,6876707,10166345,22154521,3111304,9688,3396,71.3,55.8
649,4,13,1,43.5,92460,46332,11669,15710296,24013149,53573907,10088639,5755,2962,56.9,47.8
650,4,13,2,74.1,137698,110218,33713,15622898,24013149,53573907,10088639,21874,16707,85.7,53.2
651,4,13,3,90.8,127598,64628,16997,15545013,24013149,53573907,10088639,11516,4406,94.4,56.9
652,4,13,4,40.8,80257,67586,21102,15031310,24013149,53573907,10088639,16805,10944,47.3,64.1
653,4,13,5,70.0,110623,74240,25412,19400352,24013149,53573907,10088639,7978,11411,82.9,80.6
654,4,13,6,97.6,230421,119032,17312,22515144,24013149,53573907,10088639,24413,5229,65.2,34.1
655,4,14,1,61.6,86398,48670,9230,34430945,36140522,75633506,15251958,9449,3544,61.4,72.2
656,4,14,2,61.6,178231,95512,27828,26365107,36140522,75633506,15251958,11606,7455,58.0,49.4
657,4,14,3,80.7,87115,67074,10102,27529568,36140522,75633506,15251958,5543,6430,65.8,46.8
658,4,14,4,77.4,161396,140900,18798,34573424,36140522,75633506,15251958,30611,21641,42.5,39.7
659,4,14,5,45.4,274623,152539,44794,27313735,36140522,75633506,15251958,36737,12928,55.1,29.1
660,4,14,6,38.2,259906,129260,13295,29246908,36140522,75633506,15251958,30535,12767,58.5,62.0
661,4,15,1,66.7,2621,2132,721,648395,762358,1726487,314330,260,364,58.8,71.3
662,4,15,2,42.7,2825,1949,577,718500,762358,1726487,314330,291,321,87.6,42.8
663,4,15,3,86.0,7693,4820,1605,493789,762358,1726487,314330,325,740,56.1,39.2
664,4,15,4,75.6,4990,3087,480,702918,762358,1726487,314330,648,429,55.1,55.1
665,4,15,5,39.9,2693,2112,428,514613,762358,1726487,314330,156,305,66.9,61.6
666,4,15,6,65.1,3518,2311,554,654759,762358,1726487,314330,448,163,39.1,36.7
667,4,16,1,56.5,3009,2530,256,775368,947028,1927865,352317,548,238,40.8,22.4
668,4,16,2,82.7,8355,7229,1766,740973,947028,1927865,352317,1653,1081,50.2,41.5
669,4,16,3,83.5,3541,2694,825,827002,947028,1927865,352317,628,317,35.0,45.4
670,4,16,4,68.4,4128,3664,991,576035,947028,1927865,352317,561,408,26.5,50.7
671,4,16,5,97.6,7959,4012,635,854572,947028,1927865,352317,792,298,83.0,56.9
672,4,16,6,80.9,7830,29102,840,924923,947028,1927865,352317,581,229,66.5,75.3
673,4,17,1,52.3,2838,1670,402,329426,356058,753164,123454,175,247,36.6,16.5
674,4,17,2,76.3,800,635,116,298837,356058,753164,123454,37,31,37.2,67.4
675,4,17,3,80.1,2825,2245,278,325231,356058,753164,123454,537,172,51.4,25.7
676,4,17,4,71.8,2650,1432,490,271245,356058,753164,123454,99,208,44.8,44.2
677,4,17,5,51.8,668,396,113,321296,356058,753164,123454,87,12,49.0,39.8
678,4,17,6,76.3,775,690,89,335590,356058,753164,123454,51,110,46.2,50.3
679,4,18,1,39.9,6111,3318,1032,489517,555689,1336401,267166,373,451,26.8,45.7
680,4,18,2,60.1,4326,3493,1134,462024,555689,1336401,267166,738,358,39.8,28.8
681,4,18,3,75.8,5700,3579,662,466144,555689,1336401,267166,496,401,44.0,60.3
682,4,18,4,56.1,44638,1408,205,531615,555689,1336401,267166,313,243,37.6,52.5
683,4,18,5,57.0,4707,3741,1186,371722,555689,1336401,267166,844,599,13.2,82.7
684,4,18,6,80.8,3179,2815,608,505175,555689,1336401,267166,396,486,44.5,54.8
685,4,19,1,70.2,103055,91389,12638,10600144,11723393,28236534,4456501,21866,10124,48.5,58.8
686,4,19,2,76.5,94579,57561,15606,10196796,11723393,28236534,4456501,11739,6970,14.8,25.8
687,4,19,3,82.6,56514,30781,10428,9235009,11723393,28236534,4456501,2154,5527,69.7,16.1
688,4,19,4,82.4,97355,78662,18822,7814014,11723393,28236534,4456501,16588,7446,44.7,32.9
689,4,19,5,84.6,33225,27465,4776,7584396,11723393,28236534,4456501,3141,1281,29.0,36.1
690,4,19,6,95.1,25612,13298,4329,9364294,11723393,28236534,4456501,1831,2091,28.7,78.3
691,4,20,1,90.4,84409,53347,13179,6054577,7548890,18523271,3102356,9461,7331,53.8,96.5
692,4,20,2,73.0,41181,23260,4555,4642259,7548890,18523271,3102356,1965,3305,47.2,62.0
693,4,20,3,60.3,83492,29511,8318,6233055,7548890,18523271,3102356,13299,1877,53.3,77.7
694,4,20,4,46.8,21900,12130,1620,5068348,7548890,18523271,3102356,1220,627,44.1,12.7
695,4,20,5,59.7,55240,37218,12470,6515677,7548890,18523271,3102356,3596,2378,52.9,19.8
696,4,20,6,59.1,63746,33696,9331,5110650,7548890,18523271,3102356,8321,2804,52.2,15.8
697,4,21,1,36.8,116979,91437,22177,13826802,22381373,48616962,11065066,18743,6361,63.8,43.7
698,4,21,2,51.5,167018,143547,42043,21763672,22381373,48616962,11065066,20910,19406,39.4,71.9
699,4,21,3,55.4,42078,25975,3222,19874017,22381373,48616962,11065066,5095,1775,33.6,45.4
700,4,21,4,70.8,82975,43421,8990,16118107,22381373,48616962,11065066,4254,2684,71.5,45.4
701,4,21,5,70.4,184605,150502,17738,18264775,22381373,48616962,11065066,13203,23545,50.2,44.1
702,4,21,6,84.1,219782,182835,63003,19528755,22381373,48616962,11065066,16307,30500,92.4,24.1
703,4,22,1,97.8,358,301,61,145617,170998,423775,78019,50,10,42.3,70.7
704,4,22,2,55.4,405,263,45,157046,170998,423775,78019,16,40,68.7,90.6
705,4,22,3,42.0,963,768,90,135453,170998,423775,78019,44,46,75.8,52.5
706,4,22,4,57.2,1769,1566,175,133490,170998,423775,78019,332,111,80.3,65.6
707,4,22,5,76.0,1545,901,129,112754,170998,423775,78019,218,104,45.8,34.0
708,4,22,6,38.0,350,178,19,159210,170998,423775,78019,15,13,58.2,62.7
709,4,23,1,79.4,188272,122552,26560,14475663,21729416,47339233,10633205,6303,7223,48.4,53.8
710,4,23,2,41.5,107228,89264,24354,21171874,21729416,47339233,10633205,15964,10287,40.6,37.9
711,4,23,3,65.3,194535,92151,28863,18203909,21729416,47339233,10633205,17797,8707,61.1,84.8
712,4,23,4,83.0,60305,46653,8926,19515118,21729416,47339233,10633205,4835,3794,39.6,67.6
713,4,23,5,92.7,198068,83531,15664,18757077,21729416,47339233,10633205,16641,2943,74.0,81.7
714,4,23,6,79.3,232952,97528,18977,15013895,21729416,47339233,10633205,18082,14124,37.5,64.7
715,4,24,1,86.1,73011,37305,6078,8920350,10796780,22154100,3321891,3313,2597,42.9,32.5
716,4,24,2,79.2,50470,35839,7946,7494863,10796780,22154100,3321891,8887,6385,18.8,63.2
717,4,24,3,82.1,67682,32464,7168,8318923,10796780,22154100,3321891,3742,1841,23.9,41.6
718,4,24,4,63.6,108973,93387,10452,9885225,10796780,22154100,3321891,8744,13238,69.8,82.2
719,4,24,5,48.4,91804,53988,11678,8943128,10796780,22154100,3321891,4811,3990,55.4,26.8
720,4,24,6,70.6,115586,74923,12645,9676998,10796780,22154100,3321891,9084,4345,60.3,42.3
721,4,25,1,88.4,45262,6572,1075,1034769,1174929,2533825,377684,403,1122,32.0,73.3
722,4,25,2,70.4,11330,8302,2292,988916,1174929,2533825,377684,980,832,47.2,61.9
723,4,25,3,36.6,6205,4491,652,872992,1174929,2533825,377684,827,384,59.0,57.9
724,4,25,4,66.6,2776,1628,418,817404,1174929,2533825,377684,125,266,58.5,69.2
725,4,25,5,41.2,2564,1857,627,854314,1174929,2533825,377684,393,323,48.2,61.5
726,4,25,6,63.0,10174,5641,1875,801824,1174929,2533825,377684,920,595,54.3,17.8
727,4,26,1,98.8,326686,172532,23020,39579797,62144431,141395458,31038876,13412,23333,31.5,70.3
728,4,26,2,40.6,147029,60047,8963,6631720,62144431,141395458,31038876,3747,8163,49.4,38.8
729,4,26,3,42.7,137003,84100,17468,38046696,62144431,141395458,31038876,4326,5218,31.6,49.0
730,4,26,4,88.9,44638,160584,24182,55794389,62144431,141395458,31038876,16162,23059,52.7,100.0
731,4,26,5,38.8,181021,119887,20090,37356421,62144431,141395458,31038876,20322,18406,58.6,72.3
732,4,26,6,78.6,139793,118787,40474,55805358,62144431,141395458,31038876,12047,12106,68.7,47.4
733,4,27,1,59.8,32066,15763,2937,3821741,4873533,11117551,1785149,2162,2654,75.8,60.8
734,4,27,2,91.5,48472,43040,10570,3380364,4873533,11117551,1785149,4256,6293,36.0,21.0
735,4,27,3,83.7,17649,11176,3571,3528485,4873533,11117551,1785149,1999,1972,35.4,29.5
736,4,27,4,38.0,11768,8858,2423,3776386,4873533,11117551,1785149,1647,617,49.9,28.7
737,4,27,5,50.1,59037,29527,4099,4412219,4873533,11117551,1785149,3332,3132,60.7,30.9
738,4,27,6,44.5,10226,5445,1642,4324392,4873533,11117551,1785149,862,533,42.5,18.1
739,4,28,1,37.9,91105,41179,7122,22684376,29076776,57005894,10012769,5434,4387,58.0,77.6
740,4,28,2,57.1,44152,151834,30499,21544048,29076776,57005894,10012769,19307,20360,63.7,35.2
741,4,28,3,67.1,294799,137407,46011,24647495,29076776,57005894,10012769,12963,23844,45.0,57.7
742,4,28,4,46.9,112132,97534,17872,25862000,29076776,57005894,10012769,19053,3522,70.1,74.4
743,4,28,5,70.9,263112,149765,29293,18263493,29076776,57005894,10012769,25261,16996,53.4,73.8
744,4,28,6,49.1,193636,100349,10626,26914493,29076776,57005894,10012769,18969,7254,46.8,74.1
745,4,29,1,45.9,42620,29447,2684,6319198,8581261,20257423,3593590,3937,3679,78.2,85.7
746,4,29,2,75.3,68326,61182,8755,6631720,8581261,20257423,3593590,3928,8970,59.8,75.9
747,4,29,3,88.9,65329,53830,9542,5602257,8581261,20257423,3593590,7946,6802,30.5,40.4
748,4,29,4,72.3,92951,47428,15319,6803281,8581261,20257423,3593590,4795,8363,73.1,79.2
749,4,29,5,64.8,98220,60895,14963,7635650,8581261,20257423,3593590,13167,1884,50.2,22.2
750,4,29,6,64.1,59497,39115,10287,5354919,8581261,20257423,3593590,3372,3726,58.5,67.8
751,4,30,1,41.7,31936,13113,1414,3036231,3655973,8014756,1353970,1612,561,75.5,24.1
752,4,30,2,45.2,23493,12357,1997,2812444,3655973,8014756,1353970,1008,975,33.2,31.5
753,4,30,3,93.3,16381,11518,2612,3357399,3655973,8014756,1353970,2094,739,59.6,30.1
754,4,30,4,65.1,7233,3124,688,2724210,3655973,8014756,1353970,208,488,55.6,63.4
755,4,30,5,85.1,11620,6545,717,2903750,3655973,8014756,1353970,1307,1060,57.4,81.4
756,4,30,6,49.3,18848,8159,2560,6613341,3655973,8014756,1353970,1658,520,49.9,72.9
757,4,31,1,77.0,45262,236,49,55473,73739,178812,40186,19,38,70.3,55.7
758,4,31,2,66.0,777,614,151,66674,73739,178812,40186,53,21,40.8,58.1
759,4,31,3,86.0,814,510,126,46709,73739,178812,40186,31,58,34.6,61.4
760,4,31,4,59.6,832,421,45,71988,73739,178812,40186,33,46,56.0,52.6
761,4,31,5,72.1,543,252,32,57280,73739,178812,40186,26,45,50.2,59.8
762,4,31,6,36.1,307,209,58,47035,73739,178812,40186,48,26,47.4,59.4
763,4,32,1,82.1,2046,1640,513,322360,446009,857176,120905,147,203,79.3,52.8
764,4,32,2,38.8,2885,2058,531,272593,446009,857176,120905,510,317,75.4,22.6
765,4,32,3,54.3,3502,2538,300,313775,446009,857176,120905,480,443,66.3,65.9
766,4,32,4,71.2,1032,755,216,336279,446009,857176,120905,157,57,44.8,78.5
767,4,32,5,44.6,3559,2505,650,290488,446009,857176,120905,338,429,30.5,51.0
768,4,32,6,94.8,1534,904,310,309029,446009,857176,120905,112,112,38.4,38.5
769,5,1,1,61.3,132092,92439,25289,10056651,14302981,33298824,4974738,13542,14197,63.3,75.6
770,5,1,2,44.9,134093,54796,11037,6631720,14302981,33298824,4974738,8055,8708,43.5,69.7
771,5,1,3,64.9,31576,14002,3653,8695234,14302981,33298824,4974738,2504,1886,36.4,47.4
772,5,1,4,76.3,54597,37270,9504,11927605,14302981,33298824,4974738,2680,3771,84.1,74.9
773,5,1,5,90.5,114596,93154,23474,11716670,14302981,33298824,4974738,19158,15009,72.8,40.4
774,5,1,6,43.4,156748,117723,26897,13244008,14302981,33298824,4974738,9234,13442,42.4,49.5
775,5,2,1,86.9,1719,29447,143,453512,474330,977768,209516,158,110,49.9,34.1
776,5,2,2,52.4,3048,1477,259,420150,474330,977768,209516,198,129,62.0,83.8
777,5,2,3,97.6,1671,912,254,449653,474330,977768,209516,132,125,79.5,71.1
778,5,2,4,38.4,2783,1863,323,370013,474330,977768,209516,221,306,66.5,56.8
779,5,2,5,38.6,1667,875,252,454525,474330,977768,209516,206,134,57.4,41.3
780,5,2,6,90.6,44526,2490,501,333255,474330,977768,209516,525,228,44.6,70.8
781,5,3,1,79.5,87156,45892,11283,7306685,9344905,20192030,3890454,7435,1843,75.5,90.1
782,5,3,2,86.9,28135,15083,4280,8196635,9344905,20192030,3890454,3719,1743,34.4,48.9
783,5,3,3,67.0,89553,72758,23081,8913674,9344905,20192030,3890454,13588,3032,35.4,100.0
784,5,3,4,89.6,64472,52102,7257,6690069,9344905,20192030,3890454,5874,3742,70.7,35.7
785,5,3,5,39.9,66121,57522,11921,7566649,9344905,20192030,3890454,8268,5453,59.4,65.2
786,5,3,6,57.6,42763,18707,5369,7563722,9344905,20192030,3890454,1925,1200,39.3,45.9
787,5,4,1,55.3,189654,125182,29826,28637502,30482040,69148367,11450169,21553,16550,58.7,64.0
788,5,4,2,51.7,313690,270758,92201,29002186,30482040,69148367,11450169,59005,43229,43.0,26.0
789,5,4,3,37.4,136432,100700,20937,26326893,30482040,69148367,11450169,24358,16977,70.1,70.9
790,5,4,4,69.8,102959,69182,19778,6690069,30482040,69148367,11450169,12152,8543,54.3,22.8
791,5,4,5,93.2,354995,222260,45654,21710244,30482040,69148367,11450169,15585,37797,40.9,32.3
792,5,4,6,35.8,219545,187955,35042,26830092,30482040,69148367,11450169,32348,16873,32.0,27.7
793,5,5,1,38.7,21073,13815,4798,6872559,7121537,16489259,2576692,2627,1854,63.9,53.3
794,5,5,2,51.9,38159,30787,7150,4712460,7121537,16489259,2576692,2157,2158,40.2,67.9
795,5,5,3,80.4,46862,32498,3444,6054900,7121537,16489259,2576692,3596,1353,43.5,54.0
796,5,5,4,88.6,75229,30956,7095,5621595,7121537,16489259,2576692,2619,3870,68.2,48.4
797,5,5,5,67.5,66768,44710,15322,4424441,7121537,16489259,2576692,6295,3175,48.2,52.2
798,5,5,6,35.8,70485,57147,17852,4518744,7121537,16489259,2576692,14256,5750,51.0,84.5
799,5,6,1,36.8,3344,2757,317,274445,415841,949652,192994,229,474,41.4,31.8
800,5,6,2,97.3,4081,2251,677,260031,415841,949652,192994,481,235,69.2,78.0
801,5,6,3,87.4,2454,1607,353,253358,415841,949652,192994,372,91,78.0,69.6
802,5,6,4,75.3,2912,2327,298,260426,415841,949652,192994,378,97,47.8,39.2
803,5,6,5,81.4,2216,1755,226,359042,415841,949652,192994,208,167,44.6,69.8
804,5,6,6,51.2,3479,1870,235,379466,415841,949652,192994,317,233,42.7,60.8
805,5,7,1,65.1,137714,70172,8712,13420003,20416957,39429686,5634415,15655,4384,50.4,31.3
806,5,7,2,86.6,113743,56270,10267,17847913,20416957,39429686,5634415,10906,4690,20.5,73.5
807,5,7,3,69.7,47803,79706,18091,16115562,20416957,39429686,5634415,17033,10213,84.3,26.9
808,5,7,4,80.1,143310,88406,15031,19051854,20416957,39429686,5634415,13736,12872,78.9,62.5
809,5,7,5,68.0,169556,80021,26373,19731982,20416957,39429686,5634415,11220,2918,86.0,44.8
810,5,7,6,90.3,180420,161610,40406,16996960,20416957,39429686,5634415,30884,7367,38.1,62.0
811,5,8,1,87.6,24419,18819,6390,6404036,8138333,17447842,3191523,4110,1977,54.9,55.4
812,5,8,2,58.9,35831,16855,3114,5326681,8138333,17447842,3191523,1477,2287,41.2,56.1
813,5,8,3,42.3,64779,49287,9759,6006485,8138333,17447842,3191523,10186,8188,57.7,63.5
814,5,8,4,57.2,83361,64597,10282,6913130,8138333,17447842,3191523,7223,3170,29.8,60.8
815,5,8,5,74.9,79228,48974,8207,6505068,8138333,17447842,3191523,11709,5550,33.8,85.9
816,5,8,6,56.0,61051,51041,14215,6442730,8138333,17447842,3191523,5961,4045,32.7,50.3
817,5,9,1,47.9,15730,10781,3018,1397560,1866724,4200027,906008,1751,1495,39.9,83.6
818,5,9,2,43.3,6634,3960,825,1522698,1866724,4200027,906008,401,615,47.9,76.5
819,5,9,3,91.7,9267,6452,1739,1259566,1866724,4200027,906008,1611,364,21.9,67.0
820,5,9,4,87.2,6726,3250,508,1544729,1866724,4200027,906008,521,376,33.6,36.5
821,5,9,5,53.9,11941,5864,1336,1306580,1866724,4200027,906008,1016,355,33.6,63.3
822,5,9,6,64.7,8229,6962,1884,1527540,1866724,4200027,906008,818,860,36.8,34.7
823,5,10,1,44.5,43150,21711,2317,7549094,10491205,23545335,5346430,4152,1648,65.4,80.9
824,5,10,2,66.5,26642,15545,3224,8944427,10491205,23545335,5346430,3565,649,65.6,50.6
825,5,10,3,45.3,108264,91109,20208,7658202,10491205,23545335,5346430,6323,9182,25.7,100.0
826,5,10,4,69.3,54837,31930,10678,8572456,10491205,23545335,5346430,4203,5140,91.2,47.9
827,5,10,5,80.7,109010,55675,15884,9627226,10491205,23545335,5346430,7596,7675,44.0,53.2
828,5,10,6,74.8,23979,17561,3493,7032139,10491205,23545335,5346430,2639,1396,66.4,31.1
829,5,11,1,41.7,186696,132141,36285,11082221,16272649,37654400,7306647,18698,10345,40.2,53.2
830,5,11,2,37.5,88196,43558,10895,11059282,16272649,37654400,7306647,10711,7722,58.6,80.3
831,5,11,3,36.7,169910,125870,38641,12753986,16272649,37654400,7306647,23354,18256,63.4,61.6
832,5,11,4,39.6,142846,58103,7193,12511430,16272649,37654400,7306647,10093,8477,78.8,71.8
833,5,11,5,57.1,155299,28710,25220,14383214,16272649,37654400,7306647,9672,16051,41.1,74.1
834,5,11,6,57.4,147297,90147,18667,14910392,16272649,37654400,7306647,16163,15880,37.1,51.4
835,5,12,1,39.6,45262,39920,7405,7149790,10393598,19717589,4598493,9403,4964,41.3,62.6
836,5,12,2,67.2,44152,50286,13890,7429394,10393598,19717589,4598493,9940,5615,66.0,49.5
837,5,12,3,68.2,39806,34956,5663,6910451,10393598,19717589,4598493,3679,3783,35.3,82.1
838,5,12,4,95.4,26923,23796,6664,8703750,10393598,19717589,4598493,3161,1232,68.9,63.3
839,5,12,5,94.4,34202,15635,3294,7213593,10393598,19717589,4598493,1388,693,53.5,59.6
840,5,12,6,74.3,64852,45324,8279,6841036,10393598,19717589,4598493,10104,5250,58.7,67.5
841,5,13,1,75.2,164180,71359,21879,15281960,21064045,52199234,9725721,5920,10345,32.1,36.8
842,5,13,2,35.6,176552,129691,43472,15827195,21064045,52199234,9725721,17242,17863,39.9,52.0
843,5,13,3,93.3,47803,29511,26453,18702432,21064045,52199234,9725721,24527,13603,36.2,48.6
844,5,13,4,97.8,199614,80419,20528,12842732,21064045,52199234,9725721,6215,9390,32.8,57.3
845,5,13,5,77.0,195290,127960,35669,19963173,21064045,52199234,9725721,28246,16157,79.9,74.6
846,5,13,6,74.0,221263,118186,21744,16682711,21064045,52199234,9725721,16536,5838,43.0,72.1
847,5,14,1,90.3,118221,74497,20655,30102969,33011540,73661071,11427990,6138,8641,30.6,67.5
848,5,14,2,52.8,252189,183667,60805,21014608,33011540,73661071,11427990,38440,29580,38.7,58.2
849,5,14,3,63.6,215469,115974,31828,25571153,33011540,73661071,11427990,21419,19474,47.1,56.2
850,5,14,4,64.0,285534,199430,65162,25537678,33011540,73661071,11427990,23558,17001,37.6,30.2
851,5,14,5,96.8,199067,108912,26781,25140731,33011540,73661071,11427990,13544,6613,61.3,32.3
852,5,14,6,35.8,172503,89833,17373,25893679,33011540,73661071,11427990,20163,15851,48.2,46.6
853,5,15,1,47.1,4883,3414,931,791070,922016,1747679,317616,189,582,67.4,57.5
854,5,15,2,40.9,7776,4801,1291,685133,922016,1747679,317616,522,501,50.2,100.0
855,5,15,3,70.2,8331,3381,815,595793,922016,1747679,317616,552,513,41.1,47.6
856,5,15,4,92.4,2369,1879,526,887876,922016,1747679,317616,367,277,54.3,79.6
857,5,15,5,81.2,7860,4035,1303,854038,922016,1747679,317616,670,159,56.9,59.6
858,5,15,6,52.6,9209,4374,480,714034,922016,1747679,317616,337,304,57.9,75.5
859,5,16,1,47.5,4168,2321,589,621837,872935,1995147,417097,304,136,50.4,92.9
860,5,16,2,55.2,7831,6513,990,798627,872935,1995147,417097,1354,1052,41.2,31.8
861,5,16,3,55.3,6394,4168,839,825333,872935,1995147,417097,259,364,40.9,57.8
862,5,16,4,69.6,9898,7080,813,824309,872935,1995147,417097,1674,961,60.3,53.4
863,5,16,5,43.5,3321,1885,458,831362,872935,1995147,417097,303,143,48.5,78.2
864,5,16,6,94.8,9773,8214,1089,527110,872935,1995147,417097,591,1042,38.6,43.5
865,5,17,1,98.0,2795,1749,205,218497,354196,713557,125697,153,203,43.8,58.8
866,5,17,2,93.6,976,392,108,228512,354196,713557,125697,43,35,15.4,28.9
867,5,17,3,46.8,3567,29511,488,263710,354196,713557,125697,511,172,27.5,47.1
868,5,17,4,88.0,684,514,103,328387,354196,713557,125697,38,69,61.5,48.8
869,5,17,5,56.2,915,755,117,292215,354196,713557,125697,80,120,52.0,22.7
870,5,17,6,39.2,2982,1490,513,315044,354196,713557,125697,107,153,63.5,64.8
871,5,18,1,51.5,5790,2847,363,492788,604612,1258809,282608,539,128,52.1,66.2
872,5,18,2,96.1,2911,1466,264,429036,604612,1258809,282608,114,99,64.6,26.8
873,5,18,3,48.8,2939,1811,428,445099,604612,1258809,282608,423,270,60.0,69.9
874,5,18,4,60.0,3711,1546,175,370051,604612,1258809,282608,271,259,82.9,20.3
875,5,18,5,44.3,4993,2312,723,439515,604612,1258809,282608,183,205,46.4,41.4
876,5,18,6,51.5,4056,2374,699,536823,604612,1258809,282608,219,153,61.2,56.4
877,5,19,1,45.5,132077,112656,35321,9860076,11984748,25674098,5848371,26777,17392,45.5,41.7
878,5,19,2,61.9,49992,37759,5696,9809126,11984748,25674098,5848371,5895,6386,58.5,43.9
879,5,19,3,60.4,73978,50318,9865,8602718,11984748,25674098,5848371,3018,7101,49.8,72.1
880,5,19,4,85.3,69018,42549,12926,11147823,11984748,25674098,5848371,8171,7157,41.9,63.2
881,5,19,5,70.2,86117,57184,7260,7413233,11984748,25674098,5848371,8855,4603,63.1,58.0
882,5,19,6,64.3,124540,61345,7037,11253308,11984748,25674098,5848371,8575,3257,25.9,51.8
883,5,20,1,82.3,52613,22615,3689,6937854,8879143,18158719,3420653,3161,2454,52.2,16.5
884,5,20,2,81.4,36582,20087,4318,8581882,8879143,18158719,3420653,4840,3004,52.4,73.1
885,5,20,3,47.7,50946,32097,8035,7541457,8879143,18158719,3420653,4586,1759,38.3,35.5
886,5,20,4,90.4,41046,34525,7703,7250500,8879143,18158719,3420653,4919,2878,42.0,71.4
887,5,20,5,76.0,28032,16360,3438,6810037,8879143,18158719,3420653,1546,2660,47.2,59.0
888,5,20,6,41.9,89915,74147,24167,6654119,8879143,18158719,3420653,15997,5352,49.9,91.7
889,5,21,1,52.5,112295,52748,15814,18934973,19977730,49147342,10218888,7476,5201,50.4,60.3
890,5,21,2,95.1,131306,111626,19595,18606753,19977730,49147342,10218888,19184,15488,22.1,72.5
891,5,21,3,73.5,216824,134852,28570,18347236,19977730,49147342,10218888,15153,8929,68.8,57.7
892,5,21,4,54.7,49416,25568,2637,18330436,19977730,49147342,10218888,3747,2350,61.1,55.1
893,5,21,5,47.3,87082,39490,4385,19228324,19977730,49147342,10218888,6766,2478,28.8,54.0
894,5,21,6,53.6,166498,105302,16030,12411070,19977730,49147342,10218888,8644,16989,86.2,56.5
895,5,22,1,75.5,926,575,143,169674,190920,406729,93606,92,29,85.2,67.4
896,5,22,2,85.2,1422,1164,325,124925,190920,406729,93606,193,170,54.4,51.9
897,5,22,3,75.2,1794,812,256,141937,190920,406729,93606,71,45,43.8,44.0
898,5,22,4,91.1,1110,764,88,130252,190920,406729,93606,42,96,15.6,58.4
899,5,22,5,57.8,670,289,53,154792,190920,406729,93606,50,21,39.9,76.9
900,5,22,6,91.2,945,578,103,156774,190920,406729,93606,66,89,41.3,72.2
901,5,23,1,74.2,164959,75250,24714,21344471,22031836,43526323,9399690,6441,13168,62.2,25.7
902,5,23,2,61.3,176722,112707,12269,20546663,22031836,43526323,9399690,18081,5983,48.7,40.3
903,5,23,3,53.2,67235,29511,4346,15404067,22031836,43526323,9399690,5998,2918,56.6,63.9
904,5,23,4,54.6,118351,61245,6973,20664550,22031836,43526323,9399690,12140,2313,92.4,69.6
905,5,23,5,43.1,143964,104459,29788,19146307,22031836,43526323,9399690,12970,6886,76.5,38.0
906,5,23,6,62.7,92794,39183,6062,16898048,22031836,43526323,9399690,1961,2795,7.1,39.3
907,5,24,1,59.8,58603,47725,6211,11020365,11879019,22194701,4195015,3573,4714,60.0,94.2
908,5,24,2,57.7,69478,37704,12727,10953895,11879019,22194701,4195015,3167,3230,54.0,40.6
909,5,24,3,96.5,74316,60290,7117,6585097,11879019,22194701,4195015,7062,10000,30.9,50.8
910,5,24,4,68.6,95037,62088,18854,8178398,11879019,22194701,4195015,10863,7819,64.7,61.8
911,5,24,5,59.5,42060,35426,12299,8789587,11879019,22194701,4195015,5741,3997,55.9,85.4
912,5,24,6,49.8,20357,12696,3120,9523049,11879019,22194701,4195015,1733,1235,45.3,41.6
913,5,25,1,39.8,4762,3749,952,694586,1001762,2411023,571539,812,238,25.0,78.5
914,5,25,2,42.4,2473,1310,302,735476,1001762,2411023,571539,125,40,42.0,82.9
915,5,25,3,79.6,2251,1874,364,883481,1001762,2411023,571539,422,334,25.9,79.7
916,5,25,4,91.1,6719,3339,865,681259,1001762,2411023,571539,404,307,7.4,65.8
917,5,25,5,58.5,3907,2413,366,707805,1001762,2411023,571539,400,391,59.6,62.8
918,5,25,6,97.3,4863,3350,921,956011,1001762,2411023,571539,479,257,59.0,60.4
919,5,26,1,63.6,614811,552833,180392,42759816,61959648,137755576,21004056,96463,25655,55.4,69.3
920,5,26,2,63.8,661265,546648,172568,55778344,61959648,137755576,21004056,110998,67032,55.5,56.7
921,5,26,3,42.6,139666,113308,25454,53534963,61959648,137755576,21004056,10640,4620,25.9,65.7
922,5,26,4,60.8,281203,145544,27418,50311966,61959648,137755576,21004056,14327,21451,61.8,86.0
923,5,26,5,90.6,243648,171304,35665,47137505,61959648,137755576,21004056,39891,18300,33.8,35.0
924,5,26,6,77.3,572884,288459,97361,42268300,61959648,137755576,21004056,22874,34550,38.3,7.7
925,5,27,1,96.9,38104,24675,7279,4916246,5519896,11419110,2156265,5062,2157,23.9,69.1
926,5,27,2,40.0,24067,17910,5085,3404589,5519896,11419110,2156265,1207,1866,87.0,71.6
927,5,27,3,49.8,29297,15005,2242,4940062,5519896,11419110,2156265,1258,2066,58.7,0.0
928,5,27,4,73.4,49414,30281,5100,5193275,5519896,11419110,2156265,7052,1161,32.6,71.5
929,5,27,5,54.5,52766,36962,5249,4669936,5519896,11419110,2156265,3270,5916,41.3,42.2
930,5,27,6,90.5,12846,9475,1102,5390966,5519896,11419110,2156265,742,1385,51.9,57.2
931,5,28,1,85.6,235982,155649,50018,19472274,26943612,58819878,12672148,27164,16031,40.9,0.0
932,5,28,2,82.6,86941,63719,16609,24745420,26943612,58819878,12672148,12907,6986,76.9,47.2
933,5,28,3,68.1,253042,182944,23477,19300789,26943612,58819878,12672148,17074,23041,49.1,60.9
934,5,28,4,44.6,44638,49095,14291,17672251,26943612,58819878,12672148,9292,8021,53.6,50.4
935,5,28,5,57.8,147971,96208,31991,16484791,26943612,58819878,12672148,19329,6297,24.8,39.9
936,5,28,6,47.6,69011,49974,6331,16401611,26943612,58819878,12672148,10785,2324,58.4,53.3
937,5,29,1,40.5,34488,26626,6868,8567552,9563571,20332515,3131677,3431,3543,57.3,79.4
938,5,29,2,73.2,24955,21808,3596,6239275,9563571,20332515,3131677,1153,2817,29.2,56.5
939,5,29,3,56.7,52720,33580,4719,6711597,9563571,20332515,3131677,2561,5500,56.7,20.8
940,5,29,4,96.7,17751,13391,1426,8705408,9563571,20332515,3131677,3308,2309,37.7,50.6
941,5,29,5,92.4,32807,26284,8920,7246307,9563571,20332515,3131677,1683,3179,68.5,52.4
942,5,29,6,48.5,36579,30355,4987,9230194,9563571,20332515,3131677,6081,4657,64.5,100.0
943,5,30,1,91.4,11410,6949,958,2698647,3336587,8181191,1406832,1331,671,64.5,87.5
944,5,30,2,37.7,18035,27048,3209,2525264,3336587,8181191,1406832,1048,1422,47.1,57.8
945,5,30,3,63.2,26911,10779,3062,2731348,3336587,8181191,1406832,1514,721,40.6,69.5
946,5,30,4,70.5,15454,28870,983,2976084,3336587,8181191,1406832,767,621,63.7,69.1
947,5,30,5,62.4,7210,5048,1078,2461074,3336587,8181191,1406832,468,725,60.0,24.2
948,5,30,6,73.9,25378,13665,3936,2251991,3336587,8181191,1406832,3273,2416,49.9,83.2
949,5,31,1,45.4,358,152,26,55355,78565,179390,30008,29,16,3.7,81.2
950,5,31,2,49.6,352,260,53,71438,78565,179390,30008,61,37,59.5,41.5
951,5,31,3,64.9,573,378,85,76235,78565,179390,30008,38,40,18.4,34.1
952,5,31,4,78.8,323,156,25,60098,78565,179390,30008,32,26,59.8,48.8
953,5,31,5,70.5,547,295,56,52531,78565,179390,30008,51,19,53.1,12.7
954,5,31,6,78.2,475,359,68,66349,78565,179390,30008,46,34,36.6,83.7
955,5,32,1,43.0,3303,1716,355,354474,392980,895252,174223,188,204,43.1,25.2
956,5,32,2,58.2,3644,1478,410,259594,392980,895252,174223,125,72,56.5,98.7
957,5,32,3,50.2,2327,1321,321,292255,392980,895252,174223,109,196,50.2,25.4
958,5,32,4,83.5,2532,2145,421,294280,392980,895252,174223,261,110,53.5,46.1
959,5,32,5,89.9,951,529,67,373201,392980,895252,174223,39,44,64.0,56.4
960,5,32,6,78.8,1403,776,267,335822,392980,895252,174223,131,37,4.2,71.7
961,6,1,1,57.0,29801,26345,6251,10434308,14802489,32735145,7254228,6370,4509,60.2,70.3
962,6,1,2,92.4,145672,65258,19904,10518155,14802489,32735145,7254228,11198,10220,48.3,56.7
963,6,1,3,52.3,47753,20257,2664,11865355,14802489,32735145,7254228,2911,3505,46.1,68.9
964,6,1,4,65.2,75100,58050,19427,13607304,14802489,32735145,7254228,8708,5623,56.3,67.9
965,6,1,5,55.2,44553,28710,6278,13483876,14802489,32735145,7254228,5066,1491,21.7,54.1
966,6,1,6,93.4,30761,29102,4050,12137628,14802489,32735145,7254228,1841,1903,47.1,69.8
967,6,2,1,88.0,1717,762,106,315910,452083,892122,144991,170,111,32.1,31.2
968,6,2,2,50.5,2308,1552,461,291688,452083,892122,144991,350,214,84.3,66.2
969,6,2,3,78.4,1336,535,78,280784,452083,892122,144991,94,79,64.8,69.3
970,6,2,4,65.2,1365,992,217,309860,452083,892122,144991,59,170,68.9,45.7
971,6,2,5,67.4,4781,3911,416,421454,452083,892122,144991,805,341,65.5,51.1
972,6,2,6,68.6,4223,3258,603,330926,452083,892122,144991,231,436,63.6,61.8
973,6,3,1,62.2,43747,21048,6942,6200578,8902288,21535598,4299243,3070,2497,54.2,55.4
974,6,3,2,63.7,39649,27352,6448,5780653,8902288,21535598,4299243,1609,1099,55.5,61.0
975,6,3,3,41.2,38137,18878,6165,8098131,8902288,21535598,4299243,1473,3191,47.2,100.0
976,6,3,4,91.8,85725,52998,14231,5470960,8902288,21535598,4299243,4562,5987,65.5,61.2
977,6,3,5,58.3,44707,33188,6631,8046284,8902288,21535598,4299243,6353,4213,72.4,36.4
978,6,3,6,91.4,49308,44176,14512,7507280,8902288,21535598,4299243,10707,1570,39.6,39.8
979,6,4,1,83.5,72087,29447,15908,29539222,35503639,73904141,11994114,8009,6109,43.5,57.7
980,6,4,2,49.0,124202,60331,17497,21415295,35503639,73904141,11994114,13410,10377,41.5,41.1
981,6,4,3,55.5,122527,96784,18709,33912265,35503639,73904141,11994114,13817,5755,53.4,86.6
982,6,4,4,83.7,127723,68121,16842,33637329,35503639,73904141,11994114,15084,6186,43.0,61.9
983,6,4,5,59.2,90799,56011,12242,22767674,35503639,73904141,11994114,12065,4311,73.6,79.2
984,6,4,6,87.9,209510,184544,61744,28882117,35503639,73904141,11994114,42245,32444,74.8,29.9
985,6,5,1,49.9,19713,15495,2349,5801656,7292005,16242885,3939663,3502,1148,86.6,34.3
986,6,5,2,57.9,44152,44259,4805,6695901,7292005,16242885,3939663,3118,6530,35.5,51.9
987,6,5,3,80.2,86076,66235,6874,5093761,7292005,16242885,3939663,7216,5220,83.5,69.5
988,6,5,4,63.8,41816,22573,2552,4695455,7292005,16242885,3939663,1882,3348,100.0,18.9
989,6,5,5,39.4,36135,28518,3978,5492256,7292005,16242885,3939663,2850,951,70.6,60.4
990,6,5,6,57.3,40634,28735,4138,6092713,7292005,16242885,3939663,6621,4268,50.8,96.1
991,6,6,1,82.9,4040,3617,501,314199,413658,918163,205502,440,528,66.9,13.9
992,6,6,2,64.5,852,431,129,327761,413658,918163,205502,51,58,46.9,26.0
993,6,6,3,53.8,1427,1273,343,277151,413658,918163,205502,173,105,43.6,17.9
994,6,6,4,42.8,4055,28870,482,288764,413658,918163,205502,222,214,17.2,89.4
995,6,6,5,39.9,3714,3125,543,375992,413658,918163,205502,513,173,32.7,51.6
996,6,6,6,83.2,3488,1864,342,332225,413658,918163,205502,292,329,43.7,59.7
997,6,7,1,86.4,205255,110077,34975,14064406,19344740,38869732,8145826,14846,17368,54.5,15.0
998,6,7,2,79.5,57300,36066,4535,14916156,19344740,38869732,8145826,7116,4118,45.9,35.8
999,6,7,3,63.9,68651,48224,15484,14671431,19344740,38869732,8145826,5220,2292,58.8,13.6
1000,6,7,4,82.7,63786,28870,14298,16001573,19344740,38869732,8145826,6076,3620,48.0,49.1
1001,6,7,5,35.9,196503,116454,14632,13109460,19344740,38869732,8145826,6494,17335,32.9,80.6
1002,6,7,6,53.3,124218,92251,9470,17191442,19344740,38869732,8145826,19524,12071,69.4,76.4
1003,6,8,1,94.7,75236,33113,4050,4759119,7449411,16738232,2566811,3117,1720,56.5,66.3
1004,6,8,2,57.3,36809,17625,2076,6415749,7449411,16738232,2566811,3909,1069,37.3,53.6
1005,6,8,3,38.2,32766,14544,1733,5026180,7449411,16738232,2566811,1796,1273,47.4,54.1
1006,6,8,4,80.5,55522,23882,3140,4599601,7449411,16738232,2566811,1250,2492,37.2,20.2
1007,6,8,5,36.5,46167,18741,6208,4790052,7449411,16738232,2566811,2868,2398,42.8,38.3
1008,6,8,6,91.9,25442,19798,4211,5294028,7449411,16738232,2566811,3565,1395,80.4,63.1
1009,6,9,1,90.5,8539,6291,1678,1511511,1842416,4129211,971373,1308,670,74.9,52.2
1010,6,9,2,50.1,16331,8101,1875,1265244,1842416,4129211,971373,1766,1190,39.3,50.3
1011,6,9,3,40.9,16739,7162,2388,1471200,1842416,4129211,971373,1615,1271,40.0,34.4
1012,6,9,4,97.8,7938,4136,642,1692183,1842416,4129211,971373,839,369,42.7,37.5
1013,6,9,5,39.5,16976,14820,2068,1346930,1842416,4129211,971373,1241,2625,67.3,43.8
1014,6,9,6,63.5,11023,5247,690,1143819,1842416,4129211,971373,972,395,60.6,38.0
1015,6,10,1,95.2,54575,24231,8349,6616824,10332566,24106613,4345034,2592,2583,63.6,34.1
1016,6,10,2,40.6,114766,89107,10680,9878840,10332566,24106613,4345034,7189,12459,42.3,68.6
1017,6,10,3,64.7,64787,42748,8190,9794127,10332566,24106613,4345034,4123,1845,49.0,57.9
1018,6,10,4,88.5,112319,28870,9403,10121392,10332566,24106613,4345034,14387,13357,43.2,87.3
1019,6,10,5,84.1,101293,28710,11635,7140229,10332566,24106613,4345034,11152,8274,72.3,28.0
1020,6,10,6,42.1,70540,29102,14524,9937487,10332566,24106613,4345034,9123,9899,44.8,36.3
1021,6,11,1,83.5,82175,39899,10326,12099322,16596015,39910868,5735152,9007,2315,41.3,85.0
1022,6,11,2,42.4,95331,71137,10585,13350350,16596015,39910868,5735152,5048,2637,67.4,79.8
1023,6,11,3,45.4,67979,32435,7365,11455315,16596015,39910868,5735152,7662,2283,27.1,71.3
1024,6,11,4,39.9,83664,50261,15334,10341316,16596015,39910868,5735152,9797,2525,43.7,52.2
1025,6,11,5,45.7,124562,82620,9135,15422578,16596015,39910868,5735152,10345,6661,36.1,39.8
1026,6,11,6,61.4,87060,46496,13839,12132508,16596015,39910868,5735152,10726,3389,61.4,43.5
1027,6,12,1,59.7,62541,25172,3912,8999693,9747795,20427994,3300875,1546,2807,43.4,79.3
1028,6,12,2,60.6,34271,17164,5657,8039225,9747795,20427994,3300875,2117,1312,53.1,55.9
1029,6,12,3,50.8,24847,9992,2818,7580777,9747795,20427994,3300875,1873,835,44.5,47.2
1030,6,12,4,69.2,98065,76419,25936,6562343,9747795,20427994,3300875,4603,13166,29.3,29.7
1031,6,12,5,72.8,30364,26861,8527,5860656,9747795,20427994,3300875,3179,3180,41.9,21.0
1032,6,12,6,39.9,61078,46292,10444,6009876,9747795,20427994,3300875,2619,5112,49.9,49.3
1033,6,13,1,52.0,72276,58427,15277,13903615,21418313,48476587,8927173,13166,3551,38.7,63.3
1034,6,13,2,91.8,61595,36853,8298,13000851,21418313,48476587,8927173,4341,5566,63.6,35.6
1035,6,13,3,85.9,80231,55262,16464,20241070,21418313,48476587,8927173,7951,6472,76.4,56.9
1036,6,13,4,94.3,226827,100199,22437,17389726,21418313,48476587,8927173,19928,6197,66.7,46.0
1037,6,13,5,49.5,107599,93493,20342,13929447,21418313,48476587,8927173,7442,12799,53.2,30.6
1038,6,13,6,56.7,49010,41243,4943,15213705,21418313,48476587,8927173,2667,2579,67.6,90.0
1039,6,14,1,93.1,279911,126380,34873,27983160,33711203,75205288,16721871,6939,14971,58.9,11.3
1040,6,14,2,79.4,323373,254815,62213,25139175,33711203,75205288,16721871,51888,16174,0.0,18.3
1041,6,14,3,83.4,368702,296065,76352,32009897,33711203,75205288,16721871,73990,36575,63.4,52.1
1042,6,14,4,38.8,44638,56662,19205,29621442,33711203,75205288,16721871,8721,6601,57.5,44.2
1043,6,14,5,74.7,197465,89730,25906,23112564,33711203,75205288,16721871,5531,8650,60.3,63.1
1044,6,14,6,51.0,182655,118057,21796,23262289,33711203,75205288,16721871,18197,17396,52.1,2.9
1045,6,15,1,96.5,2726,2082,388,631624,798880,1799141,348044,415,321,50.4,50.8
1046,6,15,2,37.4,4788,3201,759,606035,798880,1799141,348044,616,499,62.4,61.1
1047,6,15,3,73.5,7494,6003,1001,641794,798880,1799141,348044,422,679,53.2,49.5
1048,6,15,4,49.4,6490,3137,1081,584573,798880,1799141,348044,755,518,70.7,49.1
1049,6,15,5,49.9,5202,2935,301,616421,798880,1799141,348044,515,249,62.5,49.8
1050,6,15,6,74.0,5916,3769,843,674206,798880,1799141,348044,346,635,28.1,69.6
1051,6,16,1,83.4,8981,6943,881,881310,1003854,2023760,284148,1483,1208,100.0,59.3
1052,6,16,2,55.6,3955,3266,554,872677,1003854,2023760,284148,191,278,72.8,87.1
1053,6,16,3,59.1,8180,5319,799,742850,1003854,2023760,284148,1239,469,70.0,60.1
1054,6,16,4,49.9,6819,5416,1556,620156,1003854,2023760,284148,1227,884,89.1,55.8
1055,6,16,5,36.9,10118,5473,915,640063,1003854,2023760,284148,1120,854,42.5,12.1
1056,6,16,6,93.1,9527,5515,815,882566,1003854,2023760,284148,654,908,49.3,67.3
1057,6,17,1,61.7,3413,2958,921,234146,325405,684948,138913,734,387,49.3,72.0
1058,6,17,2,51.3,2919,1434,219,201812,325405,684948,138913,101,153,27.4,84.0
1059,6,17,3,74.4,622,422,66,273669,325405,684948,138913,76,47,70.8,84.4
1060,6,17,4,49.4,2222,1484,291,303259,325405,684948,138913,242,45,37.7,15.2
1061,6,17,5,87.5,3530,2869,697,205679,325405,684948,138913,572,141,35.8,71.3
1062,6,17,6,42.1,3346,2597,893,257213,325405,684948,138913,136,171,53.2,53.1
1063,6,18,1,79.2,1577,1365,323,324847,532309,1222445,262398,277,138,37.0,28.5
1064,6,18,2,65.0,5464,4789,1665,358114,532309,1222445,262398,1148,605,26.6,45.5
1065,6,18,3,44.9,3021,2064,718,389771,532309,1222445,262398,224,371,60.3,34.4
1066,6,18,4,64.1,2971,1812,527,414556,532309,1222445,262398,451,274,47.6,53.9
1067,6,18,5,58.7,3425,2127,384,349750,532309,1222445,262398,529,287,22.2,73.0
1068,6,18,6,73.9,5855,4897,933,456154,532309,1222445,262398,278,325,65.7,47.6
1069,6,19,1,36.6,45262,36347,8740,8567023,12793879,25674280,6353904,4859,5927,52.7,57.6
1070,6,19,2,41.2,87006,54914,7614,9010652,12793879,25674280,6353904,12131,5589,84.9,83.3
1071,6,19,3,74.2,76443,31153,6029,8137896,12793879,25674280,6353904,6826,4573,45.7,58.0
1072,6,19,4,68.1,90290,67681,20019,10413984,12793879,25674280,6353904,13498,3347,53.7,61.0
1073,6,19,5,48.8,87053,37280,7931,8307452,12793879,25674280,6353904,4666,3647,51.7,66.9
1074,6,19,6,98.6,88264,51100,17469,9715218,12793879,25674280,6353904,12688,8929,34.9,21.1
1075,6,20,1,45.5,57468,30633,3502,6585997,8335522,18326057,3219164,5138,5365,56.1,30.7
1076,6,20,2,49.0,18664,10963,1826,7904674,8335522,18326057,3219164,2023,371,55.9,49.6
1077,6,20,3,84.7,65293,40653,14070,5238055,8335522,18326057,3219164,2272,6324,46.7,47.0
1078,6,20,4,47.4,79993,60290,16234,6331038,8335522,18326057,3219164,4708,9925,100.0,50.5
1079,6,20,5,86.4,29938,25150,2962,5677413,8335522,18326057,3219164,6056,1725,69.8,73.2
1080,6,20,6,62.1,36456,19326,5223,7218954,8335522,18326057,3219164,3802,901,0.0,33.2
1081,6,21,1,63.6,182435,93333,28068,18463762,22013960,49193992,6610501,11319,5113,76.1,87.1
1082,6,21,2,97.4,166555,27048,10391,14525754,22013960,49193992,6610501,13211,6275,52.9,44.4
1083,6,21,3,49.6,113633,60529,9374,19269462,22013960,49193992,6610501,7990,6242,38.4,34.9
1084,6,21,4,57.4,214755,185351,39469,20211677,22013960,49193992,6610501,21344,29102,62.7,60.0
1085,6,21,5,51.9,215346,147967,49186,17372473,22013960,49193992,6610501,10031,20341,100.0,66.1
1086,6,21,6,35.3,131848,93721,30387,13843679,22013960,49193992,6610501,5102,5298,28.4,37.4
1087,6,22,1,71.7,1114,899,281,108294,174704,407572,79221,99,145,50.4,87.0
1088,6,22,2,68.7,1196,546,164,134555,174704,407572,79221,126,17,62.4,100.0
1089,6,22,3,97.5,775,458,142,112734,174704,407572,79221,89,30,77.4,71.8
1090,6,22,4,54.6,900,556,66,170209,174704,407572,79221,46,43,37.5,65.1
1091,6,22,5,58.6,1353,28710,141,147958,174704,407572,79221,80,83,45.3,78.2
1092,6,22,6,56.5,1335,1105,176,106661,174704,407572,79221,99,132,75.3,73.9
1093,6,23,1,97.2,99279,56329,10165,16831044,22899652,44124643,7104925,6079,9607,31.5,66.3
1094,6,23,2,74.1,85174,43475,13027,16022163,22899652,44124643,7104925,3014,1425,45.1,82.8
1095,6,23,3,50.9,103974,75624,21078,16824134,22899652,44124643,7104925,10577,6032,63.7,87.6
1096,6,23,4,90.5,208812,180823,37000,22019493,22899652,44124643,7104925,13808,13096,48.9,72.0
1097,6,23,5,71.9,109923,65224,8330,19269677,22899652,44124643,7104925,4406,11628,56.5,78.9
1098,6,23,6,90.0,98728,45817,14730,17376351,22899652,44124643,7104925,7024,5347,30.1,64.1
1099,6,24,1,93.7,76952,39234,8883,10390731,11839000,22080772,3404919,5597,6083,51.7,14.5
1100,6,24,2,76.7,71844,32475,7789,9550064,11839000,22080772,3404919,1656,1889,60.2,49.1
1101,6,24,3,69.6,25931,10524,3154,7503082,11839000,22080772,3404919,995,1356,33.5,43.9
1102,6,24,4,65.3,86747,37152,7652,8928554,11839000,22080772,3404919,3304,1703,9.7,45.7
1103,6,24,5,82.6,62727,43916,6311,9221835,11839000,22080772,3404919,10190,4362,73.4,20.2
1104,6,24,6,73.9,73561,38601,11300,9655620,11839000,22080772,3404919,2565,4507,41.1,63.3
1105,6,25,1,46.9,3179,1567,219,870953,1129311,2449899,332346,280,54,67.9,70.3
1106,6,25,2,60.0,9859,8022,1315,820845,1129311,2449899,332346,1780,1413,47.0,88.9
1107,6,25,3,39.0,4436,2768,829,750422,1129311,2449899,332346,455,225,29.8,51.2
1108,6,25,4,64.7,7658,5100,732,874446,1129311,2449899,332346,886,463,48.6,55.6
1109,6,25,5,55.0,5079,2451,363,736937,1129311,2449899,332346,346,179,48.3,44.9
1110,6,25,6,75.6,10558,5312,1220,915197,1129311,2449899,332346,431,866,50.1,59.3
1111,6,26,1,85.2,516707,447980,145029,47976235,63643920,135277555,29427504,25312,14700,65.4,63.8
1112,6,26,2,98.4,383749,215171,60857,49996002,63643920,135277555,29427504,33491,13811,64.4,36.8
1113,6,26,3,49.3,190341,76651,12918,50648116,63643920,135277555,29427504,14383,11186,51.7,65.6
1114,6,26,4,63.7,495725,429166,84790,52674022,63643920,135277555,29427504,63762,65342,69.7,55.2
1115,6,26,5,36.3,453804,289951,87735,56972368,63643920,135277555,29427504,47476,21076,66.3,42.9
1116,6,26,6,64.2,577908,349973,84503,40953532,63643920,135277555,29427504,22020,32759,78.3,42.4
1117,6,27,1,94.6,34155,29456,6604,3903991,5094070,11878155,2335251,7239,1968,78.4,45.0
1118,6,27,2,53.8,34221,28994,3291,4108403,5094070,11878155,2335251,2225,3642,18.6,58.3
1119,6,27,3,89.6,37923,28709,5847,3432878,5094070,11878155,2335251,7015,2150,58.2,61.0
1120,6,27,4,90.8,25037,10955,1873,4023277,5094070,11878155,2335251,2188,1161,39.5,69.0
1121,6,27,5,49.3,25082,28710,4701,4978132,5094070,11878155,2335251,2463,2283,59.6,77.1
1122,6,27,6,72.6,19096,9536,1701,4233679,5094070,11878155,2335251,2243,1313,53.5,53.1
1123,6,28,1,87.3,290525,180178,56768,25789115,27953900,57278588,12616081,28142,15948,21.8,1.2
1124,6,28,2,87.3,225275,178024,27168,21923402,27953900,57278588,12616081,31217,21633,26.3,53.4
1125,6,28,3,43.1,191640,29511,28517,18750972,27953900,57278588,12616081,24072,13249,50.2,60.5
1126,6,28,4,90.0,70184,30691,6829,21872289,27953900,57278588,12616081,4557,5390,98.6,52.1
1127,6,28,5,42.4,51694,26362,3801,26415811,27953900,57278588,12616081,5874,1754,63.7,54.6
1128,6,28,6,77.1,156523,91012,9624,21352411,27953900,57278588,12616081,8072,5092,70.6,28.3
1129,6,29,1,94.6,49497,29509,7601,8393773,8583647,18473611,3027263,3293,4779,49.9,63.1
1130,6,29,2,72.4,44152,30213,9362,6798613,8583647,18473611,3027263,6233,3127,67.2,62.6
1131,6,29,3,59.3,97746,59685,8557,7155721,8583647,18473611,3027263,4738,4080,58.0,79.0
1132,6,29,4,84.4,26241,20357,3112,5429183,8583647,18473611,3027263,2796,883,48.4,33.9
1133,6,29,5,47.1,73558,37927,5557,7674158,8583647,18473611,3027263,9313,3072,55.1,95.8
1134,6,29,6,45.8,96399,49327,11134,7263921,8583647,18473611,3027263,11494,8799,52.7,68.6
1135,6,30,1,51.5,17351,13681,2312,3667212,3941147,7828969,1278534,1038,1968,30.3,65.7
1136,6,30,2,95.9,44152,19657,3977,2867086,3941147,7828969,1278534,2059,2647,31.9,98.0
1137,6,30,3,53.8,9308,4408,537,3062088,3941147,7828969,1278534,899,326,29.3,52.8
1138,6,30,4,37.5,13222,10321,2213,2590100,3941147,7828969,1278534,2265,746,57.4,56.4
1139,6,30,5,83.6,19568,9903,2787,6665596,3941147,7828969,1278534,972,825,30.0,59.2
1140,6,30,6,58.9,25164,10911,3694,3527940,3941147,7828969,1278534,845,641,75.6,50.5
1141,6,31,1,49.6,876,659,90,74616,88466,173112,39097,148,75,40.1,61.5
1142,6,31,2,76.9,165,73,15,59545,88466,173112,39097,8,5,69.4,72.1
1143,6,31,3,77.3,503,230,47,70144,88466,173112,39097,25,39,60.9,49.6
1144,6,31,4,42.0,235,106,12,64651,88466,173112,39097,10,10,27.4,79.6
1145,6,31,5,71.9,598,495,64,70658,88466,173112,39097,42,87,47.5,86.4
1146,6,31,6,42.6,673,558,69,71483,88466,173112,39097,77,62,52.7,44.5
1147,6,32,1,48.7,3304,2017,377,318097,431392,830289,126971,323,340,5.3,58.8
1148,6,32,2,42.8,2181,1657,257,292085,431392,830289,126971,94,163,62.9,66.4
1149,6,32,3,63.8,1407,837,244,340490,431392,830289,126971,188,73,74.6,89.8
1150,6,32,4,99.0,3954,3547,1233,415553,431392,830289,126971,523,489,17.0,63.4
1151,6,32,5,91.4,2391,1275,331,375376,431392,830289,126971,125,107,50.9,45.4
1152,6,32,6,49.9,4010,1986,568,317449,431392,830289,126971,249,322,32.0,60.4
1153,7,1,1,60.9,90973,45657,13804,9530339,13527566,33525249,7383321,9591,3077,64.9,100.0
1154,7,1,2,77.8,83110,49089,11454,11770027,13527566,33525249,7383321,5651,4853,12.5,70.6
1155,7,1,3,88.6,153513,107250,31617,12995591,13527566,33525249,7383321,19264,11061,70.9,35.3
1156,7,1,4,95.3,60571,26445,6578,12456046,13527566,33525249,7383321,4098,3614,44.2,51.8
1157,7,1,5,44.5,151438,79547,13235,12396006,13527566,33525249,7383321,8864,9929,24.0,100.0
1158,7,1,6,53.1,33950,15143,4092,10444725,13527566,33525249,7383321,3551,2554,59.8,71.8
1159,7,2,1,37.0,2183,1562,432,262429,421474,912626,154590,345,169,74.4,56.5
1160,7,2,2,77.0,4381,2206,428,336542,421474,912626,154590,436,207,41.0,72.2
1161,7,2,3,57.1,2216,1900,447,301096,421474,912626,154590,453,179,60.8,42.5
1162,7,2,4,91.5,4428,3723,1152,294341,421474,912626,154590,255,122,48.3,65.2
1163,7,2,5,56.7,1309,527,106,321488,421474,912626,154590,117,42,41.6,33.9
1164,7,2,6,45.3,1632,785,268,342051,421474,912626,154590,94,66,52.6,68.2
1165,7,3,1,96.3,95406,57029,9733,9431995,9706438,19984901,3773910,10237,3227,50.4,51.5
1166,7,3,2,41.0,39734,31278,6225,7759632,9706438,19984901,3773910,3651,5621,34.7,80.7
1167,7,3,3,42.6,90313,74039,19491,8440333,9706438,19984901,3773910,5917,8594,50.0,45.2
1168,7,3,4,89.5,76943,63395,17726,5975486,9706438,19984901,3773910,7649,5825,34.2,55.0
1169,7,3,5,52.6,38731,22420,3369,7506779,9706438,19984901,3773910,4946,1477,68.5,68.8
1170,7,3,6,72.8,102868,60568,11703,6584023,9706438,19984901,3773910,12252,3738,48.3,67.7
1171,7,4,1,76.5,236952,118257,37930,32726031,34206045,76256370,16184097,26251,9212,20.6,71.2
1172,7,4,2,94.7,257496,210293,72494,24542154,34206045,76256370,16184097,34177,21967,11.7,49.4
1173,7,4,3,73.9,79687,34073,9782,28433869,34206045,76256370,16184097,4863,5436,25.1,58.3
1174,7,4,4,48.6,342161,173828,40285,29205512,34206045,76256370,16184097,36137,12343,37.8,23.9
1175,7,4,5,50.3,216531,134883,30213,24793662,34206045,76256370,16184097,30035,7826,63.4,67.8
1176,7,4,6,86.3,81999,52955,17891,25608360,34206045,76256370,16184097,10384,8624,68.5,85.2
1177,7,5,1,36.6,45262,38918,4290,5437737,7189013,17878610,2905652,5941,4159,59.3,46.5
1178,7,5,2,77.9,22460,17033,5582,5809205,7189013,17878610,2905652,920,3026,74.7,92.1
1179,7,5,3,58.6,66951,53090,17820,5904256,7189013,17878610,2905652,12925,4357,50.8,54.2
1180,7,5,4,78.8,28070,16462,5509,4442128,7189013,17878610,2905652,2194,2594,43.6,35.3
1181,7,5,5,69.3,80441,48980,5128,5088313,7189013,17878610,2905652,7177,7227,69.4,53.3
1182,7,5,6,70.0,15937,11225,1825,6608976,7189013,17878610,2905652,2004,1030,68.5,77.8
1183,7,6,1,73.8,2576,1876,447,311559,479876,949573,135943,338,105,42.3,58.6
1184,7,6,2,79.7,3824,2608,742,362071,479876,949573,135943,380,362,53.9,26.6
1185,7,6,3,71.4,4460,3771,599,299698,479876,949573,135943,345,415,71.3,59.9
1186,7,6,4,41.6,1835,1210,252,440812,479876,949573,135943,259,38,40.5,68.0
1187,7,6,5,91.0,3660,28710,510,375987,479876,949573,135943,323,69,20.6,55.7
1188,7,6,6,70.3,4088,2527,727,469784,479876,949573,135943,590,121,61.3,48.0
1189,7,7,1,61.8,71682,64058,15944,12392413,17653536,42778314,7830287,14284,10045,68.9,38.5
1190,7,7,2,84.8,64731,41627,4860,11421635,17653536,42778314,7830287,7627,4483,43.8,79.5
1191,7,7,3,62.4,74648,64273,21784,10828429,17653536,42778314,7830287,7662,3699,17.7,44.6
1192,7,7,4,91.4,210381,150686,44543,13067645,17653536,42778314,7830287,34104,16083,25.8,54.2
1193,7,7,5,64.3,154338,83942,25507,16430127,17653536,42778314,7830287,9795,14552,43.6,83.7
1194,7,7,6,97.7,158663,73001,17523,17008555,17653536,42778314,7830287,11579,8770,44.8,23.0
1195,7,8,1,96.8,76676,36257,4445,6599213,7740842,17326102,3905722,4157,5600,82.7,17.9
1196,7,8,2,69.5,50432,44747,9777,6359888,7740842,17326102,3905722,2621,6228,73.1,71.7
1197,7,8,3,98.1,60558,35240,6822,6366927,7740842,17326102,3905722,2224,6279,51.0,77.5
1198,7,8,4,53.4,38519,21737,7377,5604140,7740842,17326102,3905722,4198,2347,45.0,86.7
1199,7,8,5,39.7,54960,41370,7803,5658934,7740842,17326102,3905722,2622,3067,27.4,50.3
1200,7,8,6,74.9,28606,23840,3662,6083443,7740842,17326102,3905722,5640,3643,45.6,81.4
1201,7,9,1,78.5,16757,14339,1698,1742448,1787603,4569288,623673,1392,614,57.4,21.8
1202,7,9,2,46.0,12313,7994,1137,1130657,1787603,4569288,623673,1458,721,60.5,48.4
1203,7,9,3,80.6,7134,3383,421,1509485,1787603,4569288,623673,555,539,38.7,46.5
1204,7,9,4,51.1,12573,9421,2457,1501702,1787603,4569288,623673,1487,661,58.0,64.5
1205,7,9,5,76.0,15485,9832,2671,1381950,1787603,4569288,623673,2024,430,57.2,31.4
1206,7,9,6,37.5,4466,3351,431,1298334,1787603,4569288,623673,197,461,54.5,15.9
1207,7,10,1,56.6,104383,77656,18207,7604126,10504844,22681613,4772205,17606,6218,72.0,36.9
1208,7,10,2,63.0,89464,41873,14580,7982231,10504844,22681613,4772205,7806,5651,90.9,28.9
1209,7,10,3,50.1,55541,27615,4007,9429070,10504844,22681613,4772205,6106,2284,58.0,41.8
1210,7,10,4,67.3,78675,50703,9290,8562929,10504844,22681613,4772205,6489,7760,70.5,51.5
1211,7,10,5,86.4,24629,21134,3417,10190758,10504844,22681613,4772205,1297,2029,54.7,44.1
1212,7,10,6,88.8,32356,15647,1842,7124135,10504844,22681613,4772205,2791,981,47.1,46.4
1213,7,11,1,42.1,172280,104983,20251,14049162,17372545,38872139,8833838,24083,17617,51.8,86.7
1214,7,11,2,71.5,155729,72207,8606,13119748,17372545,38872139,8833838,8676,9516,40.3,59.0
1215,7,11,3,86.1,106230,71502,22092,16692220,17372545,38872139,8833838,13024,5264,64.2,68.9
1216,7,11,4,54.8,37027,23204,4432,15442678,17372545,38872139,8833838,3852,1224,57.4,43.9
1217,7,11,5,82.0,137167,82050,22383,16616560,17372545,38872139,8833838,15918,13158,34.0,28.9
1218,7,11,6,85.5,54240,44938,8899,6613341,17372545,38872139,8833838,5111,2654,41.4,7.9
1219,7,12,1,51.8,93121,63947,10363,8330546,10005763,19926904,3724387,11577,7783,90.6,87.4
1220,7,12,2,44.8,45941,19334,2816,9680077,10005763,19926904,3724387,1122,2485,60.5,47.5
1221,7,12,3,73.5,58695,49134,11242,6576252,10005763,19926904,3724387,9804,8758,61.9,71.2
1222,7,12,4,52.9,21146,13181,2521,8971143,10005763,19926904,3724387,784,932,66.8,33.0
1223,7,12,5,60.0,54378,46009,10176,8384904,10005763,19926904,3724387,4267,2903,53.6,29.4
1224,7,12,6,94.0,103577,43151,6978,6053467,10005763,19926904,3724387,5671,6465,74.9,64.0
1225,7,13,1,59.8,66173,30274,4108,18214343,21180345,48015285,8127043,4829,4831,50.4,46.9
1226,7,13,2,75.0,218578,137035,36740,20251445,21180345,48015285,8127043,7583,4525,32.6,43.4
1227,7,13,3,48.0,156802,29511,21142,16403573,21180345,48015285,8127043,15768,17937,50.1,64.1
1228,7,13,4,83.5,252047,144773,48262,20204795,21180345,48015285,8127043,14050,25430,45.9,45.3
1229,7,13,5,57.7,234375,166523,45234,17262697,21180345,48015285,8127043,41605,17143,74.0,50.9
1230,7,13,6,67.3,101696,47916,14235,20068874,21180345,48015285,8127043,10866,5416,60.3,50.2
1231,7,14,1,79.2,361966,144847,26601,30456612,33292648,68250847,12498145,35249,5233,61.0,25.1
1232,7,14,2,91.3,272725,219893,36364,31363204,33292648,68250847,12498145,42299,25983,36.5,52.0
1233,7,14,3,64.1,207316,118659,37582,21786593,33292648,68250847,12498145,6987,20745,62.0,31.6
1234,7,14,4,98.6,293969,247678,57557,22312913,33292648,68250847,12498145,19648,17907,54.2,43.9
1235,7,14,5,91.9,247880,139539,42566,31831283,33292648,68250847,12498145,17590,23660,62.9,90.9
1236,7,14,6,94.0,185241,154567,31452,26876743,33292648,68250847,12498145,33291,25145,53.2,81.8
1237,7,15,1,76.8,7326,5540,554,552500,891668,1950851,395332,511,564,58.2,70.0
1238,7,15,2,50.9,7958,6508,2148,684104,891668,1950851,395332,1035,1014,88.4,26.8
1239,7,15,3,97.5,8619,3639,543,607348,891668,1950851,395332,202,382,66.0,81.1
1240,7,15,4,53.0,6171,5424,630,725620,891668,1950851,395332,1277,965,52.8,57.6
1241,7,15,5,49.8,2961,1956,325,700224,891668,1950851,395332,149,306,50.2,58.3
1242,7,15,6,41.5,5257,4358,512,683799,891668,1950851,395332,777,636,51.1,29.3
1243,7,16,1,40.9,3998,3006,816,714806,879999,2083451,303221,293,211,22.7,32.8
1244,7,16,2,94.9,9637,27048,1382,665835,879999,2083451,303221,621,442,64.6,25.1
1245,7,16,3,69.8,6285,5471,1437,582551,879999,2083451,303221,1312,241,76.6,85.9
1246,7,16,4,47.3,2789,1905,637,686317,879999,2083451,303221,351,107,34.0,58.3
1247,7,16,5,44.8,2037,824,169,653000,879999,2083451,303221,155,103,35.1,8.5
1248,7,16,6,48.4,8820,3605,652,576631,879999,2083451,303221,714,377,62.7,73.3
1249,7,17,1,91.8,45262,811,151,300965,318899,681686,114877,95,82,79.7,62.8
1250,7,17,2,61.0,693,603,66,250226,318899,681686,114877,72,24,20.9,92.6
1251,7,17,3,77.1,636,500,67,267316,318899,681686,114877,121,61,53.8,24.9
1252,7,17,4,69.4,1924,1323,350,6690069,318899,681686,114877,326,182,81.9,73.6
1253,7,17,5,51.6,769,515,70,199066,318899,681686,114877,122,87,70.3,48.2
1254,7,17,6,58.6,1563,1025,168,229403,318899,681686,114877,208,156,26.4,74.0
1255,7,18,1,66.75,1248,755,200,621340,651163,1220769,234511,43,43,75.9,44.1
1256,7,18,2,48.4,2960,1956,343,390776,651163,1220769,234511,187,288,53.3,39.3
1257,7,18,3,36.9,6529,2936,322,452460,651163,1220769,234511,156,165,41.5,44.1
1258,7,18,4,65.3,6220,3206,770,543590,651163,1220769,234511,646,309,49.9,60.6
1259,7,18,5,46.8,4949,4299,1345,617925,651163,1220769,234511,581,767,68.3,23.6
1260,7,18,6,86.3,3436,1394,179,6613341,651163,1220769,234511,286,172,60.3,31.3
1261,7,19,1,48.4,122289,66037,22921,10675628,11328516,26887845,5588203,6495,5236,46.5,98.7
1262,7,19,2,49.6,138443,105198,16699,9739857,11328516,26887845,5588203,22141,12987,45.9,41.5
1263,7,19,3,40.7,72334,29819,9911,9570530,11328516,26887845,5588203,6244,4167,58.2,46.3
1264,7,19,4,91.9,99453,63152,19903,7048568,11328516,26887845,5588203,11243,7110,52.9,48.1
1265,7,19,5,67.4,127905,63340,15882,10204667,11328516,26887845,5588203,7127,7642,78.4,65.7
1266,7,19,6,79.6,110907,84472,15548,8714070,11328516,26887845,5588203,9395,4128,36.9,79.5
1267,7,20,1,89.1,83706,52213,5401,5380101,8275481,17897600,3950658,2932,5484,45.9,91.5
1268,7,20,2,74.1,36655,17210,2736,5156424,8275481,17897600,3950658,3632,1438,24.6,28.1
1269,7,20,3,89.7,81151,43166,7062,6436470,8275481,17897600,3950658,8970,6594,29.2,47.5
1270,7,20,4,76.2,86610,53671,17345,6107770,8275481,17897600,3950658,12075,5589,87.3,67.9
1271,7,20,5,73.8,24300,14598,3539,7124939,8275481,17897600,3950658,3539,1073,52.4,28.1
1272,7,20,6,68.2,57526,44577,12213,6436935,8275481,17897600,3950658,8793,7570,44.8,23.4
1273,7,21,1,92.9,160198,115510,22808,17047967,23497675,47407303,8116742,9556,10046,21.5,0.0
1274,7,21,2,54.8,239757,195030,42465,16001314,23497675,47407303,8116742,13294,31861,40.9,71.3
1275,7,21,3,75.7,63176,53869,15324,20994850,23497675,47407303,8116742,13208,6968,53.6,38.1
1276,7,21,4,75.5,181226,77971,20869,18511510,23497675,47407303,8116742,7130,12076,43.8,42.7
1277,7,21,5,69.6,212919,111606,28427,22094177,23497675,47407303,8116742,18144,6797,40.0,56.5
1278,7,21,6,84.5,198161,143800,27973,20746750,23497675,47407303,8116742,12916,6298,64.1,58.4
1279,7,22,1,85.6,1973,1363,466,122247,177664,394256,68504,89,151,79.9,59.0
1280,7,22,2,57.5,1177,507,158,122158,177664,394256,68504,65,27,69.1,65.1
1281,7,22,3,87.9,2019,1340,370,148951,177664,394256,68504,108,143,40.5,65.4
1282,7,22,4,80.9,1943,1513,386,161251,177664,394256,68504,202,236,54.9,68.4
1283,7,22,5,81.9,1956,1492,353,124558,177664,394256,68504,229,52,45.9,59.8
1284,7,22,6,43.6,533,307,40,170795,177664,394256,68504,20,10,66.2,59.2
1285,7,23,1,46.2,200846,82345,10558,13991441,19199342,44796203,7550405,6549,10060,44.0,30.2
1286,7,23,2,87.2,76786,46089,12811,16162568,19199342,44796203,7550405,10404,6478,39.9,11.8
1287,7,23,3,83.5,133137,114550,33343,15531979,19199342,44796203,7550405,27514,7301,48.2,43.7
1288,7,23,4,62.9,39544,26410,8744,11903485,19199342,44796203,7550405,3053,1402,40.7,57.5
1289,7,23,5,68.9,209339,110673,19983,12482295,19199342,44796203,7550405,15827,4175,60.4,47.3
1290,7,23,6,39.7,202419,126175,18970,14673347,19199342,44796203,7550405,15723,14995,40.4,49.9
1291,7,24,1,41.0,90684,57292,13714,8455535,10822946,22997536,4766886,6097,6977,28.3,40.5
1292,7,24,2,89.6,23328,14439,3664,10153553,10822946,22997536,4766886,2289,2038,25.6,27.9
1293,7,24,3,61.1,62698,29054,8866,10480691,10822946,22997536,4766886,4403,1005,69.0,39.4
1294,7,24,4,83.4,100427,83156,13826,7161311,10822946,22997536,4766886,18528,12407,51.7,72.2
1295,7,24,5,72.0,72142,30166,10064,9550096,10822946,22997536,4766886,5430,3830,35.0,38.5
1296,7,24,6,53.2,44526,42659,8887,7087323,10822946,22997536,4766886,2664,4146,13.0,88.3
1297,7,25,1,44.1,10295,5243,645,989962,1058358,2336908,337637,402,606,80.0,49.9
1298,7,25,2,95.2,9650,6259,1634,773934,1058358,2336908,337637,1509,226,40.5,26.2
1299,7,25,3,70.7,11471,10165,2642,902076,1058358,2336908,337637,821,1630,66.5,81.1
1300,7,25,4,47.2,9857,5147,1091,861329,1058358,2336908,337637,1073,719,35.8,54.0
1301,7,25,5,86.7,2706,2426,487,786148,1058358,2336908,337637,374,278,50.2,75.0
1302,7,25,6,61.9,11803,10313,3465,970313,1058358,2336908,337637,603,1422,53.9,40.8
1303,7,26,1,75.2,332570,289170,33427,58730070,61997764,137908813,30351781,60899,13065,7.2,44.0
1304,7,26,2,37.1,142347,66377,9785,48998112,61997764,137908813,30351781,4967,6222,56.1,77.9
1305,7,26,3,61.4,172434,75541,18646,42219677,61997764,137908813,30351781,4962,12015,57.4,36.6
1306,7,26,4,70.1,676218,483061,137424,48638892,61997764,137908813,30351781,112512,31873,49.9,68.9
1307,7,26,5,56.1,159758,108734,35344,50574645,61997764,137908813,30351781,21357,13200,14.2,36.8
1308,7,26,6,68.2,536268,401116,77523,56076922,61997764,137908813,30351781,83663,47815,49.9,44.5
1309,7,27,1,81.0,14917,11656,3203,3929667,5638610,11643297,1707754,662,1507,62.5,78.2
1310,7,27,2,85.4,54422,26991,3372,3887188,5638610,11643297,1707754,6310,4548,54.0,42.5
1311,7,27,3,63.5,47803,6821,1128,4716125,5638610,11643297,1707754,1160,939,24.7,66.7
1312,7,27,4,68.9,51665,40946,13792,4770539,5638610,11643297,1707754,3585,3052,46.2,50.3
1313,7,27,5,74.0,57875,23949,3394,4231385,5638610,11643297,1707754,5788,1349,58.9,70.4
1314,7,27,6,79.2,19817,11567,3723,3538044,5638610,11643297,1707754,950,740,37.9,74.4
1315,7,28,1,96.9,60686,29447,12410,18873895,27317834,56168640,12340874,2762,6168,54.0,87.1
1316,7,28,2,65.1,281482,122897,21058,19209281,27317834,56168640,12340874,6948,8359,41.9,44.6
1317,7,28,3,69.3,285635,207084,62936,25097830,27317834,56168640,12340874,15511,23772,82.1,67.2
1318,7,28,4,80.1,128925,86435,21775,6690069,27317834,56168640,12340874,20422,15017,36.4,49.3
1319,7,28,5,96.0,218078,149385,32400,16676923,27317834,56168640,12340874,11998,10830,50.2,27.5
1320,7,28,6,58.1,83488,36539,5121,18798676,27317834,56168640,12340874,6092,1512,77.6,100.0
1321,7,29,1,98.7,43035,26298,5031,8616326,9004779,19214422,4444601,3263,2613,30.0,0.0
1322,7,29,2,91.7,63184,40015,13765,8300621,9004779,19214422,4444601,4983,3512,50.2,37.4
1323,7,29,3,44.5,51858,20802,6922,5741119,9004779,19214422,4444601,3424,1562,46.9,56.4
1324,7,29,4,61.2,47361,23220,3497,5476538,9004779,19214422,4444601,1296,2794,58.0,63.2
1325,7,29,5,54.5,23663,18407,3529,5429931,9004779,19214422,4444601,4089,2008,80.5,69.7
1326,7,29,6,61.5,29627,14965,3161,8167505,9004779,19214422,4444601,1340,2518,0.9,33.6
1327,7,30,1,79.1,9520,5755,1301,2810277,3659009,8007757,1461296,847,534,80.7,78.3
1328,7,30,2,83.9,29786,27048,7925,3121302,3659009,8007757,1461296,5045,1462,46.7,29.0
1329,7,30,3,78.2,15619,9988,1368,3311362,3659009,8007757,1461296,2373,645,54.5,43.2
1330,7,30,4,37.6,36820,19960,3720,2875349,3659009,8007757,1461296,4753,2988,34.8,55.4
1331,7,30,5,61.4,10288,5885,604,2503575,3659009,8007757,1461296,1425,597,45.0,60.8
1332,7,30,6,84.0,24079,17025,2259,2945010,3659009,8007757,1461296,3303,2030,93.2,46.8
1333,7,31,1,78.2,186,96,30,79747,89458,165535,32139,5,6,66.8,61.2
1334,7,31,2,39.0,735,518,146,55803,89458,165535,32139,76,34,76.9,38.1
1335,7,31,3,72.1,548,474,84,74427,89458,165535,32139,69,63,43.9,62.1
1336,7,31,4,63.2,725,508,114,6690069,89458,165535,32139,101,51,19.2,55.3
1337,7,31,5,58.4,261,148,20,64010,89458,165535,32139,32,10,39.3,31.6
1338,7,31,6,92.5,752,665,172,64629,89458,165535,32139,64,52,49.8,76.9
1339,7,32,1,79.4,4054,2936,436,323920,383603,903652,196549,464,116,30.5,65.5
1340,7,32,2,50.6,3832,1646,164,325166,383603,903652,196549,395,51,34.4,48.9
1341,7,32,3,98.3,2632,1793,450,244901,383603,903652,196549,421,228,26.5,37.0
1342,7,32,4,78.4,4171,2549,270,6690069,383603,903652,196549,497,192,96.6,47.7
1343,7,32,5,95.4,1901,1430,450,320580,383603,903652,196549,346,144,58.9,48.2
1344,7,32,6,41.0,1032,793,131,334497,383603,903652,196549,66,104,59.8,78.3
1345,8,1,1,98.4,124319,100956,12831,12170800,14936999,30819130,5571193,5203,9454,73.7,24.9
1346,8,1,2,82.8,126389,102808,32746,11334935,14936999,30819130,5571193,25512,4478,25.2,86.8
1347,8,1,3,70.7,147221,129054,17248,9622566,14936999,30819130,5571193,25998,11507,17.9,51.9
1348,8,1,4,47.2,40682,23097,3206,14259279,14936999,30819130,5571193,4442,1243,38.6,68.4
1349,8,1,5,44.4,112947,49340,13577,12507217,14936999,30819130,5571193,6221,1716,17.2,51.3
1350,8,1,6,64.1,44526,84940,10634,10443766,14936999,30819130,5571193,17057,10970,43.5,50.4
1351,8,2,1,62.5,1912,1087,291,404844,440053,954212,213463,192,122,38.4,35.0
1352,8,2,2,77.8,2393,1946,616,330095,440053,954212,213463,314,178,60.9,33.4
1353,8,2,3,67.6,4057,3424,928,6585097,440053,954212,213463,355,252,51.4,34.2
1354,8,2,4,92.1,3468,2976,325,426086,440053,954212,213463,664,218,57.4,66.1
1355,8,2,5,52.4,3452,1864,640,337542,440053,954212,213463,243,73,85.2,65.0
1356,8,2,6,42.0,4563,1852,446,322275,440053,954212,213463,338,223,39.1,54.9
1357,8,3,1,69.4,45262,26346,5754,5789502,9208525,20836260,4585368,5434,4483,56.2,65.8
1358,8,3,2,85.3,23273,12747,2033,6585049,9208525,20836260,4585368,1380,879,48.5,62.8
1359,8,3,3,64.9,72011,34635,9693,7652183,9208525,20836260,4585368,5332,1333,5.1,37.7
1360,8,3,4,35.3,19780,8999,3071,6238513,9208525,20836260,4585368,1028,1273,9.6,44.4
1361,8,3,5,36.8,73400,39061,7062,6568768,9208525,20836260,4585368,8222,2586,44.2,60.1
1362,8,3,6,54.3,63985,30239,4751,6351596,9208525,20836260,4585368,5881,2270,50.2,33.2
1363,8,4,1,41.8,93821,63064,21934,29327783,37298580,69089141,12774355,6753,6242,44.5,33.6
1364,8,4,2,51.4,248076,110941,19262,34484525,37298580,69089141,12774355,6812,14240,70.9,39.8
1365,8,4,3,84.8,282705,152934,15756,32605574,37298580,69089141,12774355,33853,23447,54.3,57.8
1366,8,4,4,43.8,86608,60448,7313,30547675,37298580,69089141,12774355,13558,3307,45.0,53.9
1367,8,4,5,39.6,129209,91342,25080,28692866,37298580,69089141,12774355,22251,13748,36.3,66.1
1368,8,4,6,58.4,162462,68674,15799,24875564,37298580,69089141,12774355,16771,9652,64.6,57.1
1369,8,5,1,89.2,21284,16009,2614,5087796,8194260,18015811,3938043,3219,510,86.2,57.7
1370,8,5,2,93.5,35610,29420,3005,6539587,8194260,18015811,3938043,3255,4160,53.3,49.0
1371,8,5,3,78.8,87365,41492,11309,5945233,8194260,18015811,3938043,10162,3187,82.7,89.3
1372,8,5,4,91.3,69308,32272,3522,6690069,8194260,18015811,3938043,1842,1644,45.4,70.4
1373,8,5,5,94.1,69326,47936,9251,7606435,8194260,18015811,3938043,2458,4825,21.0,95.5
1374,8,5,6,89.0,68765,57939,15371,6858684,8194260,18015811,3938043,9567,3891,22.6,35.2
1375,8,6,1,61.0,4627,3486,376,369296,422167,981545,193545,251,381,44.4,52.0
1376,8,6,2,69.0,2216,1634,469,339161,422167,981545,193545,265,167,50.2,55.6
1377,8,6,3,53.2,3031,2397,501,264026,422167,981545,193545,311,279,26.5,57.6
1378,8,6,4,96.4,2850,2309,282,281444,422167,981545,193545,324,161,38.7,66.2
1379,8,6,5,46.1,4377,2205,347,336972,422167,981545,193545,280,326,39.5,48.4
1380,8,6,6,80.2,3088,2005,536,359542,422167,981545,193545,226,129,13.5,54.6
1381,8,7,1,55.8,149741,101493,27073,15747186,18863307,41363538,9181417,13432,13493,59.0,52.6
1382,8,7,2,90.4,90549,72811,24275,15073054,18863307,41363538,9181417,6056,11626,60.3,65.5
1383,8,7,3,40.8,138592,120097,27086,14856497,18863307,41363538,9181417,11857,12444,82.8,97.9
1384,8,7,4,66.2,106781,79796,14833,13440955,18863307,41363538,9181417,6287,4702,56.7,46.7
1385,8,7,5,88.9,114839,52279,11340,13284358,18863307,41363538,9181417,2957,6825,70.2,32.0
1386,8,7,6,81.8,134568,103112,25609,16926127,18863307,41363538,9181417,8303,10575,35.3,43.8
1387,8,8,1,68.1,50657,24207,4474,6860978,7733862,17854902,3038149,2196,2411,52.3,63.9
1388,8,8,2,96.3,53790,42903,6230,5381893,7733862,17854902,3038149,10669,7625,61.0,81.7
1389,8,8,3,77.4,69003,45440,8418,6038044,7733862,17854902,3038149,10258,1772,44.5,45.9
1390,8,8,4,37.2,50730,26259,2626,6463644,7733862,17854902,3038149,4942,4535,32.0,68.8
1391,8,8,5,70.1,68277,48569,15214,6230949,7733862,17854902,3038149,2607,4867,48.0,63.9
1392,8,8,6,53.6,81195,69730,20256,7482492,7733862,17854902,3038149,15323,11251,60.0,89.0
1393,8,9,1,53.4,12043,5714,884,1303550,2131688,4590879,1004743,1309,281,63.7,62.0
1394,8,9,2,51.4,19587,12612,1586,1921704,2131688,4590879,1004743,3090,1620,25.7,53.6
1395,8,9,3,37.2,5754,2677,813,1547630,2131688,4590879,1004743,224,127,31.9,48.9
1396,8,9,4,96.8,11951,10051,3464,1762140,2131688,4590879,1004743,2022,1144,35.5,90.2
1397,8,9,5,60.3,17632,14134,3118,2072878,2131688,4590879,1004743,3054,1968,29.1,39.9
1398,8,9,6,39.1,18064,8478,1443,1469102,2131688,4590879,1004743,1150,1472,47.6,85.3
1399,8,10,1,79.4,51435,36644,5390,8552551,10065097,22663234,5124840,8837,5532,29.8,9.7
1400,8,10,2,65.8,88527,66019,21099,8651566,10065097,22663234,5124840,4689,8221,41.8,49.7
1401,8,10,3,59.5,106901,74178,8254,7409161,10065097,22663234,5124840,4157,6170,49.9,52.9
1402,8,10,4,98.3,23664,13015,3671,9195041,10065097,22663234,5124840,1047,2302,49.9,41.5
1403,8,10,5,36.9,25987,11879,3861,6389147,10065097,22663234,5124840,1931,2112,53.1,83.8
1404,8,10,6,49.9,21969,19557,5354,8277617,10065097,22663234,5124840,2562,2005,66.2,62.4
1405,8,11,1,55.8,66761,46227,7664,10218555,16435130,39563048,6999598,3818,4488,65.0,59.9
1406,8,11,2,43.0,80478,50269,7112,14378083,16435130,39563048,6999598,10858,1643,35.4,67.3
1407,8,11,3,65.5,178393,29511,19447,12571823,16435130,39563048,6999598,16133,7700,40.1,63.9
1408,8,11,4,39.6,46117,29011,6356,13106792,16435130,39563048,6999598,5050,3245,74.3,41.6
1409,8,11,5,98.0,162250,80491,20146,14831683,16435130,39563048,6999598,8231,7450,54.3,75.3
1410,8,11,6,71.2,151454,102360,10442,13396269,16435130,39563048,6999598,14241,10460,39.8,55.7
1411,8,12,1,89.9,26787,20795,4845,7606363,8702996,20880955,2908725,4301,1719,66.9,59.8
1412,8,12,2,95.6,46422,40271,10545,5647995,8702996,20880955,2908725,5204,6095,58.6,71.4
1413,8,12,3,90.4,57082,27462,4117,7005178,8702996,20880955,2908725,2264,3210,52.8,54.9
1414,8,12,4,81.7,90636,79565,15051,5647179,8702996,20880955,2908725,10573,11944,66.1,49.6
1415,8,12,5,58.2,55198,41765,13245,7040180,8702996,20880955,2908725,6056,3079,74.3,20.3
1416,8,12,6,86.3,89638,51276,6649,8128533,8702996,20880955,2908725,5610,8844,38.2,52.7
1417,8,13,1,61.1,183799,159660,34773,17449496,21251635,50120148,9918603,14102,14568,17.5,20.3
1418,8,13,2,39.9,82687,69934,18864,16817802,21251635,50120148,9918603,16907,9840,48.4,50.9
1419,8,13,3,47.7,179753,127530,31197,17400011,21251635,50120148,9918603,8261,9323,45.1,58.1
1420,8,13,4,96.3,148783,84600,21467,16182990,21251635,50120148,9918603,6248,3078,46.5,78.6
1421,8,13,5,68.7,207468,106013,21678,18665713,21251635,50120148,9918603,24793,8123,50.2,54.3
1422,8,13,6,90.4,235720,109318,27046,14099175,21251635,50120148,9918603,7687,19122,69.1,47.0
1423,8,14,1,70.3,102341,68384,11178,27014051,34752235,67796185,12191847,7041,10700,21.1,24.5
1424,8,14,2,98.0,311767,143976,40095,26811874,34752235,67796185,12191847,26711,16906,58.6,91.5
1425,8,14,3,75.1,364836,155935,53741,33861595,34752235,67796185,12191847,34907,8810,33.9,78.8
1426,8,14,4,78.7,301607,140499,40106,32306159,34752235,67796185,12191847,27470,19920,29.0,54.3
1427,8,14,5,79.9,106870,59748,18831,29592283,34752235,67796185,12191847,6236,2749,26.5,79.6
1428,8,14,6,41.4,140011,104307,14243,33388048,34752235,67796185,12191847,15619,8895,29.2,69.0
1429,8,15,1,43.4,8637,6378,713,685257,795231,1706313,377939,535,750,28.8,38.8
1430,8,15,2,57.6,8487,3904,693,557719,795231,1706313,377939,505,671,59.3,51.3
1431,8,15,3,57.7,8961,5551,1793,566422,795231,1706313,377939,1221,465,15.5,56.2
1432,8,15,4,59.2,7689,3739,482,713842,795231,1706313,377939,926,639,33.9,62.0
1433,8,15,5,82.6,6041,3477,550,591764,795231,1706313,377939,446,150,40.0,59.8
1434,8,15,6,69.1,6951,2884,604,503223,795231,1706313,377939,456,289,68.2,60.7
1435,8,16,1,92.8,3906,2978,903,843165,933193,2020693,363221,257,373,5.9,57.6
1436,8,16,2,37.9,8374,3990,990,818175,933193,2020693,363221,362,208,26.0,60.2
1437,8,16,3,92.6,2426,1705,328,571271,933193,2020693,363221,405,66,63.9,69.3
1438,8,16,4,53.2,6899,5706,1157,629318,933193,2020693,363221,692,353,21.7,36.2
1439,8,16,5,76.2,2025,916,109,705016,933193,2020693,363221,190,156,44.8,66.8
1440,8,16,6,40.9,6445,5222,711,633943,933193,2020693,363221,304,703,62.8,99.1
1441,8,17,1,76.7,2369,978,131,250192,296464,713743,155546,195,148,26.7,68.5
1442,8,17,2,84.7,1941,994,283,190122,296464,713743,155546,70,97,47.6,76.1
1443,8,17,3,54.6,2574,1747,208,214862,296464,713743,155546,386,272,33.7,45.8
1444,8,17,4,71.6,1974,1231,147,206215,296464,713743,155546,291,93,50.6,28.1
1445,8,17,5,58.7,806,352,79,228505,296464,713743,155546,55,36,67.9,75.1
1446,8,17,6,83.4,754,505,121,224311,296464,713743,155546,77,24,74.9,70.7
1447,8,18,1,84.8,4679,3541,638,516374,640625,1298970,199985,261,325,24.2,34.4
1448,8,18,2,83.3,4250,3269,760,6631720,640625,1298970,199985,444,323,53.8,54.2
1449,8,18,3,48.7,3397,1921,226,597989,640625,1298970,199985,382,326,18.5,38.5
1450,8,18,4,82.7,3044,1960,396,396468,640625,1298970,199985,392,201,42.1,18.7
1451,8,18,5,79.6,3307,1691,501,6665596,640625,1298970,199985,363,152,39.7,65.4
1452,8,18,6,80.7,5694,4967,1676,434645,640625,1298970,199985,1188,295,38.8,53.8
1453,8,19,1,79.6,114467,100044,20215,11486207,12145373,27132180,3925999,11691,15067,57.2,57.1
1454,8,19,2,89.3,26792,20624,3477,10184783,12145373,27132180,3925999,1962,2715,56.7,72.9
1455,8,19,3,61.8,120412,101727,27386,7758387,12145373,27132180,3925999,12971,16906,55.5,73.8
1456,8,19,4,49.9,123958,77775,21816,8706114,12145373,27132180,3925999,13482,7495,65.0,77.1
1457,8,19,5,82.4,99424,47867,10450,8050848,12145373,27132180,3925999,6651,8429,87.2,57.9
1458,8,19,6,39.2,136858,89258,26335,9098478,12145373,27132180,3925999,21758,4439,61.5,51.2
1459,8,20,1,62.1,43188,20758,4976,5928580,8172716,17396677,3659177,2008,2142,82.6,30.0
1460,8,20,2,77.6,82892,53143,6457,5452808,8172716,17396677,3659177,7606,5776,35.8,84.9
1461,8,20,3,41.4,55096,28583,7562,6015116,8172716,17396677,3659177,6759,1389,27.1,57.1
1462,8,20,4,59.1,44190,35133,7211,5971258,8172716,17396677,3659177,3533,1763,43.0,26.9
1463,8,20,5,45.4,82573,41443,12028,5881410,8172716,17396677,3659177,4962,5042,56.7,69.8
1464,8,20,6,50.3,17731,11271,3850,6613341,8172716,17396677,3659177,1662,924,41.4,38.0
1465,8,21,1,81.4,146115,113844,21494,17034233,22576360,48901140,7054705,17293,5103,86.1,0.0
1466,8,21,2,86.9,57115,29369,7686,14219574,22576360,48901140,7054705,3201,2459,57.2,22.4
1467,8,21,3,92.8,182141,78197,26006,16922119,22576360,48901140,7054705,4035,5201,41.4,56.5
1468,8,21,4,78.6,65685,33883,8342,18506289,22576360,48901140,7054705,1857,1121,57.9,40.0
1469,8,21,5,52.2,204944,111783,34407,13609655,22576360,48901140,7054705,21657,6974,37.7,50.9
1470,8,21,6,76.2,80625,45649,6140,14717158,22576360,48901140,7054705,5795,3158,58.0,70.9
1471,8,22,1,56.4,2044,1610,239,147662,171376,389966,64423,97,103,57.0,61.8
1472,8,22,2,98.4,1292,892,193,141194,171376,389966,64423,118,32,60.7,69.7
1473,8,22,3,41.5,1307,840,143,164741,171376,389966,64423,79,26,58.5,47.8
1474,8,22,4,82.3,1164,870,105,154926,171376,389966,64423,195,103,52.5,75.7
1475,8,22,5,71.2,1540,753,181,134930,171376,389966,64423,157,104,60.0,73.9
1476,8,22,6,79.3,974,427,59,122970,171376,389966,64423,67,57,79.7,33.9
1477,8,23,1,88.1,103265,45286,8668,15945549,20620687,44389024,10842430,5596,3253,46.1,53.2
1478,8,23,2,47.8,200495,139642,18512,16920868,20620687,44389024,10842430,29261,19495,24.6,76.0
1479,8,23,3,37.2,201281,172072,45634,19946938,20620687,44389024,10842430,37252,20257,69.0,61.8
1480,8,23,4,73.2,39441,23647,6108,16893267,20620687,44389024,10842430,3812,1021,33.8,59.8
1481,8,23,5,50.2,208337,98564,11464,17303168,20620687,44389024,10842430,20604,8741,66.6,58.0
1482,8,23,6,53.0,118568,58934,9515,18621199,20620687,44389024,10842430,8130,1823,63.2,48.9
1483,8,24,1,63.8,94123,64932,19682,10757918,11308554,24253683,4327516,13210,9838,17.0,48.1
1484,8,24,2,54.3,98862,73133,23902,8597499,11308554,24253683,4327516,16510,6469,64.9,49.9
1485,8,24,3,94.7,70536,40517,11943,7206537,11308554,24253683,4327516,8814,5647,58.0,38.9
1486,8,24,4,64.9,81138,47457,9339,9420275,11308554,24253683,4327516,11352,2495,52.2,45.9
1487,8,24,5,82.1,92039,80801,23805,9727514,11308554,24253683,4327516,3749,13179,27.4,71.0
1488,8,24,6,77.9,74445,36347,6344,7655918,11308554,24253683,4327516,6269,5687,53.7,39.0
1489,8,25,1,48.5,6334,3706,1273,882078,1007677,2557412,350249,342,134,29.3,77.8
1490,8,25,2,73.8,11106,9742,2099,609893,1007677,2557412,350249,1560,1461,60.7,93.3
1491,8,25,3,61.5,4403,2306,307,655800,1007677,2557412,350249,202,141,19.3,62.8
1492,8,25,4,80.7,5357,3936,757,743606,1007677,2557412,350249,649,497,67.8,52.9
1493,8,25,5,40.6,2217,1020,190,745008,1007677,2557412,350249,79,52,69.1,22.7
1494,8,25,6,49.1,2328,1269,339,973330,1007677,2557412,350249,304,113,43.8,39.1
1495,8,26,1,61.9,548134,240406,74996,39975125,57918473,130967682,25602353,44413,29571,57.2,50.3
1496,8,26,2,73.0,583948,260621,51243,39897642,57918473,130967682,25602353,17741,28287,7.3,67.0
1497,8,26,3,82.6,458925,265743,71741,48470688,57918473,130967682,25602353,46842,44893,13.4,65.2
1498,8,26,4,76.0,281636,198359,61264,39148039,57918473,130967682,25602353,40579,25964,32.3,44.3
1499,8,26,5,82.7,614012,266017,70281,6665596,57918473,130967682,25602353,15924,10042,59.8,48.5
1500,8,26,6,43.1,513126,266085,57294,44613794,57918473,130967682,25602353,38468,17633,58.2,44.9
1501,8,27,1,97.6,39476,29447,5956,3956579,4947953,12104708,2066005,5434,2639,51.5,49.1
1502,8,27,2,71.3,23638,16466,3848,4041825,4947953,12104708,2066005,1736,2278,47.1,50.4
1503,8,27,3,76.3,54379,22016,3164,6585097,4947953,12104708,2066005,3170,2874,42.1,42.3
1504,8,27,4,44.2,15089,8118,2834,3140385,4947953,12104708,2066005,848,633,69.7,50.1
1505,8,27,5,48.8,44726,20019,5270,4644632,4947953,12104708,2066005,2107,2659,79.6,15.3
1506,8,27,6,57.1,56140,46708,5507,3058744,4947953,12104708,2066005,4237,2050,54.5,19.0
1507,8,28,1,61.6,50016,38216,5289,25498176,27884398,54854043,9028231,5687,1322,63.4,44.1
1508,8,28,2,51.3,78551,61436,12830,24875473,27884398,54854043,9028231,9092,9038,30.5,25.9
1509,8,28,3,51.6,131295,86946,9185,23048405,27884398,54854043,9028231,9089,12912,44.8,41.0
1510,8,28,4,67.8,258833,196413,26408,17021755,27884398,54854043,9028231,28739,31217,40.5,3.5
1511,8,28,5,84.6,296273,192477,21808,26758438,27884398,54854043,9028231,39491,30370,51.9,57.8
1512,8,28,6,55.1,117842,86147,26722,20082105,27884398,54854043,9028231,17121,6745,39.8,67.5
1513,8,29,1,78.1,51067,32662,6606,7411833,8640020,18641280,4078366,3515,1821,50.4,42.2
1514,8,29,2,54.0,35828,22290,4694,7825514,8640020,18641280,4078366,3565,1303,82.5,50.9
1515,8,29,3,92.8,42372,29511,3536,7861712,8640020,18641280,4078366,5864,2397,15.5,56.0
1516,8,29,4,48.4,76426,68462,16626,5818490,8640020,18641280,4078366,7794,4170,69.0,53.4
1517,8,29,5,92.0,44553,39613,6881,5737340,8640020,18641280,4078366,6800,1671,50.2,56.0
1518,8,29,6,82.7,29592,21125,2508,6303967,8640020,18641280,4078366,2268,3098,73.6,42.0
1519,8,30,1,49.8,36437,29026,8503,3393160,3643306,7566709,1630692,3949,5010,37.6,36.0
1520,8,30,2,96.6,15323,6690,2125,2420388,3643306,7566709,1630692,1493,633,68.8,44.5
1521,8,30,3,81.5,25313,10830,3536,2995464,3643306,7566709,1630692,1807,386,6.8,41.3
1522,8,30,4,40.4,32908,18393,2862,3530597,3643306,7566709,1630692,3807,2379,38.8,65.0
1523,8,30,5,96.4,33532,16484,3110,2483987,3643306,7566709,1630692,3150,2101,67.0,63.6
1524,8,30,6,92.9,36086,14787,1853,2488027,3643306,7566709,1630692,1278,1417,86.1,62.6
1525,8,31,1,79.0,680,564,97,48390,76347,176874,36726,108,39,34.7,99.7
1526,8,31,2,96.0,628,432,127,51088,76347,176874,36726,64,69,75.0,41.9
1527,8,31,3,54.2,707,331,58,6585097,76347,176874,36726,52,21,54.4,52.5
1528,8,31,4,84.8,490,255,86,59004,76347,176874,36726,62,11,56.6,76.4
1529,8,31,5,83.0,349,223,68,48177,76347,176874,36726,37,38,54.3,32.0
1530,8,31,6,72.2,268,216,45,58784,76347,176874,36726,14,19,19.8,60.4
1531,8,32,1,71.4,1083,662,132,263667,410792,933595,186607,85,24,17.4,53.9
1532,8,32,2,91.4,3953,3531,1129,277776,410792,933595,186607,776,463,68.2,64.4
1533,8,32,3,87.2,1516,898,215,269502,410792,933595,186607,66,104,51.4,42.7
1534,8,32,4,57.1,1462,842,114,355727,410792,933595,186607,205,125,83.2,54.1
1535,8,32,5,39.0,3868,28710,821,297194,410792,933595,186607,782,414,73.6,53.3
1536,8,32,6,83.6,2413,1536,218,299193,410792,933595,186607,342,178,83.5,100.0
1537,9,1,1,79.8,121755,66511,23207,12134249,14969502,32981323,6526545,4679,11428,53.3,88.7
1538,9,1,2,70.1,130117,70823,24703,12108332,14969502,32981323,6526545,6844,12449,49.2,49.3
1539,9,1,3,56.5,112639,80715,22730,9826061,14969502,32981323,6526545,10978,6404,21.5,25.4
1540,9,1,4,86.9,157064,131469,17843,9685787,14969502,32981323,6526545,31337,19824,56.0,61.2
1541,9,1,5,64.2,116500,87387,22314,10300560,14969502,32981323,6526545,12910,10489,45.5,53.9
1542,9,1,6,59.8,78337,55481,13600,12662739,14969502,32981323,6526545,6474,6560,78.2,33.4
1543,9,2,1,48.2,1390,1194,267,299532,394242,944019,152902,73,70,66.9,34.6
1544,9,2,2,45.1,3313,1874,564,330244,394242,944019,152902,256,137,48.7,37.4
1545,9,2,3,68.3,1242,625,193,340967,394242,944019,152902,109,66,41.8,68.3
1546,9,2,4,43.7,3075,2033,391,6690069,394242,944019,152902,234,352,51.2,14.5
1547,9,2,5,63.5,981,677,107,301938,394242,944019,152902,68,58,75.6,35.2
1548,9,2,6,83.9,3645,1943,281,295921,394242,944019,152902,349,113,42.5,47.3
1549,9,3,1,55.9,60835,44289,8037,9981782,10464143,20543118,3169727,4324,1712,94.0,53.9
1550,9,3,2,47.6,29796,18907,5367,7219500,10464143,20543118,3169727,3789,3372,57.3,35.0
1551,9,3,3,71.7,37128,33033,8043,7568865,10464143,20543118,3169727,2899,4179,48.5,72.5
1552,9,3,4,38.4,63444,46047,13733,6558111,10464143,20543118,3169727,7766,7706,44.1,47.0
1553,9,3,5,96.3,37987,15335,2448,9821229,10464143,20543118,3169727,3622,872,15.8,51.5
1554,9,3,6,54.2,79950,53605,13001,6753055,10464143,20543118,3169727,12364,6401,39.0,17.7
1555,9,4,1,79.1,293747,260191,37291,6616824,34388123,75259283,14846975,32754,41411,39.0,57.6
1556,9,4,2,96.9,221582,102779,34443,30239577,34388123,75259283,14846975,20169,3918,51.6,45.2
1557,9,4,3,69.2,134638,88326,9447,30160276,34388123,75259283,14846975,18983,4149,50.1,54.8
1558,9,4,4,47.0,349987,147028,32485,33461403,34388123,75259283,14846975,22670,9017,38.1,71.9
1559,9,4,5,55.0,267688,139369,26235,30322785,34388123,75259283,14846975,21528,11134,39.5,46.1
1560,9,4,6,85.1,331648,158615,22178,26394689,34388123,75259283,14846975,30350,6081,48.3,50.1
1561,9,5,1,35.3,45262,62292,12288,7175464,8317011,16206944,2695710,7227,8996,19.9,75.1
1562,9,5,2,66.0,61588,38803,4138,5310959,8317011,16206944,2695710,6766,5819,12.1,55.8
1563,9,5,3,56.6,43786,26912,5473,6919690,8317011,16206944,2695710,3973,2048,48.1,61.2
1564,9,5,4,84.1,18317,14717,4442,5027599,8317011,16206944,2695710,2454,2133,25.9,100.0
1565,9,5,5,43.7,38513,18496,5423,5930897,8317011,16206944,2695710,2181,2781,27.4,53.6
1566,9,5,6,56.5,32795,13569,2499,6328480,8317011,16206944,2695710,2117,453,20.8,52.0
1567,9,6,1,47.2,1951,1537,441,412415,466569,990732,134757,77,113,32.8,69.4
1568,9,6,2,40.2,2273,1994,601,349360,466569,990732,134757,424,166,55.5,36.5
1569,9,6,3,54.2,47803,834,271,430017,466569,990732,134757,142,44,24.0,68.9
1570,9,6,4,77.9,4077,28870,494,400243,466569,990732,134757,646,421,73.9,41.3
1571,9,6,5,51.6,1850,1150,172,282047,466569,990732,134757,146,177,24.6,66.0
1572,9,6,6,41.7,1415,1055,270,333024,466569,990732,134757,254,57,56.7,22.9
1573,9,7,1,96.4,35790,14574,4492,15234543,19168036,40380539,8396687,1301,2243,68.1,60.1
1574,9,7,2,89.6,52988,45387,7752,17433220,19168036,40380539,8396687,4528,6096,53.7,40.5
1575,9,7,3,54.6,57526,40486,9998,13605824,19168036,40380539,8396687,8611,2810,44.4,86.8
1576,9,7,4,59.1,88323,48659,15954,17575680,19168036,40380539,8396687,3159,2356,46.2,61.6
1577,9,7,5,81.0,128094,110453,24329,16166849,19168036,40380539,8396687,14418,16933,13.0,53.9
1578,9,7,6,62.0,37164,33412,10935,18728692,19168036,40380539,8396687,5482,4005,58.7,47.1
1579,9,8,1,41.6,42414,35089,7202,5852069,7733716,17051267,3342205,5685,2760,75.7,86.2
1580,9,8,2,39.2,46530,36535,10329,4760245,7733716,17051267,3342205,4640,5568,0.0,42.0
1581,9,8,3,74.4,76414,29511,9798,6687361,7733716,17051267,3342205,5764,3712,96.8,29.3
1582,9,8,4,58.4,86192,48720,13562,6982081,7733716,17051267,3342205,5763,1730,71.6,41.2
1583,9,8,5,47.1,16343,6684,1178,5563182,7733716,17051267,3342205,1355,756,28.7,68.7
1584,9,8,6,94.2,73105,41211,12505,5394094,7733716,17051267,3342205,4948,6110,62.5,100.0
1585,9,9,1,58.1,8217,6597,1700,1629554,1987225,4564569,767958,653,919,19.3,35.9
1586,9,9,2,82.0,19781,15135,4484,1520372,1987225,4564569,767958,1769,1802,50.2,86.5
1587,9,9,3,61.8,5125,2501,579,1242801,1987225,4564569,767958,583,153,71.5,60.5
1588,9,9,4,45.6,19505,10827,3162,1286528,1987225,4564569,767958,2299,614,37.2,37.2
1589,9,9,5,59.5,20015,8789,2294,1812270,1987225,4564569,767958,1998,1398,38.1,50.6
1590,9,9,6,66.3,15166,9316,2193,1336924,1987225,4564569,767958,914,819,65.1,25.7
1591,9,10,1,96.2,111853,47991,10221,7430873,11155859,22519610,4790266,7457,8622,72.4,36.6
1592,9,10,2,63.4,83114,52417,5592,8245881,11155859,22519610,4790266,3454,2059,72.7,61.4
1593,9,10,3,46.3,106747,50567,11724,6585097,11155859,22519610,4790266,12023,7580,29.1,41.8
1594,9,10,4,66.2,65069,47479,9957,7618541,11155859,22519610,4790266,11244,2364,61.4,86.9
1595,9,10,5,82.8,113144,76253,10847,8740406,11155859,22519610,4790266,4544,4067,26.8,26.0
1596,9,10,6,75.4,72017,64156,12924,9826800,11155859,22519610,4790266,8605,6397,47.4,26.3
1597,9,11,1,76.4,61493,49414,14970,11468408,18840281,41004456,7797906,3105,3475,56.0,58.8
1598,9,11,2,56.2,174763,133734,37095,17909441,18840281,41004456,7797906,31977,12722,28.4,63.3
1599,9,11,3,61.1,176745,91440,29542,13290210,18840281,41004456,7797906,15109,12958,58.2,86.6
1600,9,11,4,41.0,184294,106275,21765,17753204,18840281,41004456,7797906,23273,18387,57.7,52.3
1601,9,11,5,44.0,89627,46641,7945,13245477,18840281,41004456,7797906,6311,4180,62.8,39.9
1602,9,11,6,62.2,147909,99896,34606,14427026,18840281,41004456,7797906,6660,17423,63.3,78.5
1603,9,12,1,68.2,74919,33041,10708,7466464,9443403,22295466,4509013,4058,2872,68.3,74.5
1604,9,12,2,49.9,39634,20256,5740,6793685,9443403,22295466,4509013,1317,2128,18.0,87.1
1605,9,12,3,66.4,57431,44646,14212,8434958,9443403,22295466,4509013,4678,6728,65.7,36.6
1606,9,12,4,87.6,70607,60069,11213,7957160,9443403,22295466,4509013,6747,3924,48.3,63.8
1607,9,12,5,77.0,40038,30395,8681,6711731,9443403,22295466,4509013,5327,2384,57.5,71.0
1608,9,12,6,73.8,42835,36845,6036,6613341,9443403,22295466,4509013,7273,6336,42.9,29.9
1609,9,13,1,91.2,156801,77664,26956,15390325,23557129,49383639,11005424,14828,3427,65.8,85.5
1610,9,13,2,49.4,96022,41531,12993,15614970,23557129,49383639,11005424,5507,5794,55.1,96.6
1611,9,13,3,70.7,85311,42832,13118,22765238,23557129,49383639,11005424,3665,2325,58.5,20.2
1612,9,13,4,44.5,46980,39792,11788,17145107,23557129,49383639,11005424,2139,3129,17.1,92.3
1613,9,13,5,65.3,158538,68404,16000,16489513,23557129,49383639,11005424,7762,11968,72.5,26.6
1614,9,13,6,72.3,172207,115963,15601,21772429,23557129,49383639,11005424,24021,19140,73.1,20.0
1615,9,14,1,66.75,347246,229871,44190,31195202,32098311,71302143,16623073,56412,20402,43.7,50.2
1616,9,14,2,53.7,271500,145251,19248,23944154,32098311,71302143,16623073,15083,7074,52.9,73.4
1617,9,14,3,92.3,194632,80168,9049,28017608,32098311,71302143,16623073,7827,13428,45.1,38.1
1618,9,14,4,92.3,234628,111505,36259,22307472,32098311,71302143,16623073,8902,7426,59.2,37.3
1619,9,14,5,46.4,337372,204064,51317,23463641,32098311,71302143,16623073,43507,31710,41.0,76.6
1620,9,14,6,46.6,292559,156356,21374,27359846,32098311,71302143,16623073,27598,8337,75.5,89.5
1621,9,15,1,61.5,6879,3428,968,564341,854460,1828038,293304,813,278,52.8,56.0
1622,9,15,2,83.7,5155,3351,772,724365,854460,1828038,293304,223,577,70.9,94.2
1623,9,15,3,86.6,2299,1111,127,727804,854460,1828038,293304,223,83,73.6,36.6
1624,9,15,4,60.4,7095,3581,539,604493,854460,1828038,293304,841,185,15.6,52.9
1625,9,15,5,35.4,1559,885,229,533811,854460,1828038,293304,220,128,51.8,23.0
1626,9,15,6,36.8,5451,4733,1039,786764,854460,1828038,293304,907,639,53.8,57.2
1627,9,16,1,83.0,6892,3423,1059,642150,860112,1906251,468407,774,299,50.4,81.1
1628,9,16,2,52.4,4738,1975,554,730859,860112,1906251,468407,273,215,73.9,61.0
1629,9,16,3,62.2,8749,7211,2240,789662,860112,1906251,468407,1175,244,55.4,72.2
1630,9,16,4,65.6,6157,2725,653,564588,860112,1906251,468407,290,100,50.7,49.4
1631,9,16,5,91.0,9268,6568,689,765533,860112,1906251,468407,1514,307,82.9,63.1
1632,9,16,6,77.2,8252,5905,1484,782356,860112,1906251,468407,1279,503,64.2,51.0
1633,9,17,1,76.3,2072,842,138,262089,300036,755851,165875,166,119,75.6,49.7
1634,9,17,2,61.8,1375,929,323,236900,300036,755851,165875,228,54,54.9,41.1
1635,9,17,3,89.7,2273,1136,205,237378,300036,755851,165875,186,81,60.9,45.4
1636,9,17,4,79.5,3269,1382,439,286475,300036,755851,165875,90,79,85.4,50.8
1637,9,17,5,68.7,3530,2070,520,290222,300036,755851,165875,488,218,49.8,47.9
1638,9,17,6,51.0,2036,885,115,188342,300036,755851,165875,194,68,39.5,58.2
1639,9,18,1,94.8,2745,2269,544,531966,651177,1241661,253846,357,301,50.4,64.4
1640,9,18,2,75.8,6577,3542,519,533338,651177,1241661,253846,532,516,46.9,69.8
1641,9,18,3,58.8,1950,916,194,414299,651177,1241661,253846,90,66,37.1,36.0
1642,9,18,4,39.9,1723,876,136,592930,651177,1241661,253846,127,129,30.0,33.9
1643,9,18,5,83.3,1274,931,263,428959,651177,1241661,253846,65,156,64.7,0.0
1644,9,18,6,41.0,3011,2048,412,413872,651177,1241661,253846,333,115,64.0,35.6
1645,9,19,1,65.6,76350,42757,13689,9211462,13855973,27261781,6488886,8749,2369,41.0,83.0
1646,9,19,2,59.2,124303,65280,6887,12362437,13855973,27261781,6488886,7722,6954,50.3,40.5
1647,9,19,3,41.5,133292,115341,25525,8655736,13855973,27261781,6488886,13246,18252,31.3,25.3
1648,9,19,4,77.0,115218,56935,16756,10892195,13855973,27261781,6488886,4017,3779,31.7,55.9
1649,9,19,5,40.7,25373,11012,2944,13514796,13855973,27261781,6488886,2577,1141,29.6,31.0
1650,9,19,6,98.9,127547,102833,32219,10410305,13855973,27261781,6488886,14768,16884,67.3,88.3
1651,9,20,1,92.2,25628,10537,2410,8217935,8439414,18273013,3279911,1520,1306,40.5,53.1
1652,9,20,2,71.2,45832,40084,12056,5118789,8439414,18273013,3279911,9290,6940,60.5,54.0
1653,9,20,3,61.4,42417,25295,6484,5412809,8439414,18273013,3279911,4125,2393,30.7,73.3
1654,9,20,4,98.5,32630,26076,5674,5733424,8439414,18273013,3279911,1879,1162,70.3,34.9
1655,9,20,5,89.1,20647,16786,5546,8009275,8439414,18273013,3279911,3045,867,13.0,90.8
1656,9,20,6,80.6,26250,18679,2812,5872502,8439414,18273013,3279911,3550,1109,29.8,58.4
1657,9,21,1,58.5,215496,112980,25748,19721868,23557620,49779012,11276458,16707,14590,53.9,72.2
1658,9,21,2,55.8,50117,31685,7700,14524280,23557620,49779012,11276458,7698,3921,72.8,57.3
1659,9,21,3,85.2,122669,65713,7495,14609571,23557620,49779012,11276458,7562,6382,49.1,53.8
1660,9,21,4,36.4,143016,91522,25973,6690069,23557620,49779012,11276458,8553,8003,48.9,66.2
1661,9,21,5,53.5,124098,94501,13064,18075191,23557620,49779012,11276458,18604,6792,33.2,47.4
1662,9,21,6,79.6,134861,100229,24975,21582327,23557620,49779012,11276458,9459,8746,25.3,68.8
1663,9,22,1,44.9,1356,971,232,149863,184890,394284,60015,228,49,65.3,46.6
1664,9,22,2,73.0,474,408,53,131131,184890,394284,60015,82,30,37.1,100.0
1665,9,22,3,70.3,2054,1586,526,163965,184890,394284,60015,134,141,60.0,54.2
1666,9,22,4,39.6,1739,1466,506,163532,184890,394284,60015,158,163,19.9,62.2
1667,9,22,5,86.5,761,529,173,6665596,184890,394284,60015,70,18,45.7,88.0
1668,9,22,6,35.2,1800,1213,347,145773,184890,394284,60015,82,133,77.4,66.5
1669,9,23,1,98.2,110975,89062,21702,14013479,21413061,43135484,8645320,12739,14521,17.5,66.9
1670,9,23,2,48.0,144692,99088,18108,17598232,21413061,43135484,8645320,18536,16054,36.5,17.8
1671,9,23,3,75.3,59631,50444,14164,18728017,21413061,43135484,8645320,7825,5161,65.7,22.8
1672,9,23,4,58.9,192331,85004,21147,14811534,21413061,43135484,8645320,4666,9099,50.1,91.8
1673,9,23,5,68.6,171957,69322,20819,6665596,21413061,43135484,8645320,9344,10421,54.6,67.5
1674,9,23,6,58.5,225849,122620,30529,18466478,21413061,43135484,8645320,23083,5905,67.6,51.8
1675,9,24,1,49.3,118464,87214,20384,9128726,10776874,22840468,3510188,4608,12115,86.3,63.5
1676,9,24,2,79.3,66780,41437,11650,7183391,10776874,22840468,3510188,7816,6569,10.7,57.6
1677,9,24,3,45.1,64342,47781,9041,9385212,10776874,22840468,3510188,3679,2869,74.1,67.7
1678,9,24,4,61.3,91358,48007,11363,8838856,10776874,22840468,3510188,5899,6615,38.8,79.4
1679,9,24,5,80.8,44553,28876,7180,8570479,10776874,22840468,3510188,2768,1335,46.0,67.2
1680,9,24,6,97.6,54158,36578,11281,8653196,10776874,22840468,3510188,2276,5469,20.9,78.7
1681,9,25,1,60.3,4966,3693,575,906511,1176714,2580186,505750,900,322,48.6,51.0
1682,9,25,2,55.5,8885,4430,1053,1098241,1176714,2580186,505750,512,287,47.4,69.5
1683,9,25,3,60.3,2789,1534,289,923199,1176714,2580186,505750,130,223,40.9,80.8
1684,9,25,4,62.5,10733,9601,2668,1101545,1176714,2580186,505750,1533,305,54.5,62.7
1685,9,25,5,83.1,4967,3135,915,912388,1176714,2580186,505750,506,153,56.1,28.7
1686,9,25,6,71.9,6874,4840,1039,1146860,1176714,2580186,505750,688,620,91.4,45.3
1687,9,26,1,74.2,609713,426766,121017,51467847,64318525,142152703,24169265,31998,28614,40.6,48.0
1688,9,26,2,73.1,223175,101092,34380,62185548,64318525,142152703,24169265,7499,10820,49.2,55.9
1689,9,26,3,41.9,436745,230189,24320,42548654,64318525,142152703,24169265,31317,14611,26.2,32.2
1690,9,26,4,94.4,505562,419517,51161,60927305,64318525,142152703,24169265,37971,32819,31.5,81.8
1691,9,26,5,38.7,198634,104043,34234,44317733,64318525,142152703,24169265,20019,14856,34.2,65.8
1692,9,26,6,36.4,646511,513737,150086,39640634,64318525,142152703,24169265,110603,64968,23.3,43.6
1693,9,27,1,53.4,33952,27531,7736,5601746,5896538,11421491,1861411,1977,2439,34.7,40.2
1694,9,27,2,48.7,22687,13553,2554,4293651,5896538,11421491,1861411,1298,2174,17.8,46.8
1695,9,27,3,64.1,11426,9142,974,4953415,5896538,11421491,1861411,952,746,99.6,73.2
1696,9,27,4,45.7,44638,23221,3413,5618111,5896538,11421491,1861411,5245,4027,61.3,70.8
1697,9,27,5,65.8,37432,32176,8207,5528069,5896538,11421491,1861411,5983,3294,61.9,60.0
1698,9,27,6,98.9,21257,9959,1467,4341476,5896538,11421491,1861411,1617,1758,48.6,47.2
1699,9,28,1,79.5,276117,203508,70788,21523290,23925408,57491118,8221919,12587,24630,50.4,36.6
1700,9,28,2,85.8,65041,28998,5203,17243463,23925408,57491118,8221919,6408,2566,49.4,10.3
1701,9,28,3,48.6,59628,47749,12131,16817061,23925408,57491118,8221919,11873,7986,35.6,51.9
1702,9,28,4,53.8,138501,84749,10639,18699024,23925408,57491118,8221919,7785,6446,62.8,50.9
1703,9,28,5,61.1,285414,164684,54723,23424151,23925408,57491118,8221919,40555,8386,41.2,31.6
1704,9,28,6,63.6,273200,173685,45245,14619108,23925408,57491118,8221919,15467,29953,57.0,29.6
1705,9,29,1,45.2,98348,52435,16472,5617767,7942771,18363933,4063645,8221,7316,36.8,36.4
1706,9,29,2,85.6,75268,59326,6757,6780520,7942771,18363933,4063645,4493,1916,69.5,22.8
1707,9,29,3,46.7,62273,43891,11654,5689969,7942771,18363933,4063645,7441,6425,63.9,55.2
1708,9,29,4,77.3,53090,43807,12073,5181164,7942771,18363933,4063645,3228,4847,54.8,27.0
1709,9,29,5,63.9,56456,28615,3271,6330048,7942771,18363933,4063645,3620,3238,44.6,55.9
1710,9,29,6,85.0,36545,29904,8519,5341306,7942771,18363933,4063645,5574,1103,77.3,43.9
1711,9,30,1,53.6,39591,29447,7301,2863921,3357549,8211257,1617278,1481,3544,81.3,74.1
1712,9,30,2,79.7,14232,10317,2637,2914757,3357549,8211257,1617278,1079,1531,21.7,37.9
1713,9,30,3,48.5,35126,23438,7267,2771437,3357549,8211257,1617278,3199,2613,49.1,70.5
1714,9,30,4,61.0,32267,26671,4290,2984539,3357549,8211257,1617278,3556,3747,27.3,33.5
1715,9,30,5,94.0,12719,10478,2145,2483930,3357549,8211257,1617278,1357,853,53.1,49.5
1716,9,30,6,83.3,39456,16181,5233,2147051,3357549,8211257,1617278,3988,2818,67.8,54.2
1717,9,31,1,63.9,345,215,49,82808,85092,176065,30193,34,11,65.8,61.2
1718,9,31,2,40.3,664,281,90,72413,85092,176065,30193,46,48,64.7,60.8
1719,9,31,3,52.5,813,405,89,76025,85092,176065,30193,65,53,40.4,29.2
1720,9,31,4,94.2,459,265,64,58705,85092,176065,30193,36,28,49.9,53.7
1721,9,31,5,61.5,294,123,31,52087,85092,176065,30193,22,16,36.7,80.9
1722,9,31,6,92.5,457,380,62,78947,85092,176065,30193,93,29,50.7,37.8
1723,9,32,1,97.0,4215,3789,574,324775,445927,921742,146690,701,305,25.0,29.4
1724,9,32,2,43.5,4257,2674,270,296913,445927,921742,146690,506,278,53.8,37.6
1725,9,32,3,52.7,2507,1311,297,350641,445927,921742,146690,84,85,42.0,29.8
1726,9,32,4,51.2,888,606,134,320836,445927,921742,146690,66,78,51.7,57.7
1727,9,32,5,88.8,44553,1065,334,6665596,445927,921742,146690,74,80,19.2,39.9
1728,9,32,6,67.2,1661,1397,385,341794,445927,921742,146690,347,249,58.7,81.9
1729,10,1,1,81.8,111068,44736,5624,11966498,14727394,33900630,7466098,11000,6108,76.3,66.9
1730,10,1,2,74.9,156949,66944,16137,9423762,14727394,33900630,7466098,6278,6155,71.6,71.6
1731,10,1,3,98.2,150820,94512,11569,9584249,14727394,33900630,7466098,8519,12135,52.2,52.8
1732,10,1,4,70.9,112493,75970,13332,11153784,14727394,33900630,7466098,8054,6216,31.7,35.5
1733,10,1,5,50.4,93835,55739,13063,13427920,14727394,33900630,7466098,3544,8670,56.7,100.0
1734,10,1,6,39.9,43926,30567,10427,12275089,14727394,33900630,7466098,4154,2236,21.6,19.0
1735,10,2,1,98.9,45262,1884,494,306378,416631,895631,187219,151,170,32.8,70.6
1736,10,2,2,38.9,3199,2397,701,275422,416631,895631,187219,327,74,62.0,61.8
1737,10,2,3,54.2,2715,1198,375,328317,416631,895631,187219,79,68,41.6,41.2
1738,10,2,4,89.0,1615,1300,181,316898,416631,895631,187219,295,77,42.7,57.0
1739,10,2,5,47.8,838,380,119,284031,416631,895631,187219,22,33,43.8,54.2
1740,10,2,6,84.9,4723,3937,685,395672,416631,895631,187219,275,219,56.3,51.8
1741,10,3,1,90.7,100520,60649,15248,6608116,10207372,21350569,3811603,13944,8018,50.1,78.7
1742,10,3,2,36.9,89261,38525,4085,9399598,10207372,21350569,3811603,6334,3380,59.6,44.2
1743,10,3,3,61.0,81157,45414,15728,7730796,10207372,21350569,3811603,2981,2503,58.7,43.2
1744,10,3,4,87.7,85883,59316,9351,8814586,10207372,21350569,3811603,10611,6118,49.9,24.1
1745,10,3,5,43.9,76743,33441,8000,9184032,10207372,21350569,3811603,4148,5192,61.4,21.0
1746,10,3,6,97.5,69012,59267,11749,9269171,10207372,21350569,3811603,6971,10076,48.0,47.1
1747,10,4,1,57.1,99327,68384,18068,30133083,32815845,73968360,11050329,5525,6299,35.2,57.5
1748,10,4,2,68.1,236397,100070,20263,19992764,32815845,73968360,11050329,14469,14913,54.3,100.0
1749,10,4,3,38.4,360098,209086,35489,23809239,32815845,73968360,11050329,26926,19256,43.1,10.6
1750,10,4,4,90.9,109249,69973,23513,24207450,32815845,73968360,11050329,14091,5909,42.5,49.7
1751,10,4,5,69.7,351307,178557,34783,26971909,32815845,73968360,11050329,43653,23730,17.4,42.5
1752,10,4,6,38.6,84969,67140,12989,20041038,32815845,73968360,11050329,12752,4447,62.5,54.0
1753,10,5,1,61.0,47444,31663,3637,6801576,8151443,16336451,2783298,6618,3437,74.9,24.6
1754,10,5,2,45.9,57556,29437,9741,6766074,8151443,16336451,2783298,4450,4098,36.2,68.1
1755,10,5,3,72.6,50002,34597,4455,7374101,8151443,16336451,2783298,7683,2177,42.0,53.6
1756,10,5,4,82.1,23799,17083,5244,6690069,8151443,16336451,2783298,2764,563,46.0,73.6
1757,10,5,5,67.7,73364,63687,8472,6349702,8151443,16336451,2783298,8809,4845,44.1,48.2
1758,10,5,6,90.1,32754,13816,1698,7238443,8151443,16336451,2783298,2907,1316,74.7,89.4
1759,10,6,1,98.9,2839,1784,555,347750,446818,952885,151789,233,54,34.1,92.9
1760,10,6,2,68.0,3552,2503,801,422397,446818,952885,151789,452,94,67.8,98.1
1761,10,6,3,64.3,1366,861,213,312713,446818,952885,151789,178,48,54.4,63.4
1762,10,6,4,37.4,4204,3021,530,364622,446818,952885,151789,586,251,58.0,53.4
1763,10,6,5,43.3,4234,2205,440,396448,446818,952885,151789,195,164,44.1,50.7
1764,10,6,6,62.2,4288,2233,715,398740,446818,952885,151789,204,344,57.4,45.7
1765,10,7,1,87.5,71487,42930,8518,17863556,19164729,42788408,8190379,4628,2759,33.2,60.9
1766,10,7,2,49.3,76955,47595,12312,16839345,19164729,42788408,8190379,11415,4362,55.3,77.8
1767,10,7,3,62.4,156769,69671,23049,16678875,19164729,42788408,8190379,16744,2542,20.7,92.0
1768,10,7,4,50.1,181514,95379,13541,12749697,19164729,42788408,8190379,18338,7207,71.7,34.8
1769,10,7,5,44.3,87902,77634,12169,12153320,19164729,42788408,8190379,4313,3546,68.9,72.0
1770,10,7,6,37.9,114833,92272,12355,15200611,19164729,42788408,8190379,22963,4483,60.1,60.8
1771,10,8,1,71.6,56494,40063,11054,6294735,7624105,16513573,3630635,3589,5649,70.1,51.4
1772,10,8,2,69.4,60637,51292,12486,5446218,7624105,16513573,3630635,7741,7154,58.2,56.3
1773,10,8,3,78.7,27104,22683,6367,5689646,7624105,16513573,3630635,3178,1719,49.1,30.6
1774,10,8,4,48.6,38887,30919,9376,5411723,7624105,16513573,3630635,2175,5493,25.9,48.3
1775,10,8,5,65.1,61722,47794,9755,6273119,7624105,16513573,3630635,4606,3601,36.2,81.5
1776,10,8,6,85.9,73026,63735,19632,5912019,7624105,16513573,3630635,4403,10286,68.1,27.8
1777,10,9,1,59.9,5119,2664,429,1992225,2152024,4112888,826207,221,463,76.6,43.7
1778,10,9,2,37.8,18875,27048,2578,1460088,2152024,4112888,826207,591,858,33.5,40.2
1779,10,9,3,96.5,15750,29511,1272,1707207,2152024,4112888,826207,2379,1117,60.1,69.9
1780,10,9,4,86.2,12626,8611,1134,1519097,2152024,4112888,826207,1063,1508,52.3,70.9
1781,10,9,5,47.1,7814,28710,1047,1325691,2152024,4112888,826207,273,792,40.0,37.4
1782,10,9,6,73.9,7673,3712,473,1761478,2152024,4112888,826207,715,514,51.7,54.4
1783,10,10,1,66.3,112303,75001,12859,8921876,10565145,22621544,4781539,4920,5658,18.6,54.2
1784,10,10,2,68.4,37371,28068,9593,7458562,10565145,22621544,4781539,5340,3298,72.9,19.2
1785,10,10,3,80.8,97927,71220,14959,9890909,10565145,22621544,4781539,15021,2723,47.4,56.4
1786,10,10,4,62.6,78395,61840,19975,7614534,10565145,22621544,4781539,7401,1874,49.6,63.5
1787,10,10,5,79.7,25185,16534,2159,8294447,10565145,22621544,4781539,1999,675,75.0,36.7
1788,10,10,6,47.8,74996,46491,14295,6732876,10565145,22621544,4781539,3412,5338,45.5,77.5
1789,10,11,1,79.4,200938,169870,49489,12314891,16400342,40476246,8505353,37463,14898,53.3,48.3
1790,10,11,2,80.6,105745,50466,9589,11821030,16400342,40476246,8505353,8359,7198,57.5,75.6
1791,10,11,3,79.8,190751,135173,46039,11192983,16400342,40476246,8505353,30499,22377,28.9,100.0
1792,10,11,4,53.9,136077,106180,32118,11105012,16400342,40476246,8505353,25445,10340,72.8,58.1
1793,10,11,5,82.5,129349,71121,11684,9846489,16400342,40476246,8505353,11418,4120,65.1,51.5
1794,10,11,6,57.5,107334,82302,10576,11343274,16400342,40476246,8505353,17021,13373,46.6,63.4
1795,10,12,1,49.0,102221,91856,10215,8492909,10630519,21062823,4471733,21432,6218,56.9,62.6
1796,10,12,2,93.3,99267,27048,13428,6509672,10630519,21062823,4471733,10276,8627,50.1,53.9
1797,10,12,3,74.9,31225,17758,3295,7811649,10630519,21062823,4471733,2218,1439,64.0,84.0
1798,10,12,4,78.6,62384,26767,5637,6860972,10630519,21062823,4471733,6218,3292,18.9,73.9
1799,10,12,5,61.6,49177,35921,4217,9720136,10630519,21062823,4471733,5100,2638,53.8,40.0
1800,10,12,6,57.0,35266,22270,7274,6625210,10630519,21062823,4471733,4983,1568,42.8,52.1
1801,10,13,1,55.8,105489,51294,8022,18680325,22083231,53470105,7873947,4711,5355,23.9,66.2
1802,10,13,2,61.0,236865,179952,61275,16258783,22083231,53470105,7873947,26907,10938,34.8,23.2
1803,10,13,3,70.1,222200,139059,29480,17887962,22083231,53470105,7873947,31188,14196,33.8,93.4
1804,10,13,4,72.1,145595,111932,37718,17683904,22083231,53470105,7873947,9964,9259,74.5,77.6
1805,10,13,5,40.0,244976,171896,32761,16713692,22083231,53470105,7873947,42807,12754,79.7,42.5
1806,10,13,6,36.7,250982,190938,66655,21564047,22083231,53470105,7873947,29653,21980,37.4,59.5
1807,10,14,1,93.1,136544,100468,12825,34081304,36680551,75656936,10987455,6725,10014,50.4,20.4
1808,10,14,2,71.7,272269,145900,33706,26981026,36680551,75656936,10987455,23541,17870,36.8,62.1
1809,10,14,3,50.9,139144,111693,12488,24973616,36680551,75656936,10987455,14658,11223,0.0,61.0
1810,10,14,4,59.0,182288,162693,23437,29688302,36680551,75656936,10987455,36100,24174,58.0,73.0
1811,10,14,5,59.3,247237,124249,21924,33763370,36680551,75656936,10987455,26880,18289,94.1,69.3
1812,10,14,6,43.1,364794,273975,89920,34667855,36680551,75656936,10987455,39714,48152,67.8,38.1
1813,10,15,1,56.3,3487,2228,253,714111,772411,1852459,334618,512,109,68.7,40.2
1814,10,15,2,91.3,2521,1429,330,481795,772411,1852459,334618,140,187,52.6,42.9
1815,10,15,3,97.5,2938,2520,616,727413,772411,1852459,334618,314,155,63.0,91.0
1816,10,15,4,41.7,7832,6930,1040,6690069,772411,1852459,334618,543,865,52.0,76.3
1817,10,15,5,62.5,6399,4355,1468,6665596,772411,1852459,334618,1081,241,42.1,62.3
1818,10,15,6,77.8,9286,5597,1138,635051,772411,1852459,334618,697,744,37.1,75.2
1819,10,16,1,93.1,7663,5753,1602,617289,896345,1904628,340726,548,888,62.7,38.5
1820,10,16,2,61.6,9553,5735,1194,636909,896345,1904628,340726,1087,660,60.0,49.1
1821,10,16,3,77.0,5688,4631,1322,723117,896345,1904628,340726,446,785,88.3,67.3
1822,10,16,4,71.3,5906,28870,648,790521,896345,1904628,340726,225,406,31.4,76.0
1823,10,16,5,42.6,3355,2128,678,829505,896345,1904628,340726,527,111,75.2,73.2
1824,10,16,6,71.2,44526,3760,615,849363,896345,1904628,340726,923,384,8.9,80.9
1825,10,17,1,85.5,2907,1549,257,242078,357245,723247,126370,93,273,46.0,61.6
1826,10,17,2,63.2,2449,993,288,315670,357245,723247,126370,137,63,100.0,90.1
1827,10,17,3,97.6,716,398,74,328609,357245,723247,126370,76,66,22.4,50.9
1828,10,17,4,84.4,1295,756,91,6690069,357245,723247,126370,121,129,16.0,23.2
1829,10,17,5,71.0,1025,469,117,236670,357245,723247,126370,45,19,89.6,85.1
1830,10,17,6,93.8,2041,1012,123,324268,357245,723247,126370,162,114,37.9,60.8
1831,10,18,1,47.7,3685,3251,923,425859,658893,1235117,248483,216,145,50.4,56.4
1832,10,18,2,69.9,3232,2405,834,584786,658893,1235117,248483,422,398,67.7,62.0
1833,10,18,3,92.5,5320,3547,1105,524230,658893,1235117,248483,763,523,49.1,49.7
1834,10,18,4,83.8,6556,4406,817,639168,658893,1235117,248483,623,656,45.4,44.2
1835,10,18,5,53.0,1317,781,155,447235,658893,1235117,248483,105,84,20.0,44.0
1836,10,18,6,91.9,3460,2195,713,578561,658893,1235117,248483,449,224,25.3,40.6
1837,10,19,1,54.3,116362,101495,23708,11351024,12475657,27546938,6202974,20567,7462,86.4,58.4
1838,10,19,2,87.5,43082,18011,5700,8285303,12475657,27546938,6202974,4060,1603,44.2,70.0
1839,10,19,3,91.2,107230,79118,16822,8669380,12475657,27546938,6202974,11562,5098,47.4,52.8
1840,10,19,4,85.9,36273,27240,3868,12161689,12475657,27546938,6202974,4236,3815,42.1,55.5
1841,10,19,5,84.0,67509,57341,10356,11369004,12475657,27546938,6202974,5870,4005,60.1,69.1
1842,10,19,6,49.5,125620,67464,19039,10361727,12475657,27546938,6202974,6617,11583,67.7,80.3
1843,10,20,1,73.3,65054,52518,5929,7710394,8191439,17806181,3854429,6163,5943,81.6,84.1
1844,10,20,2,92.4,83174,45160,8741,5810520,8191439,17806181,3854429,3454,7921,37.7,67.8
1845,10,20,3,92.4,20133,8918,2832,5315583,8191439,17806181,3854429,2032,1329,41.5,33.4
1846,10,20,4,48.8,25452,28870,4728,5647345,8191439,17806181,3854429,1804,2375,56.4,100.0
1847,10,20,5,86.5,33827,17004,4102,5383070,8191439,17806181,3854429,3601,1191,57.8,43.5
1848,10,20,6,98.3,31697,19333,5575,6197609,8191439,17806181,3854429,2539,631,39.9,46.0
1849,10,21,1,43.2,123374,75307,19796,13167426,20525280,49895780,9075063,18814,11021,30.1,30.0
1850,10,21,2,68.7,159272,136895,44698,19392332,20525280,49895780,9075063,7701,23551,56.2,64.8
1851,10,21,3,77.8,167075,145088,37703,12618485,20525280,49895780,9075063,12449,21558,43.5,33.6
1852,10,21,4,88.8,202162,175750,39672,16040439,20525280,49895780,9075063,20052,23831,43.4,8.7
1853,10,21,5,45.6,125560,82913,13850,13142226,20525280,49895780,9075063,9207,6510,3.1,67.6
1854,10,21,6,71.1,207768,88236,14419,16311244,20525280,49895780,9075063,20912,15339,33.5,97.2
1855,10,22,1,72.0,1800,1537,189,164612,171162,413129,57553,326,64,24.5,49.6
1856,10,22,2,62.7,1161,815,236,132732,171162,413129,57553,202,129,50.2,33.5
1857,10,22,3,38.1,893,412,53,132137,171162,413129,57553,38,26,42.0,72.5
1858,10,22,4,40.1,843,725,135,109610,171162,413129,57553,180,42,50.5,60.6
1859,10,22,5,38.7,468,375,94,140317,171162,413129,57553,86,51,29.3,47.9
1860,10,22,6,54.7,1183,951,121,116286,171162,413129,57553,86,66,47.7,36.3
1861,10,23,1,56.5,203950,95792,16817,14754563,22815746,46496896,8949648,10094,11288,41.1,31.6
1862,10,23,2,87.0,147858,117742,13619,20416708,22815746,46496896,8949648,10913,5179,58.9,51.4
1863,10,23,3,67.9,118308,73598,17291,6585097,22815746,46496896,8949648,11868,5836,48.9,66.3
1864,10,23,4,36.0,158585,79812,27685,15563637,22815746,46496896,8949648,13845,6827,45.0,46.8
1865,10,23,5,41.6,45030,33642,4828,15508785,22815746,46496896,8949648,5266,5625,50.2,61.4
1866,10,23,6,55.8,181868,163608,45555,17188196,22815746,46496896,8949648,34890,19656,42.0,49.9
1867,10,24,1,90.4,62077,26804,6845,6625558,10915800,24206395,4433898,6127,4490,10.0,15.8
1868,10,24,2,43.5,44152,19318,3813,8189127,10915800,24206395,4433898,2958,1494,39.3,59.9
1869,10,24,3,98.3,66632,27654,5445,7133914,10915800,24206395,4433898,4022,4392,82.0,60.8
1870,10,24,4,64.6,117036,101242,33775,7178401,10915800,24206395,4433898,23582,15128,21.0,57.6
1871,10,24,5,59.8,86027,75339,22094,7322783,10915800,24206395,4433898,11297,3636,54.3,56.0
1872,10,24,6,94.7,61542,50847,9323,8083033,10915800,24206395,4433898,4699,1780,66.7,54.8
1873,10,25,1,73.8,2174,914,202,806596,1165320,2343249,458566,60,163,33.6,42.7
1874,10,25,2,71.9,2455,2162,421,829211,1165320,2343249,458566,383,335,45.4,57.2
1875,10,25,3,39.4,8828,4998,890,708081,1165320,2343249,458566,1063,566,10.4,20.6
1876,10,25,4,90.5,11903,10081,2613,1023239,1165320,2343249,458566,1401,1397,33.8,55.8
1877,10,25,5,51.7,3771,3250,788,1080052,1165320,2343249,458566,708,386,24.6,31.6
1878,10,25,6,67.85,9737,5078,1501,898877,1165320,2343249,458566,704,559,64.0,15.3
1879,10,26,1,66.5,410678,365716,95524,62758250,66996660,136307615,23593944,56643,24859,49.1,24.9
1880,10,26,2,82.7,164082,88120,30214,60440179,66996660,136307615,23593944,15787,9936,48.3,61.4
1881,10,26,3,57.3,368538,246794,54865,61482931,66996660,136307615,23593944,50472,10566,21.0,59.2
1882,10,26,4,75.2,178554,89120,27913,42585199,66996660,136307615,23593944,12318,12315,57.9,50.3
1883,10,26,5,49.6,232446,205811,53797,64919282,66996660,136307615,23593944,13816,24314,44.1,80.5
1884,10,26,6,83.4,224976,95869,13816,50270702,66996660,136307615,23593944,8623,4789,32.9,60.5
1885,10,27,1,70.5,15874,10440,2623,6616824,5355469,11175395,1816427,1208,876,76.9,89.0
1886,10,27,2,93.0,31032,12540,1690,3972951,5355469,11175395,1816427,1140,2093,33.3,81.4
1887,10,27,3,65.6,55880,48276,13187,4688105,5355469,11175395,1816427,2932,6582,31.5,58.3
1888,10,27,4,91.9,44471,17792,4189,4260811,5355469,11175395,1816427,4109,1527,37.5,55.4
1889,10,27,5,82.3,39078,25120,6375,4499778,5355469,11175395,1816427,2069,1045,69.8,54.1
1890,10,27,6,97.2,13658,11100,1834,4609043,5355469,11175395,1816427,1116,1753,54.6,47.9
1891,10,28,1,40.8,82381,29447,20751,17083195,27656913,58781084,11839635,17085,3049,30.3,80.5
1892,10,28,2,40.8,118205,75250,24739,23731847,27656913,58781084,11839635,16728,3640,88.9,86.2
1893,10,28,3,80.8,100831,40522,9733,20751997,27656913,58781084,11839635,4072,5386,44.4,36.2
1894,10,28,4,45.6,134272,82192,25536,20389402,27656913,58781084,11839635,18310,9831,44.2,54.2
1895,10,28,5,37.3,73574,57994,9118,19736866,27656913,58781084,11839635,4728,4630,31.7,71.7
1896,10,28,6,77.1,274519,29102,14558,27024477,27656913,58781084,11839635,29017,7062,49.9,33.5
1897,10,29,1,94.5,65394,42501,11997,6503868,9529076,18195247,3673916,8042,2709,40.4,73.2
1898,10,29,2,75.3,39426,29578,6751,8016313,9529076,18195247,3673916,5858,2936,40.0,53.4
1899,10,29,3,70.9,84900,58146,17061,7602956,9529076,18195247,3673916,7471,8076,76.8,74.1
1900,10,29,4,36.2,44638,43823,13155,8662162,9529076,18195247,3673916,6895,6067,44.9,39.7
1901,10,29,5,45.2,62254,31008,5375,7051382,9529076,18195247,3673916,1940,1862,29.6,59.2
1902,10,29,6,43.4,23819,17607,5597,6726469,9529076,18195247,3673916,3507,2032,29.6,73.7
1903,10,30,1,39.9,21838,8789,2970,2400081,3779322,8423015,1675050,1790,707,40.4,63.6
1904,10,30,2,98.7,31906,20110,5990,3090298,3779322,8423015,1675050,3038,2242,16.5,67.0
1905,10,30,3,62.4,29458,29511,4602,2921623,3779322,8423015,1675050,2139,2385,43.9,66.2
1906,10,30,4,36.4,9412,6434,727,3206655,3779322,8423015,1675050,1373,620,49.2,46.3
1907,10,30,5,63.0,24720,28710,4092,3596693,3779322,8423015,1675050,3997,1583,38.8,60.2
1908,10,30,6,45.2,44526,8133,1837,2908973,3779322,8423015,1675050,1333,855,34.4,78.2
1909,10,31,1,35.3,320,217,70,45649,75449,181011,40062,27,31,55.3,95.2
1910,10,31,2,41.1,309,241,67,63195,75449,181011,40062,47,43,21.4,39.4
1911,10,31,3,58.2,518,249,54,69696,75449,181011,40062,41,42,49.1,65.9
1912,10,31,4,43.4,44638,655,214,45318,75449,181011,40062,157,70,50.9,56.8
1913,10,31,5,60.1,328,239,39,46557,75449,181011,40062,24,26,12.9,23.9
1914,10,31,6,52.6,750,576,164,48430,75449,181011,40062,49,95,51.9,13.9
1915,10,32,1,52.9,4415,3610,946,272365,444861,832823,192266,389,606,60.0,50.0
1916,10,32,2,48.3,2830,1653,458,269827,444861,832823,192266,229,185,48.5,63.5
1917,10,32,3,49.9,2750,2460,580,298797,444861,832823,192266,322,208,68.6,52.1
1918,10,32,4,61.9,1191,975,275,285839,444861,832823,192266,177,81,32.3,85.5
1919,10,32,5,58.9,2800,2013,395,356426,444861,832823,192266,196,324,52.5,53.7
1920,10,32,6,56.2,1772,1251,424,330099,444861,832823,192266,308,152,45.4,72.4
1921,11,1,1,43.3,46634,39244,7634,9586001,13913581,31925313,5679375,4525,3438,46.8,86.6
1922,11,1,2,38.9,154814,64014,18525,11941145,13913581,31925313,5679375,8082,4468,27.3,33.1
1923,11,1,3,56.1,47803,27957,9489,12050980,13913581,31925313,5679375,6476,3470,24.4,71.4
1924,11,1,4,67.6,83591,47602,9919,11065701,13913581,31925313,5679375,8963,2943,53.6,48.8
1925,11,1,5,76.9,141015,88706,27094,9066076,13913581,31925313,5679375,17054,14940,23.3,40.7
1926,11,1,6,46.3,60900,39043,6776,9874709,13913581,31925313,5679375,7382,3483,10.3,44.5
1927,11,2,1,95.6,3665,1740,456,293469,397403,906676,157767,295,83,41.4,33.8
1928,11,2,2,57.3,1249,735,223,253548,397403,906676,157767,50,119,64.3,66.5
1929,11,2,3,57.3,1218,997,295,342058,397403,906676,157767,114,52,77.7,46.4
1930,11,2,4,37.1,2287,1548,514,351875,397403,906676,157767,140,52,18.4,53.0
1931,11,2,5,38.4,2331,1929,323,255717,397403,906676,157767,400,120,41.8,100.0
1932,11,2,6,49.5,2407,1828,279,382542,397403,906676,157767,449,173,48.2,59.1
1933,11,3,1,44.6,70932,44602,15198,5918752,8826351,20034590,4968254,3156,4608,70.2,46.7
1934,11,3,2,69.6,51637,31739,10702,8528552,8826351,20034590,4968254,4887,1236,55.2,40.2
1935,11,3,3,63.5,46641,27404,6444,8304554,8826351,20034590,4968254,4562,4556,59.6,28.4
1936,11,3,4,81.4,93235,68007,10324,5800304,8826351,20034590,4968254,12594,9288,33.1,54.4
1937,11,3,5,92.3,35895,16356,4569,8401010,8826351,20034590,4968254,1141,1794,67.9,38.1
1938,11,3,6,96.4,33808,19674,2357,7877755,8826351,20034590,4968254,2815,1256,58.2,93.6
1939,11,4,1,88.7,280674,231062,44686,30020232,36117266,77206457,12485469,48345,15591,40.4,100.0
1940,11,4,2,77.5,308998,232900,74147,33572987,36117266,77206457,12485469,43247,26183,54.9,77.4
1941,11,4,3,44.6,232283,167568,43010,35020170,36117266,77206457,12485469,31934,10102,57.2,64.6
1942,11,4,4,55.1,212876,155381,19068,22937815,36117266,77206457,12485469,31274,24356,49.9,78.4
1943,11,4,5,68.9,302654,187029,26545,26602947,36117266,77206457,12485469,13507,13396,1.7,48.0
1944,11,4,6,80.2,70389,32520,5727,25145408,36117266,77206457,12485469,1911,1133,32.2,25.5
1945,11,5,1,52.0,32450,19150,2449,5332532,7403718,16252863,2484325,2392,808,58.3,60.8
1946,11,5,2,86.3,38480,34485,5917,7058136,7403718,16252863,2484325,3668,2364,80.7,91.8
1947,11,5,3,95.2,55808,31579,9188,5737741,7403718,16252863,2484325,5310,1244,37.7,61.7
1948,11,5,4,63.2,78151,68991,8797,5879947,7403718,16252863,2484325,14949,3959,59.7,35.9
1949,11,5,5,88.5,16306,11439,2613,6108463,7403718,16252863,2484325,2562,1553,44.3,17.0
1950,11,5,6,71.5,53541,28791,6415,6489901,7403718,16252863,2484325,3402,3277,56.3,55.1
1951,11,6,1,87.4,1997,1537,285,410879,443853,959918,131248,312,192,45.9,43.1
1952,11,6,2,96.1,4442,2789,942,360759,443853,959918,131248,394,127,85.1,79.3
1953,11,6,3,71.3,4089,2311,401,430936,443853,959918,131248,526,78,51.1,77.4
1954,11,6,4,35.1,2062,1761,297,373859,443853,959918,131248,304,69,23.9,32.3
1955,11,6,5,96.2,882,611,156,6665596,443853,959918,131248,70,67,39.9,57.1
1956,11,6,6,71.8,3671,1935,206,314765,443853,959918,131248,246,328,34.4,58.3
1957,11,7,1,61.1,90911,42094,12729,12142059,18762704,43109104,9220412,3421,6566,53.3,65.1
1958,11,7,2,77.0,43055,19981,2413,15747487,18762704,43109104,9220412,4013,2316,50.2,51.3
1959,11,7,3,39.0,169830,147822,26655,11698132,18762704,43109104,9220412,24446,9325,22.0,35.8
1960,11,7,4,43.7,75914,59459,15498,12049090,18762704,43109104,9220412,3041,7461,56.8,38.9
1961,11,7,5,56.6,195292,160032,38237,14401550,18762704,43109104,9220412,33988,23871,47.0,34.7
1962,11,7,6,79.2,150576,106507,25358,14896225,18762704,43109104,9220412,11172,16511,65.2,66.9
1963,11,8,1,40.4,59092,25676,4275,5495396,8245396,16233666,2424416,3398,4172,49.7,57.4
1964,11,8,2,72.7,31152,20799,5815,4965590,8245396,16233666,2424416,1065,1703,36.2,62.2
1965,11,8,3,69.3,71491,42413,14316,7504318,8245396,16233666,2424416,2260,1517,65.0,0.0
1966,11,8,4,37.1,25664,21385,2534,7508625,8245396,16233666,2424416,3854,2278,43.8,59.0
1967,11,8,5,95.0,40932,16747,5716,6275144,8245396,16233666,2424416,2488,1468,67.4,87.9
1968,11,8,6,92.9,21032,12531,3470,6296070,8245396,16233666,2424416,2450,815,36.7,65.7
1969,11,9,1,73.0,16841,12231,4134,1225693,1970598,4596529,665927,972,1608,54.1,46.4
1970,11,9,2,64.6,10669,7794,1893,1517652,1970598,4596529,665927,561,338,69.1,57.3
1971,11,9,3,87.6,8264,5931,2057,1359340,1970598,4596529,665927,1467,507,36.4,71.3
1972,11,9,4,84.5,11249,9238,2084,1249788,1970598,4596529,665927,1966,640,27.4,96.9
1973,11,9,5,85.6,20786,15480,2529,1882140,1970598,4596529,665927,2004,2275,52.3,0.0
1974,11,9,6,76.8,10853,4781,1276,1358228,1970598,4596529,665927,905,159,34.5,82.0
1975,11,10,1,84.3,43412,25478,8365,8954806,9564464,22992975,3525897,4078,1988,66.1,50.4
1976,11,10,2,58.3,86159,36928,6987,7398461,9564464,22992975,3525897,2298,3327,72.7,44.0
1977,11,10,3,66.0,109072,55375,15013,6585097,9564464,22992975,3525897,3298,6220,68.8,57.3
1978,11,10,4,80.5,20280,9702,1745,7891409,9564464,22992975,3525897,2255,654,16.5,37.4
1979,11,10,5,60.6,28275,24595,2809,7475288,9564464,22992975,3525897,4710,2833,25.3,62.1
1980,11,10,6,77.2,51253,29497,4739,7727462,9564464,22992975,3525897,3030,2749,50.5,75.4
1981,11,11,1,44.3,187314,130624,15969,14686045,18575651,39808349,8273615,22136,9889,49.8,55.3
1982,11,11,2,58.9,116887,93144,17844,15198785,18575651,39808349,8273615,6197,6775,32.4,40.6
1983,11,11,3,79.2,145703,63542,19254,15777176,18575651,39808349,8273615,8009,5314,56.5,56.7
1984,11,11,4,62.1,128747,63589,17301,17645170,18575651,39808349,8273615,4700,7864,49.3,59.0
1985,11,11,5,84.4,58214,40109,12004,15306555,18575651,39808349,8273615,8912,5999,30.5,65.6
1986,11,11,6,56.4,54936,33978,10576,14629119,18575651,39808349,8273615,7867,4997,38.0,96.0
1987,11,12,1,54.1,35352,19000,6158,6740994,8800644,21682671,2877285,3562,3099,49.4,50.7
1988,11,12,2,98.6,18955,7591,1236,5792345,8800644,21682671,2877285,1396,382,71.5,45.7
1989,11,12,3,87.7,29063,13931,4258,8086408,8800644,21682671,2877285,1400,1453,54.4,45.0
1990,11,12,4,68.5,67458,33543,4573,7519956,8800644,21682671,2877285,4026,1420,32.7,41.3
1991,11,12,5,42.7,77835,67780,19166,6770042,8800644,21682671,2877285,7544,6883,27.3,14.0
1992,11,12,6,84.1,30202,29102,3189,7785515,8800644,21682671,2877285,1482,1489,54.8,65.1
1993,11,13,1,96.3,187142,112814,30952,19021731,21385977,50402585,8130669,15991,18313,44.7,52.5
1994,11,13,2,62.6,191379,135764,37516,16507269,21385977,50402585,8130669,26486,10238,49.0,33.6
1995,11,13,3,61.2,58778,52065,10504,18826140,21385977,50402585,8130669,9039,3598,79.0,33.3
1996,11,13,4,70.0,151835,120755,31171,20090770,21385977,50402585,8130669,12693,13482,82.6,71.1
1997,11,13,5,42.0,207306,108486,15864,16940048,21385977,50402585,8130669,16220,5304,51.1,43.9
1998,11,13,6,44.7,153731,68504,13095,13908192,21385977,50402585,8130669,13223,11896,58.7,52.4
1999,11,14,1,85.9,98735,87875,14697,19817609,30857115,68847826,12958350,21821,3896,47.6,43.9
2000,11,14,2,42.1,168126,97482,27164,26030028,30857115,68847826,12958350,7513,15413,26.2,69.7
2001,11,14,3,37.0,119332,61716,15898,23887934,30857115,68847826,12958350,13844,7699,55.0,44.2
2002,11,14,4,37.1,259080,140535,21291,27084799,30857115,68847826,12958350,10648,10403,52.1,66.4
2003,11,14,5,78.4,351202,188786,23983,20037403,30857115,68847826,12958350,19218,28262,57.6,32.0
2004,11,14,6,87.6,276590,112466,11647,28129299,30857115,68847826,12958350,9613,10579,40.9,92.8
2005,11,15,1,59.5,7610,6691,1420,626784,848145,1912312,293244,1126,965,48.2,58.0
2006,11,15,2,95.8,8123,7026,2188,611309,848145,1912312,293244,710,1092,74.2,43.5
2007,11,15,3,56.1,3067,2434,673,796858,848145,1912312,293244,360,337,45.4,84.9
2008,11,15,4,50.8,7628,6769,1525,789677,848145,1912312,293244,1300,249,20.9,62.6
2009,11,15,5,51.4,3572,3196,359,615292,848145,1912312,293244,641,183,28.6,44.6
2010,11,15,6,94.0,5894,5055,802,696996,848145,1912312,293244,361,734,20.5,63.8
2011,11,16,1,77.3,9396,5814,1339,956943,991044,2115820,455190,467,539,40.0,78.8
2012,11,16,2,54.4,1765,27048,181,959969,991044,2115820,455190,350,146,50.2,100.0
2013,11,16,3,56.5,1889,1222,387,6585097,991044,2115820,455190,247,85,52.4,93.7
2014,11,16,4,61.5,3799,2823,737,742412,991044,2115820,455190,465,340,48.8,18.7
2015,11,16,5,79.0,5206,4441,967,937648,991044,2115820,455190,965,527,54.7,43.6
2016,11,16,6,62.3,8182,3623,900,812765,991044,2115820,455190,720,147,44.3,16.7
2017,11,17,1,58.1,2096,854,297,204929,313615,696853,125746,59,137,36.6,64.7
2018,11,17,2,52.7,2472,1323,409,296258,313615,696853,125746,309,71,62.6,48.5
2019,11,17,3,92.2,3223,2709,376,254157,313615,696853,125746,268,171,43.5,79.6
2020,11,17,4,38.8,991,784,129,287585,313615,696853,125746,62,107,25.9,28.7
2021,11,17,5,62.2,44553,1854,630,237965,313615,696853,125746,197,89,29.3,62.8
2022,11,17,6,65.0,3193,2868,594,228231,313615,696853,125746,681,88,55.5,75.4
2023,11,18,1,80.4,5895,2652,865,597777,612081,1365161,254588,387,154,44.1,34.2
2024,11,18,2,38.5,2231,1963,340,552103,612081,1365161,254588,226,99,57.1,63.5
2025,11,18,3,71.0,2730,1970,552,449277,612081,1365161,254588,320,344,38.4,38.3
2026,11,18,4,52.0,3840,3113,452,431896,612081,1365161,254588,471,153,22.8,33.5
2027,11,18,5,65.6,2859,2076,546,435426,612081,1365161,254588,206,80,49.4,83.2
2028,11,18,6,94.6,3917,2240,361,456180,612081,1365161,254588,308,159,28.1,39.6
2029,11,19,1,82.3,95985,39741,13323,7160477,11784177,27754652,6453107,6044,6926,40.5,42.1
2030,11,19,2,81.1,105750,51357,17420,8472258,11784177,27754652,6453107,5356,2347,57.3,84.5
2031,11,19,3,98.0,120619,71237,20677,7497871,11784177,27754652,6453107,15123,10685,23.9,58.9
2032,11,19,4,43.0,77130,35378,6780,9676827,11784177,27754652,6453107,6641,4057,25.4,84.9
2033,11,19,5,64.2,137120,112746,34077,10826233,11784177,27754652,6453107,12299,5111,56.9,45.2
2034,11,19,6,76.0,101905,48175,13709,7723979,11784177,27754652,6453107,6362,1772,22.0,61.5
2035,11,20,1,78.8,45262,16605,5123,5604134,7671794,18931708,3575440,4079,1420,39.3,17.6
2036,11,20,2,93.4,37263,16103,3820,7091493,7671794,18931708,3575440,3429,1141,42.9,45.9
2037,11,20,3,93.3,20253,15891,3331,5210367,7671794,18931708,3575440,1263,2619,41.5,48.0
2038,11,20,4,62.5,15715,7675,1524,5741099,7671794,18931708,3575440,1378,1224,60.5,49.9
2039,11,20,5,92.3,87862,28710,20018,6827318,7671794,18931708,3575440,6124,8720,28.2,62.6
2040,11,20,6,76.2,46636,23500,5142,6930690,7671794,18931708,3575440,5329,4015,55.7,50.7
2041,11,21,1,79.6,183202,29447,17910,15780511,20984118,49518610,8523890,10432,12961,55.1,17.6
2042,11,21,2,56.2,101255,48762,5061,19474722,20984118,49518610,8523890,4249,3975,86.8,27.1
2043,11,21,3,80.2,203375,104029,20771,13379850,20984118,49518610,8523890,12344,14246,52.2,40.9
2044,11,21,4,91.3,64982,42434,8787,17429987,20984118,49518610,8523890,8651,5308,75.2,74.4
2045,11,21,5,87.9,181271,156830,35202,16472714,20984118,49518610,8523890,10313,18892,69.4,66.6
2046,11,21,6,77.6,58227,42145,7716,17223087,20984118,49518610,8523890,2646,1987,63.1,24.8
2047,11,22,1,64.3,1979,1421,297,152562,172180,422140,71074,347,175,40.2,60.5
2048,11,22,2,37.9,1426,883,267,161795,172180,422140,71074,79,117,46.8,22.8
2049,11,22,3,45.7,973,752,230,158620,172180,422140,71074,76,104,66.7,76.2
2050,11,22,4,52.3,1758,1446,255,157483,172180,422140,71074,175,142,57.4,67.4
2051,11,22,5,89.8,1379,713,175,130041,172180,422140,71074,113,59,100.0,64.3
2052,11,22,6,91.3,1570,932,300,112525,172180,422140,71074,96,76,40.1,71.9
2053,11,23,1,47.4,183581,99520,24224,13286306,18738867,47333720,9854749,17693,12584,42.2,66.6
2054,11,23,2,49.5,49089,26399,4149,13609430,18738867,47333720,9854749,6272,1848,50.2,27.3
2055,11,23,3,63.2,220506,109228,20642,12495876,18738867,47333720,9854749,12035,3592,54.2,46.6
2056,11,23,4,62.6,51743,44225,10674,12057314,18738867,47333720,9854749,3890,6982,41.2,56.8
2057,11,23,5,42.8,46809,34592,5494,13559391,18738867,47333720,9854749,3995,4837,34.4,75.6
2058,11,23,6,76.3,160565,93207,30225,13011675,18738867,47333720,9854749,15157,16701,49.8,37.2
2059,11,24,1,83.6,65854,44045,7317,7461525,10064718,24265243,4387751,9968,4723,36.9,48.7
2060,11,24,2,66.8,88939,54321,6109,8095471,10064718,24265243,4387751,11334,4255,43.6,44.5
2061,11,24,3,56.7,63641,48597,5989,7825436,10064718,24265243,4387751,8890,5548,1.3,60.0
2062,11,24,4,97.7,33827,17379,2701,8654717,10064718,24265243,4387751,2865,2483,66.5,46.7
2063,11,24,5,48.8,97959,64633,10347,6664271,10064718,24265243,4387751,8828,7543,48.9,41.0
2064,11,24,6,83.4,28689,16759,2221,6297041,10064718,24265243,4387751,4144,1645,54.1,37.5
2065,11,25,1,37.6,7458,4935,1113,713819,1003197,2360925,440026,861,741,48.1,65.0
2066,11,25,2,54.3,4421,3462,834,619841,1003197,2360925,440026,652,238,48.5,57.0
2067,11,25,3,53.9,5565,4726,693,930210,1003197,2360925,440026,539,353,46.4,84.4
2068,11,25,4,69.2,5011,2881,525,812073,1003197,2360925,440026,534,460,20.2,54.0
2069,11,25,5,69.5,3379,2056,599,770288,1003197,2360925,440026,216,111,52.8,61.0
2070,11,25,6,65.5,9485,4253,679,975630,1003197,2360925,440026,599,307,40.5,19.8
2071,11,26,1,99.0,410469,266185,31540,53381445,59241830,139120013,27949614,14151,36712,44.8,58.6
2072,11,26,2,77.5,510435,325746,60797,51340074,59241830,139120013,27949614,62339,54940,45.4,45.4
2073,11,26,3,81.7,530133,232547,77675,49645469,59241830,139120013,27949614,42597,7246,32.4,55.7
2074,11,26,4,73.6,362524,192243,51930,39005424,59241830,139120013,27949614,11050,11685,49.9,63.1
2075,11,26,5,87.5,416614,336347,70018,57814873,59241830,139120013,27949614,76341,58229,23.6,52.2
2076,11,26,6,57.6,223512,197943,27048,39152685,59241830,139120013,27949614,46006,10648,49.9,75.4
2077,11,27,1,45.5,28890,21832,3816,3685481,5600199,12052060,2222435,2449,1025,47.6,61.0
2078,11,27,2,72.6,45446,33379,4385,4410689,5600199,12052060,2222435,2572,2476,79.9,58.1
2079,11,27,3,98.7,55650,31540,8371,4203306,5600199,12052060,2222435,5678,1733,50.7,64.3
2080,11,27,4,51.6,19482,12429,3569,3697669,5600199,12052060,2222435,1330,650,35.2,53.6
2081,11,27,5,65.0,24386,19380,3329,4291516,5600199,12052060,2222435,1702,1926,58.4,56.3
2082,11,27,6,85.1,12545,8841,1560,4114366,5600199,12052060,2222435,1695,745,28.0,74.1
2083,11,28,1,64.5,255761,226746,66504,20097321,27083545,61637153,10515567,48951,18427,45.7,75.0
2084,11,28,2,46.2,256257,227179,44954,6631720,27083545,61637153,10515567,30078,30358,42.5,79.2
2085,11,28,3,40.5,288952,208833,49076,19391064,27083545,61637153,10515567,37224,18519,34.3,25.1
2086,11,28,4,72.4,93401,48213,15876,19736553,27083545,61637153,10515567,8831,7205,60.4,18.4
2087,11,28,5,87.6,233315,115638,32879,23731466,27083545,61637153,10515567,16620,16432,63.0,53.2
2088,11,28,6,83.1,245507,129447,23213,23605422,27083545,61637153,10515567,19974,7831,49.7,55.4
2089,11,29,1,61.0,29570,25923,5949,7616219,8354539,20684797,3904360,3649,1007,48.1,57.9
2090,11,29,2,51.4,97020,82862,15371,5182616,8354539,20684797,3904360,6356,5500,31.0,61.3
2091,11,29,3,70.1,65407,30425,3904,5330104,8354539,20684797,3904360,2861,2781,27.8,53.5
2092,11,29,4,78.0,94301,74726,22257,7069469,8354539,20684797,3904360,4326,9945,90.6,58.4
2093,11,29,5,88.0,29709,28710,4148,8112163,8354539,20684797,3904360,4240,3210,38.3,43.3
2094,11,29,6,70.9,52572,45644,11977,6613341,8354539,20684797,3904360,9062,7824,24.1,40.3
2095,11,30,1,46.7,39036,21096,4711,3101156,3379403,7698945,1367641,1577,1091,60.9,76.1
2096,11,30,2,75.4,36912,27091,5746,3235066,3379403,7698945,1367641,4958,3861,28.0,55.0
2097,11,30,3,60.4,21623,10775,1371,2441750,3379403,7698945,1367641,1678,1225,62.4,33.5
2098,11,30,4,60.3,30518,17772,4879,3068104,3379403,7698945,1367641,2124,2270,71.1,92.0
2099,11,30,5,91.3,25127,17484,3422,2256914,3379403,7698945,1367641,3760,1813,72.1,66.7
2100,11,30,6,89.8,25145,11835,4117,2130306,3379403,7698945,1367641,1343,1854,47.9,31.1
2101,11,31,1,96.8,576,251,70,67608,79565,172337,25959,49,19,39.0,54.3
2102,11,31,2,68.1,666,503,126,72988,79565,172337,25959,40,66,21.5,58.2
2103,11,31,3,67.6,709,406,127,75577,79565,172337,25959,53,55,35.6,85.8
2104,11,31,4,96.6,374,211,65,72898,79565,172337,25959,20,22,43.7,55.6
2105,11,31,5,71.6,337,157,19,61609,79565,172337,25959,24,17,63.4,40.3
2106,11,31,6,87.4,444,311,66,67862,79565,172337,25959,39,51,45.8,66.2
2107,11,32,1,98.0,3354,1911,632,245312,400249,853548,126585,179,299,71.8,56.6
2108,11,32,2,76.1,809,381,81,6631720,400249,853548,126585,34,35,51.5,63.2
2109,11,32,3,78.5,2601,1547,424,270578,400249,853548,126585,203,159,38.3,52.6
2110,11,32,4,72.1,3358,2188,407,264792,400249,853548,126585,404,96,33.0,94.3
2111,11,32,5,68.9,1847,934,177,316446,400249,853548,126585,157,84,57.5,61.5
2112,11,32,6,39.8,4358,2533,440,303107,400249,853548,126585,626,433,47.7,22.0
2113,12,1,1,79.5,52698,29447,4126,9887754,14381486,31715252,7181429,2004,901,37.0,52.6
2114,12,1,2,36.3,98513,27048,14437,13369667,14381486,31715252,7181429,10078,10328,63.0,44.6
2115,12,1,3,50.3,47803,29511,10691,13446484,14381486,31715252,7181429,2645,1484,62.6,58.0
2116,12,1,4,62.3,42290,36014,5396,11967221,14381486,31715252,7181429,2936,6058,49.9,65.1
2117,12,1,5,63.5,35106,24021,5198,10257661,14381486,31715252,7181429,3932,2859,14.0,38.4
2118,12,1,6,41.4,90740,59372,12250,13712050,14381486,31715252,7181429,14244,7545,41.5,0.0
2119,12,2,1,72.3,997,573,103,305672,465751,983425,218899,105,54,75.6,71.0
2120,12,2,2,59.9,3555,2453,551,305558,465751,983425,218899,367,230,75.7,40.3
2121,12,2,3,56.0,1794,854,207,304960,465751,983425,218899,94,114,64.1,55.0
2122,12,2,4,68.9,4586,2004,240,335116,465751,983425,218899,151,80,18.6,82.9
2123,12,2,5,49.1,3072,2233,465,413484,465751,983425,218899,491,236,79.1,51.0
2124,12,2,6,41.7,2101,1459,173,420269,465751,983425,218899,361,70,61.3,57.1
2125,12,3,1,70.9,31511,22792,6006,9065508,9410986,19658811,4407924,1683,2182,68.1,1.4
2126,12,3,2,42.2,44152,10745,2060,6221373,9410986,19658811,4407924,2188,494,60.2,30.7
2127,12,3,3,42.9,20556,11857,1610,7914954,9410986,19658811,4407924,2222,1216,37.4,69.5
2128,12,3,4,84.2,24250,12178,3247,8899787,9410986,19658811,4407924,883,1590,57.6,54.7
2129,12,3,5,45.8,57881,43476,9621,6616154,9410986,19658811,4407924,7674,5015,75.2,49.6
2130,12,3,6,94.0,61201,49989,16272,8288724,9410986,19658811,4407924,9560,6337,33.7,52.5
2131,12,4,1,70.3,200990,103464,25118,29506997,36441128,75965633,13903949,10979,14696,13.0,15.1
2132,12,4,2,69.5,373765,159444,52056,23343402,36441128,75965633,13903949,22211,27235,88.4,63.3
2133,12,4,3,60.0,47803,29511,51785,24765332,36441128,75965633,13903949,17579,6043,36.5,38.2
2134,12,4,4,73.3,72038,36816,10363,23096082,36441128,75965633,13903949,2532,4542,82.6,50.4
2135,12,4,5,53.6,334614,169792,29057,33925528,36441128,75965633,13903949,17948,16037,43.0,68.2
2136,12,4,6,57.3,157920,116200,18910,28968252,36441128,75965633,13903949,15530,8845,51.9,73.7
2137,12,5,1,84.6,63348,55518,7456,6034023,7968412,17242008,2471003,3590,4383,21.4,56.5
2138,12,5,2,46.8,41633,36396,4673,7367976,7968412,17242008,2471003,1831,3910,80.2,48.5
2139,12,5,3,41.7,51153,21932,7319,5151295,7968412,17242008,2471003,2860,3660,33.6,93.4
2140,12,5,4,58.0,42957,21204,2865,5295199,7968412,17242008,2471003,4244,2210,34.9,61.5
2141,12,5,5,63.4,79269,46442,13086,7516778,7968412,17242008,2471003,8645,5132,71.4,99.2
2142,12,5,6,87.6,17882,9996,3437,5691721,7968412,17242008,2471003,890,723,64.2,21.9
2143,12,6,1,85.1,2495,1894,488,299769,421103,951156,153526,175,196,43.8,28.4
2144,12,6,2,37.8,2003,1047,128,296999,421103,951156,153526,76,72,58.7,12.2
2145,12,6,3,47.7,2920,1870,234,367795,421103,951156,153526,465,182,61.2,55.7
2146,12,6,4,93.3,1382,911,302,327530,421103,951156,153526,172,50,40.2,85.6
2147,12,6,5,48.4,1269,907,130,373880,421103,951156,153526,113,92,51.5,59.4
2148,12,6,6,50.9,1083,568,91,392136,421103,951156,153526,136,34,75.4,41.5
2149,12,7,1,51.9,167555,134338,32100,13369079,21050680,39202295,9607781,22422,9510,56.3,36.1
2150,12,7,2,59.2,106296,75984,18569,16587048,21050680,39202295,9607781,7884,13334,23.9,63.0
2151,12,7,3,40.6,148137,114385,22390,15046777,21050680,39202295,9607781,23352,7268,52.8,66.1
2152,12,7,4,86.9,171697,81831,11704,14109502,21050680,39202295,9607781,6419,10973,69.8,52.8
2153,12,7,5,41.8,72683,39485,13468,18239318,21050680,39202295,9607781,3771,5401,58.1,73.0
2154,12,7,6,70.0,168330,94445,23183,13225198,21050680,39202295,9607781,21525,8274,44.1,60.6
2155,12,8,1,86.5,52640,43555,6302,6338677,7133884,17163080,2741935,8881,7147,57.5,40.7
2156,12,8,2,47.2,37349,28785,8654,6907699,7133884,17163080,2741935,2076,872,38.7,73.4
2157,12,8,3,77.2,52775,34311,5113,6214472,7133884,17163080,2741935,6826,5235,37.1,65.5
2158,12,8,4,81.1,62025,43836,12449,6041574,7133884,17163080,2741935,9547,6278,54.8,27.1
2159,12,8,5,98.1,51166,39514,7724,6520678,7133884,17163080,2741935,5384,2287,40.2,34.0
2160,12,8,6,45.7,51977,43349,10755,5482145,7133884,17163080,2741935,10515,7000,48.0,60.1
2161,12,9,1,65.5,19039,29447,4590,1564257,1869838,4435249,707523,1728,1189,45.8,67.9
2162,12,9,2,55.4,21436,8728,2308,1170233,1869838,4435249,707523,631,1232,38.0,58.1
2163,12,9,3,37.5,20744,11929,2390,1501408,1869838,4435249,707523,1366,657,61.1,68.7
2164,12,9,4,48.1,8362,5367,686,1231575,1869838,4435249,707523,348,816,49.0,43.0
2165,12,9,5,49.7,6295,3946,408,1532972,1869838,4435249,707523,298,552,45.1,50.9
2166,12,9,6,96.2,20451,12847,3345,1783884,1869838,4435249,707523,3080,1061,49.9,55.6
2167,12,10,1,67.1,35345,29447,6423,6616824,10824267,23234992,3810347,5011,1000,64.7,67.4
2168,12,10,2,79.1,95511,58371,18790,8414025,10824267,23234992,3810347,14014,4658,66.6,60.2
2169,12,10,3,75.2,47632,42736,14626,8845380,10824267,23234992,3810347,10265,7570,38.8,57.0
2170,12,10,4,70.9,39057,33244,8072,9379285,10824267,23234992,3810347,3468,5004,16.2,59.8
2171,12,10,5,40.9,86887,71370,9883,7829476,10824267,23234992,3810347,6552,10254,63.9,56.0
2172,12,10,6,70.5,52300,32836,5154,9564285,10824267,23234992,3810347,4227,2964,49.1,35.6
2173,12,11,1,98.9,163488,130447,18388,17563741,19784761,40277550,8117105,9870,13502,52.6,40.9
2174,12,11,2,96.3,79380,62204,8510,16157543,19784761,40277550,8117105,9222,3721,13.4,86.2
2175,12,11,3,66.8,120949,68806,16263,12082499,19784761,40277550,8117105,9751,12129,28.7,28.1
2176,12,11,4,45.9,109084,45549,8683,18278471,19784761,40277550,8117105,6686,5770,54.6,73.6
2177,12,11,5,91.3,84322,51517,17482,17399450,19784761,40277550,8117105,7867,5060,54.5,45.5
2178,12,11,6,41.1,128011,112619,17120,15311912,19784761,40277550,8117105,19914,13093,66.2,61.5
2179,12,12,1,92.3,30954,23615,5242,7471901,10491783,20714985,4900866,5379,1964,65.4,62.3
2180,12,12,2,72.6,73491,63944,13875,9204987,10491783,20714985,4900866,9011,8137,56.7,60.7
2181,12,12,3,89.0,84820,41568,6340,6639267,10491783,20714985,4900866,4561,5738,42.0,81.8
2182,12,12,4,40.6,67108,60135,18366,7617226,10491783,20714985,4900866,4246,8026,53.2,78.8
2183,12,12,5,54.4,24077,10932,1865,6620553,10491783,20714985,4900866,1645,1881,36.8,58.0
2184,12,12,6,53.0,60287,37842,5444,6703549,10491783,20714985,4900866,3592,6618,32.7,62.4
2185,12,13,1,50.9,80967,60627,19476,15263218,22779500,48471669,11122874,4698,5407,66.9,30.2
2186,12,13,2,59.0,152877,128680,42321,17762446,22779500,48471669,11122874,28204,15013,24.7,33.9
2187,12,13,3,95.7,165732,112331,33458,20107827,22779500,48471669,11122874,8409,17781,0.0,80.2
2188,12,13,4,57.8,234361,155574,18544,20202264,22779500,48471669,11122874,19908,17040,33.5,49.1
2189,12,13,5,98.6,184771,143397,29689,18606460,22779500,48471669,11122874,18089,25635,94.9,49.8
2190,12,13,6,82.1,141302,83069,17528,21700416,22779500,48471669,11122874,5468,7677,59.2,96.0
2191,12,14,1,76.2,289498,171959,28087,24933069,34979090,73669252,13083372,40660,24185,71.2,78.4
2192,12,14,2,50.0,195919,93543,23605,21928617,34979090,73669252,13083372,6734,10521,50.2,67.0
2193,12,14,3,46.1,148027,120741,24130,33566236,34979090,73669252,13083372,8408,9251,85.1,65.5
2194,12,14,4,85.3,244883,172142,55139,22146652,34979090,73669252,13083372,13279,24106,69.9,28.4
2195,12,14,5,51.6,185396,113976,21366,24426942,34979090,73669252,13083372,17161,11985,52.5,77.3
2196,12,14,6,77.1,124321,108933,34055,27392751,34979090,73669252,13083372,22024,11535,37.6,43.9
2197,12,15,1,81.3,6197,5111,1152,673453,903164,1871121,254965,1108,297,60.2,25.2
2198,12,15,2,48.3,6488,3721,678,585740,903164,1871121,254965,885,111,43.0,82.0
2199,12,15,3,81.3,7264,5177,1313,697692,903164,1871121,254965,1126,164,52.5,58.1
2200,12,15,4,54.7,4590,3244,641,758942,903164,1871121,254965,264,196,48.1,43.2
2201,12,15,5,79.5,8653,4585,848,810437,903164,1871121,254965,995,535,61.9,66.7
2202,12,15,6,94.7,5082,2177,388,883083,903164,1871121,254965,252,80,76.6,69.0
2203,12,16,1,58.6,4478,2974,935,795454,983199,2031898,378978,260,262,28.8,40.4
2204,12,16,2,48.7,2298,1466,304,691975,983199,2031898,378978,251,75,34.0,79.6
2205,12,16,3,40.2,1951,1657,273,802223,983199,2031898,378978,144,260,50.4,82.4
2206,12,16,4,49.7,8172,7334,2480,953077,983199,2031898,378978,786,550,76.8,63.8
2207,12,16,5,39.5,5080,3762,1232,595483,983199,2031898,378978,855,244,46.9,97.2
2208,12,16,6,86.3,6891,29102,1805,652816,983199,2031898,378978,1135,307,65.2,58.8
2209,12,17,1,81.4,1757,893,288,201563,309300,683910,101334,203,88,66.3,75.8
2210,12,17,2,76.4,1650,953,332,237908,309300,683910,101334,111,114,45.4,37.0
2211,12,17,3,37.7,1301,772,155,245588,309300,683910,101334,91,44,54.0,86.1
2212,12,17,4,86.8,1792,870,189,258813,309300,683910,101334,47,100,57.9,52.1
2213,12,17,5,94.3,710,322,40,295019,309300,683910,101334,35,30,51.0,51.4
2214,12,17,6,93.7,2029,1235,333,249538,309300,683910,101334,214,187,68.6,73.9
2215,12,18,1,56.2,4746,3834,677,495456,572991,1213603,211927,910,246,72.7,68.4
2216,12,18,2,74.0,3027,1921,209,351272,572991,1213603,211927,158,251,27.1,34.5
2217,12,18,3,89.3,3817,2717,408,382323,572991,1213603,211927,483,170,85.4,41.8
2218,12,18,4,76.1,2982,1219,218,354363,572991,1213603,211927,211,203,29.0,12.5
2219,12,18,5,41.9,6007,3911,792,358494,572991,1213603,211927,808,685,58.7,31.4
2220,12,18,6,58.2,3179,2238,678,352858,572991,1213603,211927,322,347,54.6,76.0
2221,12,19,1,95.0,131709,73287,7414,8367085,11878607,26959677,5502700,9466,5048,39.8,61.5
2222,12,19,2,72.9,125520,81006,19060,10255179,11878607,26959677,5502700,14344,14466,38.1,73.7
2223,12,19,3,54.9,61544,47917,12393,10201944,11878607,26959677,5502700,4024,5941,68.7,32.8
2224,12,19,4,52.2,93974,78511,9574,9609314,11878607,26959677,5502700,17465,10564,34.3,59.8
2225,12,19,5,71.3,28936,28710,3080,8906498,11878607,26959677,5502700,2670,518,43.6,46.1
2226,12,19,6,50.3,29639,17248,2668,8329785,11878607,26959677,5502700,958,2093,64.2,76.3
2227,12,20,1,67.0,44025,18778,4912,6730835,7655938,16619360,4051383,2079,1515,47.4,49.8
2228,12,20,2,62.7,68220,31444,9894,6740690,7655938,16619360,4051383,6852,4383,28.8,46.1
2229,12,20,3,49.8,18817,12859,2377,5625990,7655938,16619360,4051383,2686,2107,27.7,57.6
2230,12,20,4,76.6,58968,39568,10827,6373184,7655938,16619360,4051383,3557,3059,66.3,54.0
2231,12,20,5,94.6,76439,43718,11239,5417947,7655938,16619360,4051383,9510,6303,31.6,37.1
2232,12,20,6,53.1,40500,29104,4283,4748132,7655938,16619360,4051383,3748,1446,42.5,94.4
2233,12,21,1,69.2,70633,29525,7870,18981203,20819217,50795038,8512971,3274,2490,74.4,9.1
2234,12,21,2,36.8,144329,120545,20858,16354957,20819217,50795038,8512971,22666,9692,22.3,40.8
2235,12,21,3,86.2,134277,94360,18959,15599706,20819217,50795038,8512971,7305,6264,20.6,69.3
2236,12,21,4,61.6,82606,66303,13881,17801317,20819217,50795038,8512971,13747,6089,35.1,64.3
2237,12,21,5,70.2,70069,37944,12539,16508108,20819217,50795038,8512971,4349,6304,23.0,42.5
2238,12,21,6,75.1,219259,147766,38219,15067130,20819217,50795038,8512971,12686,13827,45.9,57.6
2239,12,22,1,82.0,926,578,127,157186,176113,425723,62354,138,75,56.2,72.2
2240,12,22,2,66.4,648,289,58,118672,176113,425723,62354,45,44,41.8,65.0
2241,12,22,3,37.9,376,167,41,171415,176113,425723,62354,22,8,24.2,99.8
2242,12,22,4,41.4,1716,861,146,6690069,176113,425723,62354,164,72,49.6,48.5
2243,12,22,5,77.2,508,450,108,125561,176113,425723,62354,82,66,31.2,19.5
2244,12,22,6,37.7,1067,660,76,136596,176113,425723,62354,130,63,34.2,63.7
2245,12,23,1,87.1,85360,51625,9476,17221737,19991751,46474438,10858984,2876,5617,24.9,69.4
2246,12,23,2,60.2,189480,145661,36591,15016472,19991751,46474438,10858984,14370,15816,20.7,83.3
2247,12,23,3,72.3,138374,78967,16527,13399101,19991751,46474438,10858984,14486,5274,47.9,34.7
2248,12,23,4,71.5,40916,28959,7629,6690069,19991751,46474438,10858984,2026,2806,76.8,15.0
2249,12,23,5,57.5,147500,69271,10847,16437035,19991751,46474438,10858984,3965,5733,54.9,50.8
2250,12,23,6,93.0,174842,79986,22706,15322165,19991751,46474438,10858984,7857,13291,18.5,49.7
2251,12,24,1,54.2,49995,34685,9696,8285056,11824064,23541846,3922322,4791,5909,37.5,70.3
2252,12,24,2,51.0,97108,82449,16994,7332701,11824064,23541846,3922322,7285,12149,45.8,97.4
2253,12,24,3,37.8,22349,10974,2238,6585097,11824064,23541846,3922322,2314,1528,18.0,61.1
2254,12,24,4,42.8,51977,25449,8802,10293869,11824064,23541846,3922322,3114,2594,46.1,68.5
2255,12,24,5,61.3,106276,54669,15462,10592847,11824064,23541846,3922322,9554,6901,67.9,42.1
2256,12,24,6,50.6,92608,74532,16491,7565072,11824064,23541846,3922322,17001,8474,56.0,31.5
2257,12,25,1,65.2,10446,6671,1633,697046,1038568,2482092,390848,680,879,18.4,48.9
2258,12,25,2,90.4,6390,3754,794,671193,1038568,2482092,390848,776,417,74.9,45.7
2259,12,25,3,66.1,2986,2634,586,651179,1038568,2482092,390848,357,379,60.0,82.2
2260,12,25,4,49.0,5275,4042,599,688261,1038568,2482092,390848,536,666,55.9,52.3
2261,12,25,5,75.2,2482,1236,184,978410,1038568,2482092,390848,306,197,52.2,63.5
2262,12,25,6,95.1,9672,7375,1080,738815,1038568,2482092,390848,1647,962,47.6,60.6
2263,12,26,1,64.5,574552,283557,57018,50362904,60894112,138797508,29438593,35872,15853,69.4,86.4
2264,12,26,2,59.0,455297,341998,118972,50459666,60894112,138797508,29438593,34177,52903,25.9,55.1
2265,12,26,3,73.3,616698,455416,117033,56138011,60894112,138797508,29438593,54515,20325,50.5,41.1
2266,12,26,4,54.3,616316,421489,116106,44215442,60894112,138797508,29438593,86393,21765,49.9,78.6
2267,12,26,5,79.2,521968,242098,67841,40264265,60894112,138797508,29438593,18169,42314,42.2,21.3
2268,12,26,6,49.3,402868,249094,77747,44974210,60894112,138797508,29438593,19977,42565,30.3,81.8
2269,12,27,1,51.5,20593,12629,3271,4306832,5756412,11859138,1601217,1596,1407,11.3,63.0
2270,12,27,2,45.8,31579,25445,6864,3533391,5756412,11859138,1601217,1358,3835,58.6,60.7
2271,12,27,3,61.3,21164,13002,2424,3639788,5756412,11859138,1601217,2499,1747,46.5,65.7
2272,12,27,4,94.6,16965,11007,2547,3787642,5756412,11859138,1601217,676,1081,41.5,64.5
2273,12,27,5,90.6,44037,20619,5086,4593645,5756412,11859138,1601217,1311,3329,57.6,59.8
2274,12,27,6,63.7,59911,44464,12938,4594245,5756412,11859138,1601217,2566,4717,21.9,54.0
2275,12,28,1,78.8,57925,40459,11171,19545960,23921509,55582417,13643945,9475,2957,51.6,36.2
2276,12,28,2,52.5,220933,125768,16354,22153892,23921509,55582417,13643945,20791,12993,50.2,0.0
2277,12,28,3,70.8,49937,31201,6093,21655753,23921509,55582417,13643945,3819,2270,37.7,69.1
2278,12,28,4,52.9,208398,137485,43051,16342488,23921509,55582417,13643945,30623,10307,28.4,21.0
2279,12,28,5,64.1,194193,145082,23230,21555905,23921509,55582417,13643945,35125,22517,43.7,34.3
2280,12,28,6,83.4,188352,122662,16021,15106697,23921509,55582417,13643945,8668,15676,77.1,73.5
2281,12,29,1,40.2,76414,35210,5718,6474705,8850987,18264393,3751308,2587,5553,65.4,20.3
2282,12,29,2,54.0,39375,17458,5573,6437783,8850987,18264393,3751308,1407,625,29.8,64.5
2283,12,29,3,56.4,20304,10414,1627,5443496,8850987,18264393,3751308,1185,1348,57.9,59.3
2284,12,29,4,86.9,64130,54506,13023,6374137,8850987,18264393,3751308,11980,4911,41.7,56.4
2285,12,29,5,38.4,82690,58319,16309,5379975,8850987,18264393,3751308,9338,4397,50.2,73.7
2286,12,29,6,66.9,58800,32532,4565,5604188,8850987,18264393,3751308,7760,2568,49.1,42.2
2287,12,30,1,40.7,29320,19869,4364,2982452,3325167,7659158,1208278,3489,1029,15.9,90.3
2288,12,30,2,41.2,28319,11876,2938,2070770,3325167,7659158,1208278,1493,725,38.8,45.9
2289,12,30,3,56.9,10574,5401,1671,3020632,3325167,7659158,1208278,1153,227,9.6,49.2
2290,12,30,4,40.8,36836,25071,3260,2579151,3325167,7659158,1208278,1578,4284,80.7,56.7
2291,12,30,5,88.9,13876,8552,1789,2155171,3325167,7659158,1208278,1769,768,45.9,49.1
2292,12,30,6,80.2,21389,16960,3654,2302148,3325167,7659158,1208278,2944,1738,39.8,71.8
2293,12,31,1,50.9,485,194,34,55589,87333,168547,29417,24,10,51.9,72.0
2294,12,31,2,93.9,217,112,25,70884,87333,168547,29417,15,7,40.0,63.9
2295,12,31,3,86.0,253,29511,13,6585097,87333,168547,29417,12,17,34.2,25.3
2296,12,31,4,37.3,584,314,68,52983,87333,168547,29417,51,35,49.0,55.7
2297,12,31,5,97.9,207,28710,21,62025,87333,168547,29417,10,5,37.8,47.1
2298,12,31,6,60.2,220,196,54,68322,87333,168547,29417,47,15,54.2,40.8
2299,12,32,1,76.6,3706,2375,272,328227,402538,918335,204825,254,121,41.1,55.2
2300,12,32,2,61.7,3852,2567,858,365415,402538,918335,204825,134,432,33.2,71.3
2301,12,32,3,50.4,1476,774,159,363541,402538,918335,204825,174,34,70.9,35.2
2302,12,32,4,79.9,2899,1868,588,363521,402538,918335,204825,354,308,62.2,83.2
2303,12,32,5,83.9,1110,665,159,318155,402538,918335,204825,42,84,24.7,61.7
2304,12,32,6,45.6,863,417,93,249393,402538,918335,204825,40,13,25.4,72.9
2305,13,1,1,96.3,45262,65164,14464,14901127,15637787,30142965,6264100,9911,2927,42.9,82.3
2306,13,1,2,83.2,32392,22792,6639,10489047,15637787,30142965,6264100,4390,3230,70.8,73.2
2307,13,1,3,48.3,78177,59323,8817,13979049,15637787,30142965,6264100,7829,3527,61.8,68.2
2308,13,1,4,74.3,81694,56279,6133,10008025,15637787,30142965,6264100,3532,7655,69.5,48.0
2309,13,1,5,70.3,30507,12520,3520,9459161,15637787,30142965,6264100,2645,2097,51.4,60.9
2310,13,1,6,93.9,44526,128973,18690,10417503,15637787,30142965,6264100,17734,19425,34.3,67.1
2311,13,2,1,68.3,1617,1025,161,368017,407736,893699,172145,219,154,44.4,53.0
2312,13,2,2,71.8,4672,1876,365,260834,407736,893699,172145,235,73,34.8,31.4
2313,13,2,3,56.7,3182,2065,292,313301,407736,893699,172145,136,354,61.4,66.1
2314,13,2,4,93.6,2134,1324,242,269098,407736,893699,172145,172,144,30.9,42.2
2315,13,2,5,69.5,4058,3185,562,379853,407736,893699,172145,468,359,73.0,63.9
2316,13,2,6,77.4,44526,3716,450,246962,407736,893699,172145,698,235,41.3,47.3
2317,13,3,1,50.9,75014,49420,7271,5510286,8564657,22176575,3614404,6664,5552,15.1,84.3
2318,13,3,2,77.1,58107,41597,10837,8230594,8564657,22176575,3614404,10185,3681,51.4,71.3
2319,13,3,3,68.5,21586,14691,2313,7217155,8564657,22176575,3614404,2129,1928,34.4,54.3
2320,13,3,4,47.7,65958,43938,12362,6716734,8564657,22176575,3614404,4391,6833,36.1,59.5
2321,13,3,5,90.9,26862,11413,3351,7995701,8564657,22176575,3614404,2638,552,32.4,43.6
2322,13,3,6,79.1,59279,24813,6257,8284010,8564657,22176575,3614404,6072,3246,38.3,46.3
2323,13,4,1,66.1,192489,149001,42487,27439660,36417270,77701813,12299169,10319,11816,47.9,32.8
2324,13,4,2,37.8,265191,152027,28740,23546918,36417270,77701813,12299169,13519,5491,44.3,63.5
2325,13,4,3,57.1,168987,149034,26528,25050466,36417270,77701813,12299169,18942,19941,39.4,18.5
2326,13,4,4,97.5,349775,306141,36308,29149476,36417270,77701813,12299169,65953,44691,13.3,51.3
2327,13,4,5,92.3,373397,241124,38867,24677986,36417270,77701813,12299169,47488,15078,36.0,15.6
2328,13,4,6,52.4,100807,75316,21307,24236104,36417270,77701813,12299169,4778,3258,73.1,32.5
2329,13,5,1,74.5,79039,32437,8128,5268844,8773672,17505493,3569080,4886,2685,77.4,19.1
2330,13,5,2,63.0,45677,38683,9268,5396877,8773672,17505493,3569080,4623,5023,56.3,57.4
2331,13,5,3,64.7,29236,23510,2553,8518338,8773672,17505493,3569080,4751,1878,33.2,50.7
2332,13,5,4,90.3,17944,8708,1372,5961395,8773672,17505493,3569080,2112,808,62.6,39.7
2333,13,5,5,43.7,78477,46148,5194,6889422,8773672,17505493,3569080,6106,5311,38.8,33.0
2334,13,5,6,48.3,81053,35444,9121,6677343,8773672,17505493,3569080,3068,1759,49.2,62.4
2335,13,6,1,77.8,2481,2232,769,439169,449110,923274,174566,416,383,19.3,41.5
2336,13,6,2,90.8,44152,1866,537,413240,449110,923274,174566,106,224,36.5,88.5
2337,13,6,3,73.5,3350,1826,246,319783,449110,923274,174566,264,133,68.0,36.2
2338,13,6,4,74.5,1465,884,234,346436,449110,923274,174566,102,97,56.5,34.6
2339,13,6,5,78.8,1792,1109,227,417451,449110,923274,174566,69,105,29.1,55.2
2340,13,6,6,98.4,3606,2609,759,344515,449110,923274,174566,543,330,82.8,68.3
2341,13,7,1,55.8,48454,32631,7765,14819760,17747123,40364133,9342549,2128,2693,71.9,58.8
2342,13,7,2,48.8,143073,73630,8841,12456602,17747123,40364133,9342549,3742,8481,24.0,46.3
2343,13,7,3,70.0,55015,31729,7194,15462091,17747123,40364133,9342549,6428,2363,60.8,81.9
2344,13,7,4,49.3,201917,144663,48707,15486755,17747123,40364133,9342549,27073,14715,54.2,21.0
2345,13,7,5,44.1,204517,111229,22647,6665596,17747123,40364133,9342549,10295,13447,71.2,76.8
2346,13,7,6,45.6,172033,127464,26345,11716324,17747123,40364133,9342549,29660,18478,60.8,69.0
2347,13,8,1,58.9,41552,17626,3339,5207602,8486591,16847995,3621167,2764,1508,34.9,53.5
2348,13,8,2,75.7,66293,29045,4152,8193391,8486591,16847995,3621167,1612,2943,57.0,62.9
2349,13,8,3,44.7,64715,43871,7852,5698396,8486591,16847995,3621167,5579,7045,77.7,66.2
2350,13,8,4,39.7,46776,19071,3188,6887876,8486591,16847995,3621167,4676,1959,54.8,44.4
2351,13,8,5,81.2,24752,11435,2321,5762834,8486591,16847995,3621167,823,594,16.4,63.0
2352,13,8,6,55.6,59671,40071,7433,6691052,8486591,16847995,3621167,2018,3363,38.4,38.8
2353,13,9,1,96.4,19851,10040,3312,1710919,1890884,4293122,660327,579,321,77.1,78.5
2354,13,9,2,38.3,18670,13102,3930,1758400,1890884,4293122,660327,1587,1165,48.2,45.8
2355,13,9,3,41.9,8649,6153,1283,1727644,1890884,4293122,660327,1440,407,54.0,61.6
2356,13,9,4,95.1,5518,4624,1276,1348645,1890884,4293122,660327,637,558,42.2,28.1
2357,13,9,5,81.1,18811,14545,3989,1487358,1890884,4293122,660327,736,651,56.4,55.0
2358,13,9,6,89.7,4917,3325,656,1657273,1890884,4293122,660327,298,288,49.9,85.3
2359,13,10,1,79.3,71440,32385,9366,7870391,10331118,22447759,3792069,4386,1581,46.1,68.2
2360,13,10,2,60.4,50696,28574,4512,7110819,10331118,22447759,3792069,2150,5135,62.8,66.5
2361,13,10,3,61.3,26946,21850,2610,8814836,10331118,22447759,3792069,1436,3857,56.0,54.8
2362,13,10,4,39.2,97543,61550,14193,7133901,10331118,22447759,3792069,10515,11056,47.1,43.6
2363,13,10,5,88.9,43540,26789,7500,6889588,10331118,22447759,3792069,3528,1611,52.5,61.7
2364,13,10,6,75.1,76765,48070,11752,8207865,10331118,22447759,3792069,10422,4513,56.5,7.7
2365,13,11,1,60.3,45262,43017,12278,13433540,17592136,40351554,5564251,5898,6795,30.0,50.7
2366,13,11,2,67.6,154509,121333,12518,16426846,17592136,40351554,5564251,28500,20911,47.9,61.4
2367,13,11,3,76.4,66565,46193,14155,13843749,17592136,40351554,5564251,3602,6586,50.2,75.9
2368,13,11,4,90.4,145424,111113,36238,15634514,17592136,40351554,5564251,5824,16214,64.6,24.7
2369,13,11,5,69.4,111467,79129,20752,13187481,17592136,40351554,5564251,18575,7204,56.9,33.5
2370,13,11,6,53.7,169381,91171,20515,11967325,17592136,40351554,5564251,13066,3235,53.9,69.3
2371,13,12,1,57.1,63242,43772,10734,5902933,9719298,20235335,3228825,7232,5531,63.3,59.7
2372,13,12,2,70.1,28036,11505,2094,8364203,9719298,20235335,3228825,717,2006,36.4,26.4
2373,13,12,3,95.1,53733,22706,6149,6585097,9719298,20235335,3228825,4771,3815,52.7,60.5
2374,13,12,4,90.4,59076,32010,3726,6040386,9719298,20235335,3228825,7049,1697,48.4,64.4
2375,13,12,5,51.3,100790,69980,8813,7590929,9719298,20235335,3228825,6386,5794,54.1,88.6
2376,13,12,6,88.3,53614,25013,4071,7380392,9719298,20235335,3228825,1394,2411,54.9,54.2
2377,13,13,1,70.1,232553,179199,58009,21524510,24265992,50450484,8223310,33228,19591,58.7,55.2
2378,13,13,2,79.0,245801,197802,30819,17833223,24265992,50450484,8223310,40291,18906,61.4,48.8
2379,13,13,3,69.1,159817,92979,19494,17055178,24265992,50450484,8223310,10863,4378,55.0,52.0
2380,13,13,4,84.8,178232,142157,40379,17083136,24265992,50450484,8223310,31295,5758,71.9,79.0
2381,13,13,5,89.8,208978,160745,41608,18512847,24265992,50450484,8223310,21697,28849,61.7,31.1
2382,13,13,6,39.9,122363,96892,19472,18533703,24265992,50450484,8223310,8158,7784,71.9,53.7
2383,13,14,1,62.8,66274,33415,8123,24435188,30227667,74774612,12547142,2794,3513,65.8,42.9
2384,13,14,2,70.2,267530,190431,45401,19973669,30227667,74774612,12547142,14615,21434,82.4,29.0
2385,13,14,3,77.0,337053,217249,25874,25578284,30227667,74774612,12547142,26413,18729,22.1,92.5
2386,13,14,4,64.5,192867,99908,33366,20772656,30227667,74774612,12547142,24063,14073,49.9,85.6
2387,13,14,5,78.5,177092,28710,37083,22141769,30227667,74774612,12547142,7384,9293,86.8,58.1
2388,13,14,6,37.0,207076,117907,26408,28134766,30227667,74774612,12547142,16774,13838,63.8,26.6
2389,13,15,1,65.3,6575,4827,554,568951,881774,1878600,308971,770,424,29.9,41.7
2390,13,15,2,64.3,9270,5131,1162,635047,881774,1878600,308971,784,521,73.3,60.3
2391,13,15,3,62.2,7791,4595,651,808042,881774,1878600,308971,1096,356,61.9,53.3
2392,13,15,4,45.5,3530,2120,621,690574,881774,1878600,308971,411,362,63.1,66.9
2393,13,15,5,86.8,3557,28710,596,659858,881774,1878600,308971,378,245,48.5,67.2
2394,13,15,6,50.2,3512,2678,565,850475,881774,1878600,308971,565,255,81.4,62.9
2395,13,16,1,79.2,9482,6080,1591,807384,971570,2031089,432512,1219,233,52.6,16.1
2396,13,16,2,66.4,5343,2250,310,6631720,971570,2031089,432512,272,153,62.7,56.7
2397,13,16,3,75.5,1860,1225,241,832147,971570,2031089,432512,241,130,28.6,58.4
2398,13,16,4,71.5,8348,6923,2240,886467,971570,2031089,432512,732,777,34.5,37.9
2399,13,16,5,97.5,9819,6879,1883,846002,971570,2031089,432512,967,540,27.6,80.3
2400,13,16,6,60.1,2873,1612,237,702302,971570,2031089,432512,363,239,31.9,48.8
2401,13,17,1,45.3,1342,1104,314,294632,316028,701912,159832,208,141,34.1,71.1
2402,13,17,2,49.6,1776,1588,328,265665,316028,701912,159832,348,83,76.8,58.8
2403,13,17,3,93.5,3170,1899,559,212786,316028,701912,159832,225,268,53.9,79.6
2404,13,17,4,88.4,2062,1006,131,213684,316028,701912,159832,120,90,40.4,49.9
2405,13,17,5,91.0,1772,1568,511,297987,316028,701912,159832,281,101,65.3,60.0
2406,13,17,6,83.1,2513,1972,254,189965,316028,701912,159832,448,106,42.8,51.2
2407,13,18,1,80.7,45262,685,197,393188,593500,1256506,245364,83,84,2.8,57.3
2408,13,18,2,66.0,6549,4935,1189,483234,593500,1256506,245364,554,619,44.6,74.2
2409,13,18,3,67.2,5906,4807,964,457388,593500,1256506,245364,559,748,44.7,49.2
2410,13,18,4,96.7,3149,1848,533,435986,593500,1256506,245364,188,225,59.5,72.1
2411,13,18,5,80.1,6390,2934,928,426789,593500,1256506,245364,258,313,46.8,69.2
2412,13,18,6,70.8,2356,1245,322,533233,593500,1256506,245364,97,55,62.0,40.3
2413,13,19,1,75.0,111658,83024,20141,12417525,12705062,25911203,5294610,6463,7051,50.4,69.3
2414,13,19,2,75.6,125946,63670,6542,9310425,12705062,25911203,5294610,5662,7219,33.4,24.3
2415,13,19,3,73.9,118340,81769,20644,8140639,12705062,25911203,5294610,8514,13710,52.5,53.6
2416,13,19,4,82.5,31262,25165,4714,10340824,12705062,25911203,5294610,2423,1784,35.4,49.0
2417,13,19,5,71.9,34879,19966,4268,8865877,12705062,25911203,5294610,3647,1967,33.4,84.8
2418,13,19,6,96.0,119041,74764,20131,10404365,12705062,25911203,5294610,18646,4180,41.2,21.3
2419,13,20,1,93.4,42535,35052,5358,5331501,8569696,16844790,2673252,4551,1820,36.1,82.6
2420,13,20,2,63.3,69908,37061,4704,6713198,8569696,16844790,2673252,3454,1630,62.6,100.0
2421,13,20,3,63.6,39103,16692,3587,5416716,8569696,16844790,2673252,1762,822,43.9,45.3
2422,13,20,4,95.9,17000,14824,2791,5668225,8569696,16844790,2673252,1279,974,63.0,51.2
2423,13,20,5,65.5,31370,25383,8509,8206574,8569696,16844790,2673252,4173,3451,23.0,49.5
2424,13,20,6,45.6,70305,56419,9937,8358350,8569696,16844790,2673252,11516,4709,91.2,96.1
2425,13,21,1,65.8,201772,160044,25735,19389721,23658012,49447942,9837202,26027,26251,52.4,75.1
2426,13,21,2,92.5,44152,137093,45564,20179333,23658012,49447942,9837202,11780,11583,72.7,45.1
2427,13,21,3,69.4,74041,36094,7859,14704452,23658012,49447942,9837202,7136,1258,46.9,56.1
2428,13,21,4,60.8,49414,42678,6679,19885815,23658012,49447942,9837202,8798,5099,61.7,29.2
2429,13,21,5,60.4,215780,138500,48043,22789515,23658012,49447942,9837202,10817,14541,56.3,33.3
2430,13,21,6,68.8,213919,165268,55142,14705654,23658012,49447942,9837202,26070,23141,68.0,64.6
2431,13,22,1,51.9,372,276,69,122072,180411,388153,85246,62,15,72.7,53.7
2432,13,22,2,65.9,1715,1313,402,158142,180411,388153,85246,256,140,48.1,45.5
2433,13,22,3,51.1,1333,627,143,122415,180411,388153,85246,137,102,51.1,54.4
2434,13,22,4,76.5,44638,28870,118,147230,180411,388153,85246,161,46,25.2,51.4
2435,13,22,5,83.1,771,654,124,139930,180411,388153,85246,64,75,8.3,3.4
2436,13,22,6,85.1,470,198,35,133871,180411,388153,85246,16,34,15.8,41.1
2437,13,23,1,37.6,63092,32161,7135,16292439,21143088,45923856,8004369,6812,2472,54.7,66.7
2438,13,23,2,74.7,48666,22237,2448,18392136,21143088,45923856,8004369,5005,710,50.5,73.0
2439,13,23,3,72.6,229759,154968,19294,20001045,21143088,45923856,8004369,30466,5749,70.6,49.7
2440,13,23,4,51.3,61353,54820,11465,12903651,21143088,45923856,8004369,4871,3816,63.2,29.6
2441,13,23,5,75.0,66036,35356,7069,13907883,21143088,45923856,8004369,6152,2271,46.8,70.4
2442,13,23,6,49.1,208785,186971,52460,14276897,21143088,45923856,8004369,25743,13178,33.6,65.9
2443,13,24,1,47.8,63741,56069,7237,9374450,10893096,23417622,4653785,13353,3341,56.4,36.2
2444,13,24,2,55.2,100108,74018,9341,9847658,10893096,23417622,4653785,9259,6610,61.4,20.2
2445,13,24,3,43.6,64988,34014,4230,9017815,10893096,23417622,4653785,5199,3668,12.3,51.1
2446,13,24,4,49.0,70568,43260,10230,6704154,10893096,23417622,4653785,4449,6426,30.6,34.4
2447,13,24,5,66.8,39395,29753,8065,8149402,10893096,23417622,4653785,2198,3151,67.6,27.5
2448,13,24,6,43.1,54567,40187,4417,8251330,10893096,23417622,4653785,2691,2419,77.1,32.9
2449,13,25,1,90.3,7279,4236,1142,928150,1045732,2490380,548974,403,564,48.9,19.4
2450,13,25,2,49.4,2946,2646,491,6631720,1045732,2490380,548974,599,296,49.7,41.0
2451,13,25,3,42.4,3634,1880,595,914701,1045732,2490380,548974,122,131,48.9,67.3
2452,13,25,4,35.6,7281,5735,864,954049,1045732,2490380,548974,418,521,48.6,0.0
2453,13,25,5,50.9,10780,8869,2410,710502,1045732,2490380,548974,2136,1004,74.4,36.0
2454,13,25,6,79.1,10613,8859,3079,919349,1045732,2490380,548974,928,727,47.6,92.1
2455,13,26,1,84.0,349068,29447,19899,46525848,57070535,130861891,20820246,25583,16265,44.0,21.0
2456,13,26,2,63.5,236506,106935,15044,41323499,57070535,130861891,20820246,20556,16720,81.0,56.0
2457,13,26,3,72.3,358622,188219,24594,54731978,57070535,130861891,20820246,33419,27429,33.0,64.1
2458,13,26,4,72.8,675533,522264,60707,44592387,57070535,130861891,20820246,50823,56920,59.0,72.6
2459,13,26,5,63.0,357318,248842,45875,41636893,57070535,130861891,20820246,14018,25654,56.0,86.7
2460,13,26,6,75.8,148372,102890,23966,36142168,57070535,130861891,20820246,6947,17846,79.2,54.2
2461,13,27,1,78.5,31201,20939,2911,5293987,5449094,11959289,2084242,3260,1558,38.3,36.4
2462,13,27,2,95.7,51818,21269,4887,4037000,5449094,11959289,2084242,4607,3690,51.5,54.2
2463,13,27,3,83.9,23637,18112,5545,5184375,5449094,11959289,2084242,4526,2576,59.5,58.4
2464,13,27,4,94.0,27469,24647,3915,4379897,5449094,11959289,2084242,2458,1248,28.9,73.6
2465,13,27,5,49.7,47559,34561,10526,4404623,5449094,11959289,2084242,6097,6176,30.6,67.6
2466,13,27,6,35.5,11867,6405,767,4356778,5449094,11959289,2084242,1250,552,60.0,54.3
2467,13,28,1,98.7,293834,225793,64472,21712890,27171710,55140042,8187732,18448,14633,67.3,85.1
2468,13,28,2,53.5,155799,136273,23949,25882512,27171710,55140042,8187732,25729,20596,66.5,56.3
2469,13,28,3,47.5,78039,31757,9059,20485256,27171710,55140042,8187732,6560,3904,49.1,40.4
2470,13,28,4,81.8,217544,108679,36367,24280375,27171710,55140042,8187732,16746,15925,42.2,60.0
2471,13,28,5,84.1,44553,145697,15303,18890325,27171710,55140042,8187732,23440,18970,60.0,66.2
2472,13,28,6,50.1,168843,129162,13656,23678778,27171710,55140042,8187732,8597,5549,78.2,55.6
2473,13,29,1,39.9,95980,66583,14332,6334703,8139357,19491657,3781573,7032,6373,57.9,21.4
2474,13,29,2,60.7,85832,58766,15879,7112027,8139357,19491657,3781573,3129,8676,54.0,63.8
2475,13,29,3,90.8,47871,30068,5909,4999329,8139357,19491657,3781573,5403,3432,41.2,45.0
2476,13,29,4,59.9,52763,28870,6496,5337730,8139357,19491657,3781573,9306,3183,48.0,52.2
2477,13,29,5,61.3,83780,36477,5587,6559708,8139357,19491657,3781573,5077,6000,58.8,34.4
2478,13,29,6,95.1,80278,70406,16626,7696517,8139357,19491657,3781573,10284,8667,20.8,19.1
2479,13,30,1,88.8,30066,25430,2705,3428272,3713823,7599886,1876955,1754,1539,15.8,53.4
2480,13,30,2,81.4,28665,23396,2654,2655876,3713823,7599886,1876955,5727,736,22.1,41.0
2481,13,30,3,68.5,31622,18584,6411,2624656,3713823,7599886,1876955,1996,2763,58.8,64.5
2482,13,30,4,71.2,16010,6658,1294,3177359,3713823,7599886,1876955,726,473,25.5,50.6
2483,13,30,5,50.1,40521,23081,2785,2764987,3713823,7599886,1876955,5408,3013,55.0,98.5
2484,13,30,6,45.0,12573,7008,816,3184782,3713823,7599886,1876955,695,695,55.1,60.9
2485,13,31,1,98.8,882,428,110,64620,84002,181706,39747,42,38,45.8,47.8
2486,13,31,2,48.1,314,185,28,62517,84002,181706,39747,25,13,0.0,73.9
2487,13,31,3,94.0,727,374,121,57413,84002,181706,39747,73,35,79.7,53.0
2488,13,31,4,94.4,745,498,64,69321,84002,181706,39747,41,40,24.1,10.9
2489,13,31,5,81.3,488,263,28,60925,84002,181706,39747,52,47,60.9,88.0
2490,13,31,6,96.3,707,415,110,55358,84002,181706,39747,64,65,29.7,33.6
2491,13,32,1,72.0,2553,1344,460,229918,373310,894069,200222,87,79,54.5,97.3
2492,13,32,2,65.7,4486,3312,1040,333373,373310,894069,200222,634,588,51.2,74.6
2493,13,32,3,97.6,917,642,123,280409,373310,894069,200222,72,96,50.9,46.6
2494,13,32,4,87.5,3249,1388,370,276309,373310,894069,200222,298,212,37.3,37.9
2495,13,32,5,77.5,3164,1807,377,297036,373310,894069,200222,163,252,52.4,44.2
2496,13,32,6,49.3,2047,1262,362,301904,373310,894069,200222,223,92,49.4,39.0
2497,14,1,1,80.5,98472,84939,28455,14250090,15725787,30440308,6088829,18124,4318,72.1,18.7
2498,14,1,2,46.1,132531,54986,13707,13495822,15725787,30440308,6088829,5401,6215,62.9,58.2
2499,14,1,3,88.9,61296,45208,15350,10899302,15725787,30440308,6088829,6243,7828,25.8,52.6
2500,14,1,4,85.1,48223,32383,6153,14553482,15725787,30440308,6088829,7288,2133,78.0,60.3
2501,14,1,5,79.6,118053,95376,17900,15312253,15725787,30440308,6088829,16433,12786,50.6,19.4
2502,14,1,6,69.1,46782,30869,4723,9720322,15725787,30440308,6088829,4251,2381,58.6,41.4
2503,14,2,1,52.2,1848,1434,493,382122,442890,971228,214520,213,132,27.6,30.3
2504,14,2,2,84.4,2527,1868,338,375251,442890,971228,214520,225,136,51.9,15.3
2505,14,2,3,48.0,1336,884,205,300125,442890,971228,214520,134,133,16.4,40.4
2506,14,2,4,83.5,2364,1586,279,409240,442890,971228,214520,93,76,49.0,60.0
2507,14,2,5,91.1,4668,3878,536,6665596,442890,971228,214520,703,648,61.7,53.9
2508,14,2,6,93.4,44526,2607,712,410673,442890,971228,214520,530,234,64.4,36.6
2509,14,3,1,57.7,81684,67594,21521,6616824,9363495,21965392,4063757,13488,4059,19.8,58.4
2510,14,3,2,65.8,23789,14765,1887,5901711,9363495,21965392,4063757,2165,2584,46.8,47.7
2511,14,3,3,59.1,85417,58964,9815,7836133,9363495,21965392,4063757,12583,10266,49.1,61.2
2512,14,3,4,47.5,97367,50578,12820,6588002,9363495,21965392,4063757,6988,2185,30.4,45.8
2513,14,3,5,85.5,68211,55996,7355,5801704,9363495,21965392,4063757,6050,5067,58.2,61.0
2514,14,3,6,38.6,81202,67926,10733,5643604,9363495,21965392,4063757,5879,2306,59.4,71.7
2515,14,4,1,61.0,307545,145246,25223,33200565,34732495,77998670,17166474,31777,7036,67.0,65.4
2516,14,4,2,92.5,226120,156430,23231,6631720,34732495,77998670,17166474,37131,7686,38.1,39.4
2517,14,4,3,98.3,176658,155819,21574,32303621,34732495,77998670,17166474,28638,12501,41.1,55.4
2518,14,4,4,82.3,132959,79771,22310,6690069,34732495,77998670,17166474,14056,11215,35.8,32.4
2519,14,4,5,69.9,44553,96283,28165,23934035,34732495,77998670,17166474,23594,4665,30.0,79.9
2520,14,4,6,86.0,349016,192015,28641,20990229,34732495,77998670,17166474,23636,6557,40.3,55.5
2521,14,5,1,72.0,87857,53149,15377,5120029,7259464,17743043,3017381,9544,3386,62.8,72.6
2522,14,5,2,51.1,44453,21887,4456,6677902,7259464,17743043,3017381,3563,3625,60.4,46.2
2523,14,5,3,52.9,79941,56726,9492,5833581,7259464,17743043,3017381,13602,8898,32.7,51.6
2524,14,5,4,37.5,82612,49334,6804,6575612,7259464,17743043,3017381,3175,4464,23.3,38.5
2525,14,5,5,60.8,17114,8011,2229,5179676,7259464,17743043,3017381,471,1107,82.8,93.0
2526,14,5,6,69.4,21585,12261,1811,5869408,7259464,17743043,3017381,1318,876,33.8,70.4
2527,14,6,1,38.7,2593,2209,665,420384,449868,964499,139510,549,200,52.2,83.7
2528,14,6,2,35.3,2437,1350,231,380577,449868,964499,139510,225,54,37.1,93.6
2529,14,6,3,48.1,1300,528,143,278021,449868,964499,139510,59,53,8.8,56.6
2530,14,6,4,97.7,3378,2094,504,366476,449868,964499,139510,422,72,49.9,38.2
2531,14,6,5,86.8,2816,1584,405,339827,449868,964499,139510,177,180,58.0,37.2
2532,14,6,6,54.8,3348,2857,573,6613341,449868,964499,139510,446,510,30.4,55.0
2533,14,7,1,87.7,58407,47742,9275,14313558,20931704,43138654,8890403,4220,5312,28.1,67.6
2534,14,7,2,37.8,169961,94463,21427,13111987,20931704,43138654,8890403,19833,5123,68.7,63.0
2535,14,7,3,67.1,47803,35911,4554,13106460,20931704,43138654,8890403,3573,1078,52.1,90.7
2536,14,7,4,97.1,37577,26051,4469,19811308,20931704,43138654,8890403,1913,2819,38.3,37.0
2537,14,7,5,51.4,165873,84726,29522,15391172,20931704,43138654,8890403,16450,11053,36.6,33.2
2538,14,7,6,85.3,197196,136756,45713,18386646,20931704,43138654,8890403,31672,9290,61.6,88.9
2539,14,8,1,85.2,20395,16261,4583,7129293,7956700,16186152,3729569,1881,1968,58.6,35.5
2540,14,8,2,52.9,34380,19985,3100,6378291,7956700,16186152,3729569,3925,1462,62.1,56.4
2541,14,8,3,40.2,38302,30107,4304,5138168,7956700,16186152,3729569,4020,3362,35.2,34.3
2542,14,8,4,55.6,27581,16994,3390,7294093,7956700,16186152,3729569,2825,1359,38.8,84.3
2543,14,8,5,68.3,66357,44615,14771,6329651,7956700,16186152,3729569,7103,7791,23.1,41.6
2544,14,8,6,46.8,37706,31257,7046,6618160,7956700,16186152,3729569,3703,1193,55.2,66.1
2545,14,9,1,96.8,17799,29447,1529,1264500,1774927,4261411,690758,1019,807,22.6,46.1
2546,14,9,2,85.9,13735,11841,3482,1392361,1774927,4261411,690758,1111,2012,31.4,60.0
2547,14,9,3,76.1,47803,7315,1239,1308627,1774927,4261411,690758,1818,643,54.7,91.5
2548,14,9,4,76.5,14826,6776,1821,1111156,1774927,4261411,690758,1432,1151,53.2,35.4
2549,14,9,5,60.7,8987,6503,706,1322552,1774927,4261411,690758,553,453,58.2,67.0
2550,14,9,6,81.3,15328,12402,4108,1474656,1774927,4261411,690758,2794,1828,60.8,60.5
2551,14,10,1,50.1,34691,21020,5772,10267067,11076220,23036229,3266351,2952,2932,42.2,43.6
2552,14,10,2,88.0,89591,43587,8244,9816927,11076220,23036229,3266351,8258,3564,52.6,65.6
2553,14,10,3,38.9,51001,23942,7364,9599200,11076220,23036229,3266351,1699,3076,49.5,88.2
2554,14,10,4,46.2,36104,18449,2643,9049402,11076220,23036229,3266351,3716,2279,26.0,78.0
2555,14,10,5,62.9,65867,52311,7889,10739100,11076220,23036229,3266351,12889,8456,50.2,64.8
2556,14,10,6,70.3,113772,63298,12654,8831932,11076220,23036229,3266351,5948,8737,62.6,62.4
2557,14,11,1,64.0,167816,81581,19744,17489738,19263427,39337138,9335412,7209,5363,63.9,50.4
2558,14,11,2,49.0,49875,23573,5233,17355636,19263427,39337138,9335412,5186,1012,100.0,99.0
2559,14,11,3,39.0,127722,60696,13290,17603686,19263427,39337138,9335412,6069,2038,49.7,36.6
2560,14,11,4,72.0,80981,45269,12200,18109969,19263427,39337138,9335412,3499,4439,68.0,46.8
2561,14,11,5,64.1,142770,91114,9435,15742284,19263427,39337138,9335412,20359,13027,56.6,47.1
2562,14,11,6,43.0,123214,64365,9825,17921018,19263427,39337138,9335412,11531,9939,35.3,48.9
2563,14,12,1,45.8,72898,53663,15330,7242228,9053187,22010935,4140588,11717,5707,43.0,91.7
2564,14,12,2,98.2,51962,21480,3873,8802848,9053187,22010935,4140588,2418,3505,50.2,100.0
2565,14,12,3,39.9,106751,91700,18733,5655823,9053187,22010935,4140588,10360,9664,52.4,23.0
2566,14,12,4,78.1,21004,16342,2962,7594677,9053187,22010935,4140588,1792,679,54.5,49.3
2567,14,12,5,41.0,37120,30924,5388,7306021,9053187,22010935,4140588,3738,5110,50.8,59.2
2568,14,12,6,35.2,70019,37003,11016,5963660,9053187,22010935,4140588,6892,5911,100.0,50.0
2569,14,13,1,61.6,168709,116509,30838,24829881,25574343,48445230,7921333,8552,4023,37.1,86.5
2570,14,13,2,64.0,152446,87389,9830,18834669,25574343,48445230,7921333,15936,4942,79.8,65.7
2571,14,13,3,97.5,167377,29511,36883,23343714,25574343,48445230,7921333,29348,12617,54.7,52.5
2572,14,13,4,39.8,251420,166480,46634,17429489,25574343,48445230,7921333,23498,17106,45.3,57.4
2573,14,13,5,48.3,61408,44209,13127,21020398,25574343,48445230,7921333,3810,5222,45.3,70.5
2574,14,13,6,79.2,44838,36950,10197,24911425,25574343,48445230,7921333,2212,1120,40.8,46.8
2575,14,14,1,75.6,173579,117378,11761,21851566,33108917,69837349,14404915,12952,5653,50.0,46.4
2576,14,14,2,86.7,244825,179831,30412,31479695,33108917,69837349,14404915,27170,11194,53.1,71.7
2577,14,14,3,92.4,366787,300073,39505,31551050,33108917,69837349,14404915,59193,32745,42.2,72.3
2578,14,14,4,48.2,306226,162637,41931,23163833,33108917,69837349,14404915,34271,8403,42.7,28.3
2579,14,14,5,38.8,240740,114201,33348,23610747,33108917,69837349,14404915,27095,10024,42.5,35.1
2580,14,14,6,37.6,284640,187692,42586,32356549,33108917,69837349,14404915,38811,28414,48.1,61.0
2581,14,15,1,73.7,8695,4667,1068,546176,810015,1747300,374742,961,496,54.0,71.0
2582,14,15,2,37.8,2479,2174,439,626739,810015,1747300,374742,423,286,52.3,73.4
2583,14,15,3,50.1,9057,6300,1332,747540,810015,1747300,374742,1158,804,65.5,59.8
2584,14,15,4,43.3,5847,4336,456,598190,810015,1747300,374742,278,393,58.5,52.5
2585,14,15,5,94.7,8408,5258,714,676056,810015,1747300,374742,649,933,50.2,88.5
2586,14,15,6,62.7,8895,7979,1733,526709,810015,1747300,374742,1076,1160,62.2,1.1
2587,14,16,1,72.8,4013,3471,521,811874,975730,2063312,342960,533,502,90.3,43.0
2588,14,16,2,47.5,5493,4886,915,884850,975730,2063312,342960,362,774,53.7,61.0
2589,14,16,3,49.7,9751,5152,1258,738334,975730,2063312,342960,507,238,62.0,86.8
2590,14,16,4,92.0,6234,2713,609,952600,975730,2063312,342960,445,82,58.6,21.8
2591,14,16,5,68.0,4914,3324,1044,875949,975730,2063312,342960,509,256,55.6,35.5
2592,14,16,6,64.1,9019,5435,1074,733624,975730,2063312,342960,809,689,44.1,39.1
2593,14,17,1,72.3,909,571,114,246774,357514,716732,140235,101,81,9.4,100.0
2594,14,17,2,82.7,3531,2012,518,240627,357514,716732,140235,402,105,70.9,24.4
2595,14,17,3,66.0,1626,1445,389,281676,357514,716732,140235,235,108,55.8,93.5
2596,14,17,4,41.4,1746,894,240,214516,357514,716732,140235,123,121,50.4,94.8
2597,14,17,5,40.4,798,515,99,291557,357514,716732,140235,115,49,59.3,41.5
2598,14,17,6,96.3,1953,999,222,298376,357514,716732,140235,66,134,27.4,73.7
2599,14,18,1,98.6,2354,1310,244,372199,579707,1230680,255485,297,201,54.2,43.2
2600,14,18,2,94.6,1803,1499,359,492388,579707,1230680,255485,78,190,60.9,60.1
2601,14,18,3,60.9,1197,996,300,454071,579707,1230680,255485,186,173,58.2,84.4
2602,14,18,4,55.4,6275,3166,367,394683,579707,1230680,255485,672,529,48.4,39.0
2603,14,18,5,38.4,2280,1715,513,394933,579707,1230680,255485,142,91,67.0,84.4
2604,14,18,6,48.4,4665,2430,396,417088,579707,1230680,255485,404,272,68.7,36.1
2605,14,19,1,97.8,96560,51036,6751,7788412,11861622,26298994,4697147,11768,5532,44.8,38.1
2606,14,19,2,91.6,43955,28617,4986,9910363,11861622,26298994,4697147,5311,3460,21.3,42.4
2607,14,19,3,64.2,82439,69907,8686,8577175,11861622,26298994,4697147,16863,2744,49.1,48.8
2608,14,19,4,35.9,114414,87745,22193,10369469,11861622,26298994,4697147,4891,4349,55.2,42.3
2609,14,19,5,90.1,40264,33120,10492,8608855,11861622,26298994,4697147,4186,5477,26.7,45.9
2610,14,19,6,82.3,44526,80055,13556,9015970,11861622,26298994,4697147,17301,10775,85.4,84.2
2611,14,20,1,88.1,86847,56740,5728,8127964,8663853,18944645,2885701,13554,8127,64.2,35.1
2612,14,20,2,52.2,44152,55437,16590,7501412,8663853,18944645,2885701,7991,5674,37.5,46.7
2613,14,20,3,51.0,16717,10754,1165,6797666,8663853,18944645,2885701,733,786,24.4,36.1
2614,14,20,4,72.3,55700,25973,5123,5572782,8663853,18944645,2885701,1794,4315,25.4,56.9
2615,14,20,5,63.7,53988,24056,3842,5887615,8663853,18944645,2885701,5369,1303,31.7,47.5
2616,14,20,6,56.3,62932,25758,5042,6786639,8663853,18944645,2885701,5164,4278,22.4,81.6
2617,14,21,1,55.3,98650,58520,19819,19854999,20282350,50071572,8161119,5910,3511,42.3,50.6
2618,14,21,2,58.6,199218,100840,34084,6631720,20282350,50071572,8161119,10777,6274,36.5,39.8
2619,14,21,3,96.6,236215,187040,33235,17505887,20282350,50071572,8161119,38782,31336,34.9,64.6
2620,14,21,4,71.1,195958,123077,15928,12321858,20282350,50071572,8161119,28560,6999,54.3,62.6
2621,14,21,5,56.0,104822,42817,8751,19093733,20282350,50071572,8161119,10408,5872,38.6,46.9
2622,14,21,6,47.1,219374,143016,46223,12788067,20282350,50071572,8161119,32540,18639,65.6,37.5
2623,14,22,1,36.5,428,197,22,111784,173008,426498,64158,11,16,60.0,66.6
2624,14,22,2,62.0,1155,922,248,159745,173008,426498,64158,223,74,30.9,56.6
2625,14,22,3,36.9,842,386,55,117452,173008,426498,64158,45,16,73.5,51.2
2626,14,22,4,76.1,1145,597,194,117480,173008,426498,64158,88,77,65.1,37.8
2627,14,22,5,61.5,1415,739,173,133194,173008,426498,64158,119,27,50.2,68.7
2628,14,22,6,71.0,1419,807,187,128126,173008,426498,64158,183,43,29.7,65.4
2629,14,23,1,62.8,76232,42342,4945,20036929,22079957,47033608,8119300,6115,2903,37.9,70.9
2630,14,23,2,81.1,203380,89348,30336,14881556,22079957,47033608,8119300,18669,15751,72.1,42.1
2631,14,23,3,80.3,49013,39381,13399,14146713,22079957,47033608,8119300,8293,2795,22.9,58.0
2632,14,23,4,77.9,227392,159183,34185,16210271,22079957,47033608,8119300,29238,22091,87.5,60.9
2633,14,23,5,57.7,127248,87977,27282,6665596,22079957,47033608,8119300,13817,5836,15.3,60.9
2634,14,23,6,46.1,76861,60944,8453,19352288,22079957,47033608,8119300,3538,5734,49.9,46.5
2635,14,24,1,65.3,20911,16805,3575,6877694,9799647,22814129,3963486,3070,1494,50.4,72.6
2636,14,24,2,47.1,37567,27006,4234,5996700,9799647,22814129,3963486,4372,1453,27.7,73.5
2637,14,24,3,59.5,92797,47164,13257,7454708,9799647,22814129,3963486,8259,2254,20.7,68.7
2638,14,24,4,43.4,36876,19233,2735,8817817,9799647,22814129,3963486,4300,1918,52.9,71.3
2639,14,24,5,50.3,97481,53819,5846,9003869,9799647,22814129,3963486,7832,4396,38.8,19.8
2640,14,24,6,75.9,24538,13210,3695,8449660,9799647,22814129,3963486,2113,585,84.1,56.2
2641,14,25,1,43.8,8672,4256,779,829270,1082397,2507619,497459,659,331,29.1,96.0
2642,14,25,2,39.3,4282,2157,524,842218,1082397,2507619,497459,406,283,80.8,82.6
2643,14,25,3,94.1,6223,2883,887,731128,1082397,2507619,497459,400,338,51.8,15.8
2644,14,25,4,81.5,9000,5981,1275,1007043,1082397,2507619,497459,1272,674,38.9,62.5
2645,14,25,5,59.7,2819,1983,615,1059529,1082397,2507619,497459,350,128,59.8,52.9
2646,14,25,6,46.6,5486,2280,558,649591,1082397,2507619,497459,300,407,41.3,66.0
2647,14,26,1,59.1,242179,143921,16927,45966805,56943528,132901933,18574586,13136,24910,35.8,40.0
2648,14,26,2,63.5,44152,27048,47889,34578170,56943528,132901933,18574586,34118,30709,40.6,57.9
2649,14,26,3,35.4,450967,215170,51814,6585097,56943528,132901933,18574586,38315,16125,49.2,82.4
2650,14,26,4,58.8,646530,570254,150547,49189675,56943528,132901933,18574586,37137,22411,9.9,64.4
2651,14,26,5,39.0,227135,102231,26897,38880397,56943528,132901933,18574586,11724,16377,58.9,74.6
2652,14,26,6,51.6,181696,130772,31172,39498738,56943528,132901933,18574586,16015,4775,39.1,53.2
2653,14,27,1,90.3,26810,22725,3673,3782802,4981436,12295489,1712707,4865,1728,43.3,61.0
2654,14,27,2,59.1,12096,9820,3023,3574260,4981436,12295489,1712707,1923,1448,71.6,55.8
2655,14,27,3,74.4,25815,13587,2071,3561129,4981436,12295489,1712707,2349,2010,95.7,62.7
2656,14,27,4,47.3,14757,7287,732,3809629,4981436,12295489,1712707,740,1099,44.5,73.9
2657,14,27,5,83.0,58354,35168,8038,3962463,4981436,12295489,1712707,4051,1346,50.2,81.1
2658,14,27,6,66.3,48129,36509,6819,4254704,4981436,12295489,1712707,2287,1308,73.9,56.7
2659,14,28,1,73.7,276116,118888,19332,6616824,26939389,58748476,12957806,15595,21105,43.7,89.4
2660,14,28,2,60.6,241252,153543,37569,23483545,26939389,58748476,12957806,26310,8404,58.4,34.6
2661,14,28,3,79.9,262900,201020,48325,21581300,26939389,58748476,12957806,26034,6752,11.3,41.6
2662,14,28,4,93.0,68138,51168,7177,16877392,26939389,58748476,12957806,9788,2769,38.2,64.3
2663,14,28,5,52.1,111182,80456,11453,23700271,26939389,58748476,12957806,19602,4457,50.2,46.7
2664,14,28,6,65.8,88679,74466,7961,21553562,26939389,58748476,12957806,15443,13097,50.4,59.7
2665,14,29,1,74.7,65772,27133,8068,5950383,8377029,18488902,2760770,2650,1451,68.5,27.9
2666,14,29,2,55.3,32828,21568,7417,6254173,8377029,18488902,2760770,2368,2351,19.4,33.4
2667,14,29,3,72.8,71189,46707,10681,7351549,8377029,18488902,2760770,4277,1482,38.9,41.4
2668,14,29,4,55.0,92087,51528,9619,5157360,8377029,18488902,2760770,3306,2064,46.2,12.4
2669,14,29,5,71.6,46205,37897,11636,5324763,8377029,18488902,2760770,7819,5389,72.7,53.5
2670,14,29,6,90.2,76750,29102,6011,7588612,8377029,18488902,2760770,3232,5917,75.3,48.2
2671,14,30,1,50.6,12611,9658,978,2446730,3703857,7952115,1132666,561,1030,51.0,62.4
2672,14,30,2,54.9,16537,14309,1709,3505629,3703857,7952115,1132666,2950,1120,50.6,62.0
2673,14,30,3,50.3,36237,28211,6155,2639144,3703857,7952115,1132666,3823,3248,29.5,68.5
2674,14,30,4,94.5,37412,26105,5972,2787949,3703857,7952115,1132666,5700,2286,57.9,71.2
2675,14,30,5,66.3,23529,10414,3643,2326138,3703857,7952115,1132666,991,679,50.2,53.4
2676,14,30,6,43.3,13184,8124,2481,2760472,3703857,7952115,1132666,1604,1028,56.7,36.4
2677,14,31,1,48.2,625,263,69,62001,87820,167069,35467,15,32,46.0,37.6
2678,14,31,2,46.3,525,356,96,73228,87820,167069,35467,75,46,68.3,56.3
2679,14,31,3,50.5,256,103,31,84363,87820,167069,35467,22,17,44.6,62.3
2680,14,31,4,66.9,255,223,51,77034,87820,167069,35467,35,27,49.7,73.7
2681,14,31,5,63.1,596,435,141,56522,87820,167069,35467,67,49,34.7,63.6
2682,14,31,6,69.4,734,463,117,67745,87820,167069,35467,42,30,46.7,78.1
2683,14,32,1,91.7,2469,1527,484,389837,437848,862624,171440,138,64,30.0,30.6
2684,14,32,2,74.9,4384,1804,310,381658,437848,862624,171440,424,238,29.7,51.1
2685,14,32,3,72.9,3147,2819,969,269470,437848,862624,171440,674,197,48.4,61.3
2686,14,32,4,96.5,1848,1058,153,330939,437848,862624,171440,132,95,46.4,19.6
2687,14,32,5,90.3,2041,1429,381,321698,437848,862624,171440,305,109,36.0,67.6
2688,14,32,6,52.9,2400,1821,388,326285,437848,862624,171440,211,286,28.9,59.8
2689,15,1,1,80.8,109573,89101,25559,11835338,14118371,32237446,7228838,20188,7268,39.5,66.8
2690,15,1,2,80.5,143964,61866,9033,10008705,14118371,32237446,7228838,8850,10176,43.4,39.4
2691,15,1,3,79.8,133689,63724,12208,11027439,14118371,32237446,7228838,4580,5311,25.1,69.5
2692,15,1,4,75.1,110791,52653,11741,10478677,14118371,32237446,7228838,3539,7623,44.3,78.2
2693,15,1,5,56.7,115960,96064,24686,6665596,14118371,32237446,7228838,16128,11934,67.8,89.3
2694,15,1,6,75.9,103856,45312,9767,8702601,14118371,32237446,7228838,4182,7707,58.8,43.7
2695,15,2,1,39.1,2204,1213,261,307553,467602,896100,146574,148,180,43.7,90.4
2696,15,2,2,57.8,4605,4010,589,315441,467602,896100,146574,833,160,52.8,40.6
2697,15,2,3,66.6,3472,2511,680,391247,467602,896100,146574,467,182,60.6,54.3
2698,15,2,4,57.7,896,682,165,415525,467602,896100,146574,62,118,37.9,75.1
2699,15,2,5,97.1,834,606,63,298525,467602,896100,146574,141,35,41.4,64.1
2700,15,2,6,35.4,2312,1793,288,282602,467602,896100,146574,94,96,34.3,46.8
2701,15,3,1,70.5,37898,15822,4046,8877627,9785286,19730459,4893003,1916,987,30.2,73.0
2702,15,3,2,70.3,55356,37408,7374,6909708,9785286,19730459,4893003,2042,6647,59.0,29.9
2703,15,3,3,39.0,50688,37856,7699,7649674,9785286,19730459,4893003,2933,6170,55.9,44.4
2704,15,3,4,77.7,89983,78333,13566,6369280,9785286,19730459,4893003,11373,4579,71.8,61.4
2705,15,3,5,61.8,63058,49645,13783,7812415,9785286,19730459,4893003,9108,2684,65.0,92.9
2706,15,3,6,35.4,57514,48305,12768,6613341,9785286,19730459,4893003,2585,5312,31.2,52.1
2707,15,4,1,49.7,214363,141956,34983,19898688,32672930,77165507,17422208,35412,10733,62.3,55.9
2708,15,4,2,63.0,229479,154322,39296,27269826,32672930,77165507,17422208,18195,5670,36.4,50.6
2709,15,4,3,79.6,351214,142221,26056,20248586,32672930,77165507,17422208,19094,15489,50.6,73.0
2710,15,4,4,90.1,335344,242527,79599,20221277,32672930,77165507,17422208,29399,42682,15.0,60.5
2711,15,4,5,82.2,278090,120190,13743,24137851,32672930,77165507,17422208,9876,11309,43.1,65.1
2712,15,4,6,90.9,362141,218934,54217,25084482,32672930,77165507,17422208,28643,14625,77.3,71.1
2713,15,5,1,90.5,82282,69061,12571,7564182,8696674,16290193,2671078,14892,5640,55.7,79.6
2714,15,5,2,48.5,68590,38851,12589,6216966,8696674,16290193,2671078,3454,6878,80.8,54.5
2715,15,5,3,61.2,65767,45699,7360,5686014,8696674,16290193,2671078,4699,3698,70.5,60.2
2716,15,5,4,94.1,82362,34705,5201,6747048,8696674,16290193,2671078,7620,4005,54.7,46.8
2717,15,5,5,58.9,71216,52384,15933,8146161,8696674,16290193,2671078,3622,8842,35.2,60.5
2718,15,5,6,79.9,74099,47749,13569,8024041,8696674,16290193,2671078,6224,6044,45.8,64.1
2719,15,6,1,64.6,2552,29447,219,260716,402969,968032,158696,85,228,55.1,41.9
2720,15,6,2,97.2,3970,2232,436,366409,402969,968032,158696,111,277,24.3,68.9
2721,15,6,3,35.4,962,804,268,281626,402969,968032,158696,136,138,44.3,42.8
2722,15,6,4,95.4,2872,1890,490,274726,402969,968032,158696,123,251,49.9,60.6
2723,15,6,5,95.0,1222,1003,107,270110,402969,968032,158696,60,46,27.1,56.2
2724,15,6,6,84.3,4445,1807,447,361019,402969,968032,158696,114,196,46.5,49.1
2725,15,7,1,37.9,126954,51976,13962,16193699,20682862,42552791,9069122,5064,5475,26.1,100.0
2726,15,7,2,48.5,102254,88165,10533,16664335,20682862,42552791,9069122,19022,10785,60.0,58.0
2727,15,7,3,58.9,69028,32799,6540,17964975,20682862,42552791,9069122,6484,1602,28.6,61.9
2728,15,7,4,85.1,117006,85415,29822,15457958,20682862,42552791,9069122,15163,9940,27.5,68.9
2729,15,7,5,54.4,148517,111268,31362,18767069,20682862,42552791,9069122,7558,14215,54.2,12.7
2730,15,7,6,50.3,125072,89126,18729,13114940,20682862,42552791,9069122,11004,12780,42.6,55.6
2731,15,8,1,90.8,85585,70641,11103,6972840,8095309,16234448,3840556,6326,9715,43.1,95.1
2732,15,8,2,74.6,42039,28837,9438,5787998,8095309,16234448,3840556,1756,4909,44.2,62.7
2733,15,8,3,66.8,65342,44398,7291,5338468,8095309,16234448,3840556,10534,3626,78.9,70.7
2734,15,8,4,40.9,53056,39474,11268,7317758,8095309,16234448,3840556,2406,3667,35.3,60.0
2735,15,8,5,53.8,25263,10146,2887,5753272,8095309,16234448,3840556,2150,644,50.2,52.2
2736,15,8,6,92.9,70945,30761,5444,6541431,8095309,16234448,3840556,5336,3266,43.9,34.8
2737,15,9,1,50.4,11676,5893,1952,6616824,1972489,4147118,751591,1344,873,21.5,42.2
2738,15,9,2,57.1,4283,27048,379,1461567,1972489,4147118,751591,438,275,31.5,66.8
2739,15,9,3,78.6,5996,4589,1500,1365526,1972489,4147118,751591,1061,607,49.7,80.5
2740,15,9,4,73.2,12497,5494,872,1840370,1972489,4147118,751591,1135,451,71.9,23.5
2741,15,9,5,62.8,7248,4988,1721,1388249,1972489,4147118,751591,1013,327,52.4,31.0
2742,15,9,6,81.0,16069,12155,4235,1529553,1972489,4147118,751591,1457,505,46.8,24.9
2743,15,10,1,86.0,45257,29920,6006,7572122,11158362,21582493,4717597,7292,3460,23.0,48.1
2744,15,10,2,64.7,82993,45886,10136,9476147,11158362,21582493,4717597,9522,4493,53.1,19.9
2745,15,10,3,95.8,34109,25508,6835,9230712,11158362,21582493,4717597,1944,2513,56.8,65.5
2746,15,10,4,74.4,31743,27932,5095,8623456,11158362,21582493,4717597,4348,4346,57.7,55.7
2747,15,10,5,89.5,31852,22375,4404,8888618,11158362,21582493,4717597,4086,3376,48.9,35.3
2748,15,10,6,97.7,41546,22852,4672,7665590,11158362,21582493,4717597,3335,3897,76.9,46.3
2749,15,11,1,76.2,88880,29447,4881,14760423,16797510,41892425,9162153,9821,2323,82.5,46.4
2750,15,11,2,66.6,202366,129869,25246,12334529,16797510,41892425,9162153,17347,7849,71.3,89.0
2751,15,11,3,87.7,202552,148804,41609,12301035,16797510,41892425,9162153,23166,25988,73.6,64.4
2752,15,11,4,48.4,173329,110197,14728,13546953,16797510,41892425,9162153,6181,10198,42.8,93.4
2753,15,11,5,74.5,184187,79274,26830,14310122,16797510,41892425,9162153,7567,8622,43.4,72.3
2754,15,11,6,55.2,59587,45494,7472,14276443,16797510,41892425,9162153,10995,6158,45.7,32.3
2755,15,12,1,71.8,90690,40128,4383,6173390,9842935,20708030,4586839,9631,3693,36.0,57.0
2756,15,12,2,64.5,94981,74524,25774,9574165,9842935,20708030,4586839,5881,11576,66.4,47.8
2757,15,12,3,72.9,49627,26916,9200,7170062,9842935,20708030,4586839,2929,3013,33.3,59.4
2758,15,12,4,76.9,44638,29666,9347,9111739,9842935,20708030,4586839,2684,5128,66.3,70.5
2759,15,12,5,55.8,44553,26521,6913,8274839,9842935,20708030,4586839,2572,4652,74.5,35.2
2760,15,12,6,64.0,58658,44271,12705,8056022,9842935,20708030,4586839,4647,2220,63.0,54.1
2761,15,13,1,45.7,232067,119387,35313,20922585,21642816,48308184,11320102,27851,8722,50.4,58.4
2762,15,13,2,51.9,219030,126832,36651,18457101,21642816,48308184,11320102,11125,5481,14.9,48.7
2763,15,13,3,73.2,215549,29511,32371,18520567,21642816,48308184,11320102,29743,20629,9.4,56.3
2764,15,13,4,57.6,48796,27374,8831,19622240,21642816,48308184,11320102,1975,3185,35.8,46.1
2765,15,13,5,41.5,214020,140203,45624,19076507,21642816,48308184,11320102,13465,23009,32.0,49.6
2766,15,13,6,84.5,79670,40973,5920,20303892,21642816,48308184,11320102,7209,7014,49.5,40.0
2767,15,14,1,57.4,183135,94580,29248,20131403,32405420,73626955,11983406,11029,9833,52.4,47.3
2768,15,14,2,83.7,130343,85995,28287,25850539,32405420,73626955,11983406,21030,13603,26.1,76.5
2769,15,14,3,92.2,47803,45506,12402,21018914,32405420,73626955,11983406,10374,5054,72.0,62.5
2770,15,14,4,67.2,294306,233288,76837,20722928,32405420,73626955,11983406,32230,12956,27.1,29.7
2771,15,14,5,88.3,81043,46747,14730,30029273,32405420,73626955,11983406,11413,2439,35.2,51.2
2772,15,14,6,47.4,316420,231627,47512,22549590,32405420,73626955,11983406,46963,15944,41.6,19.5
2773,15,15,1,48.0,4878,4260,797,761152,789200,1883794,358977,670,139,75.0,57.0
2774,15,15,2,59.7,4723,2476,657,677956,789200,1883794,358977,377,212,39.0,66.0
2775,15,15,3,52.7,6957,3574,427,716194,789200,1883794,358977,242,162,54.3,65.7
2776,15,15,4,91.6,8398,3376,1067,524396,789200,1883794,358977,661,427,54.0,42.6
2777,15,15,5,48.9,2779,1347,345,618828,789200,1883794,358977,157,128,50.3,47.0
2778,15,15,6,57.6,2591,1346,211,583774,789200,1883794,358977,92,239,39.4,57.6
2779,15,16,1,69.2,8645,5889,1324,616736,862446,2041159,403393,1444,623,66.7,29.1
2780,15,16,2,86.2,1854,1406,231,723529,862446,2041159,403393,70,241,44.5,97.9
2781,15,16,3,39.7,3692,2683,640,805757,862446,2041159,403393,602,158,46.4,57.1
2782,15,16,4,68.5,6483,5149,1310,560183,862446,2041159,403393,774,355,83.2,33.1
2783,15,16,5,71.9,8204,6362,701,636972,862446,2041159,403393,506,963,60.9,93.5
2784,15,16,6,82.4,2349,1749,364,770412,862446,2041159,403393,128,140,29.5,30.8
2785,15,17,1,97.0,2587,1956,559,282933,321415,665802,150713,445,172,63.9,60.0
2786,15,17,2,92.6,2725,1492,470,211099,321415,665802,150713,238,97,58.2,53.2
2787,15,17,3,71.9,3467,1414,387,240439,321415,665802,150713,291,223,63.8,48.8
2788,15,17,4,44.2,2676,2250,757,268285,321415,665802,150713,121,324,21.3,55.9
2789,15,17,5,39.2,862,362,73,257590,321415,665802,150713,78,52,57.6,43.3
2790,15,17,6,50.0,967,846,161,217458,321415,665802,150713,73,37,40.0,79.5
2791,15,18,1,35.5,1971,1158,138,406668,659131,1306035,227757,67,200,51.8,36.5
2792,15,18,2,84.6,2820,1276,440,469380,659131,1306035,227757,268,199,51.4,56.5
2793,15,18,3,85.6,1418,666,140,506155,659131,1306035,227757,39,74,52.2,51.9
2794,15,18,4,95.5,6432,3826,602,603661,659131,1306035,227757,611,571,53.1,22.9
2795,15,18,5,59.6,2466,1683,437,582499,659131,1306035,227757,288,215,26.7,28.9
2796,15,18,6,55.3,2400,1523,490,592720,659131,1306035,227757,282,249,33.7,71.8
2797,15,19,1,74.8,107245,88972,30327,10442779,13425226,27440589,4694723,5647,15941,32.3,59.4
2798,15,19,2,63.0,116538,78878,11765,9093702,13425226,27440589,4694723,14446,10525,64.5,52.4
2799,15,19,3,88.1,119142,94600,25112,8824212,13425226,27440589,4694723,5637,10999,42.0,39.4
2800,15,19,4,43.0,44696,21268,7241,10039408,13425226,27440589,4694723,2554,1315,79.0,80.5
2801,15,19,5,46.4,67021,47575,9058,10046986,13425226,27440589,4694723,9715,6824,55.6,47.4
2802,15,19,6,97.9,56498,37850,12659,12357342,13425226,27440589,4694723,6705,3062,56.2,69.8
2803,15,20,1,59.4,54696,22218,3458,6684264,8653466,17945902,4097797,4161,1233,70.8,40.9
2804,15,20,2,79.8,65187,38952,9283,7187173,8653466,17945902,4097797,8456,4354,68.4,74.9
2805,15,20,3,60.8,81405,56613,9809,8169426,8653466,17945902,4097797,8554,5197,62.7,44.8
2806,15,20,4,61.7,86534,75516,13781,6149060,8653466,17945902,4097797,7660,4929,49.9,94.2
2807,15,20,5,39.8,25998,14941,2669,5826913,8653466,17945902,4097797,2788,2427,40.0,93.8
2808,15,20,6,72.2,71339,56517,17202,5261724,8653466,17945902,4097797,3159,7047,40.1,51.9
2809,15,21,1,42.8,57797,33482,7510,21202980,21944113,48368935,9366800,2347,5378,59.9,58.6
2810,15,21,2,84.3,167260,115307,38261,19151150,21944113,48368935,9366800,24991,13214,45.0,11.0
2811,15,21,3,36.0,205943,139502,15153,20529010,21944113,48368935,9366800,21057,22256,47.3,71.3
2812,15,21,4,84.2,117397,83899,27250,20876811,21944113,48368935,9366800,9504,10457,37.8,49.6
2813,15,21,5,90.3,140913,80259,25195,18747141,21944113,48368935,9366800,4701,13952,68.4,55.7
2814,15,21,6,60.8,75682,29102,6715,20501084,21944113,48368935,9366800,6814,6457,58.6,49.3
2815,15,22,1,83.4,1075,29447,247,126671,182341,403747,60550,130,94,50.4,54.7
2816,15,22,2,77.4,606,433,137,121252,182341,403747,60550,74,48,35.0,42.4
2817,15,22,3,73.8,1495,747,117,129201,182341,403747,60550,168,72,57.2,47.1
2818,15,22,4,54.8,1681,1430,415,169988,182341,403747,60550,221,159,56.9,78.7
2819,15,22,5,96.5,1486,816,232,110125,182341,403747,60550,181,86,90.1,68.3
2820,15,22,6,86.8,956,531,145,171540,182341,403747,60550,68,81,48.1,45.2
2821,15,23,1,95.3,221060,141021,45992,17432464,20036138,43518580,7074025,31900,24740,69.0,25.8
2822,15,23,2,90.7,210949,138774,21048,19505186,20036138,43518580,7074025,10893,21870,0.0,61.8
2823,15,23,3,97.7,192809,141753,17151,14979287,20036138,43518580,7074025,11617,15253,25.7,20.9
2824,15,23,4,47.9,217117,149555,34364,14539724,20036138,43518580,7074025,30540,15330,73.5,76.7
2825,15,23,5,36.8,44553,96946,16858,12190421,20036138,43518580,7074025,17241,10219,63.7,91.9
2826,15,23,6,83.2,188404,99091,21841,17194296,20036138,43518580,7074025,8502,9166,64.6,40.4
2827,15,24,1,96.6,39611,18567,5822,6405380,10325885,24178290,3636388,4123,1648,33.4,81.0
2828,15,24,2,71.7,25983,16856,1966,6423571,10325885,24178290,3636388,3192,1460,58.6,51.8
2829,15,24,3,85.7,113975,61946,18725,8689563,10325885,24178290,3636388,3185,7256,26.6,86.6
2830,15,24,4,64.4,99349,80551,16238,7200032,10325885,24178290,3636388,9120,3984,58.1,100.0
2831,15,24,5,92.2,83921,52371,8147,7947712,10325885,24178290,3636388,11732,3785,31.5,75.3
2832,15,24,6,74.4,61568,51794,14973,8497717,10325885,24178290,3636388,5465,3096,28.9,66.9
2833,15,25,1,58.5,11026,29447,1884,671864,1101090,2564913,546327,982,704,92.4,37.9
2834,15,25,2,62.5,6881,5267,723,982649,1101090,2564913,546327,354,288,36.8,51.6
2835,15,25,3,71.3,4852,2775,895,854170,1101090,2564913,546327,622,424,53.8,100.0
2836,15,25,4,77.7,7792,6305,1546,883659,1101090,2564913,546327,1555,1097,50.6,61.2
2837,15,25,5,64.5,6847,3183,620,774930,1101090,2564913,546327,413,525,55.0,48.6
2838,15,25,6,43.3,12248,10006,2418,704125,1101090,2564913,546327,1820,458,52.8,78.6
2839,15,26,1,59.7,672299,412633,125924,49908364,67390739,145788398,27913251,85771,56003,50.4,62.1
2840,15,26,2,35.6,433046,367693,48573,47781963,67390739,145788398,27913251,85577,53111,78.6,85.5
2841,15,26,3,65.3,468501,29511,20193,52184259,67390739,145788398,27913251,15512,23264,28.1,19.4
2842,15,26,4,68.2,430542,286142,29286,58639762,67390739,145788398,27913251,42634,12516,63.8,42.5
2843,15,26,5,74.5,329961,273497,48624,45220399,67390739,145788398,27913251,44374,10050,31.1,76.0
2844,15,26,6,35.2,195088,132712,15617,46775032,67390739,145788398,27913251,21174,16944,78.7,58.5
2845,15,27,1,81.9,25340,12587,3047,3584444,4875430,11597743,2057696,811,1943,56.6,48.8
2846,15,27,2,77.2,21090,9654,1343,4709338,4875430,11597743,2057696,1193,1188,31.1,47.9
2847,15,27,3,66.2,20727,10375,1412,3989495,4875430,11597743,2057696,1068,733,67.2,34.6
2848,15,27,4,54.8,59888,48774,7763,4472675,4875430,11597743,2057696,12131,7834,43.6,61.6
2849,15,27,5,72.1,40801,26670,4276,4408716,4875430,11597743,2057696,2596,1583,53.0,32.9
2850,15,27,6,96.0,12791,9161,2406,6613341,4875430,11597743,2057696,1399,776,43.4,29.9
2851,15,28,1,75.5,148338,77705,21211,22843702,24811122,61360589,9838833,16869,8330,29.0,55.1
2852,15,28,2,88.6,76215,58113,17346,22886180,24811122,61360589,9838833,13600,10063,49.7,100.0
2853,15,28,3,53.2,198021,143017,43468,21157238,24811122,61360589,9838833,30051,9308,54.7,51.0
2854,15,28,4,55.1,146155,81632,11739,23654925,24811122,61360589,9838833,11563,13225,42.6,100.0
2855,15,28,5,96.8,44553,141434,15742,21635641,24811122,61360589,9838833,14651,19971,49.2,26.3
2856,15,28,6,60.2,231516,186597,45944,18777821,24811122,61360589,9838833,24085,13608,48.5,47.3
2857,15,29,1,63.3,89368,49058,5759,7021195,8513497,20151158,4251950,8137,2404,16.5,63.6
2858,15,29,2,75.5,68747,48869,6471,5855449,8513497,20151158,4251950,7502,3816,50.2,46.5
2859,15,29,3,61.2,81830,57972,17106,7637084,8513497,20151158,4251950,4076,3886,59.8,54.6
2860,15,29,4,64.4,44638,73757,9069,7526227,8513497,20151158,4251950,8340,3999,69.0,100.0
2861,15,29,5,71.2,51045,34067,11595,6797443,8513497,20151158,4251950,2508,3053,48.8,48.4
2862,15,29,6,93.2,49084,41384,9438,5555572,8513497,20151158,4251950,2615,3490,49.9,55.5
2863,15,30,1,70.8,32696,16278,5171,2363634,3734393,8192254,1777380,2042,2234,52.2,49.8
2864,15,30,2,55.2,39171,24003,3011,2984196,3734393,8192254,1777380,3003,4320,32.3,77.2
2865,15,30,3,69.8,21159,15202,1834,3653197,3734393,8192254,1777380,2004,1421,54.7,42.3
2866,15,30,4,94.6,28463,15421,4380,3398072,3734393,8192254,1777380,3761,2718,56.0,51.9
2867,15,30,5,98.8,22108,28710,4632,2686135,3734393,8192254,1777380,1865,1317,50.2,48.6
2868,15,30,6,55.4,15824,13632,3154,3645763,3734393,8192254,1777380,1251,647,93.9,57.1
2869,15,31,1,55.7,811,454,118,54436,83592,181533,30208,50,15,62.3,47.7
2870,15,31,2,61.4,728,637,179,60149,83592,181533,30208,46,91,43.8,22.4
2871,15,31,3,36.6,546,322,46,63355,83592,181533,30208,19,16,84.3,53.1
2872,15,31,4,37.9,503,407,48,50837,83592,181533,30208,43,60,49.9,62.2
2873,15,31,5,38.4,317,196,45,68038,83592,181533,30208,32,18,71.3,75.2
2874,15,31,6,95.4,558,339,115,73890,83592,181533,30208,66,56,54.7,50.2
2875,15,32,1,67.4,2383,1141,257,276316,441027,910475,170041,142,102,50.6,62.3
2876,15,32,2,67.9,1628,816,119,282016,441027,910475,170041,163,80,26.1,62.1
2877,15,32,3,91.1,2412,1687,247,297552,441027,910475,170041,183,85,17.0,75.1
2878,15,32,4,51.5,4180,1742,410,431149,441027,910475,170041,140,148,49.2,46.0
2879,15,32,5,54.9,2322,1075,189,284372,441027,910475,170041,125,173,29.8,52.2
2880,15,32,6,56.5,2853,1976,688,264717,441027,910475,170041,281,340,74.4,81.8
2881,16,1,1,74.6,35888,17494,4101,12697055,14335713,31270813,6560941,2541,1466,34.3,35.4
2882,16,1,2,74.8,125486,80025,16547,11835107,14335713,31270813,6560941,10553,10473,50.2,51.5
2883,16,1,3,42.6,105308,62373,20221,12728354,14335713,31270813,6560941,13750,10941,58.0,44.0
2884,16,1,4,87.0,76683,64043,12468,12769697,14335713,31270813,6560941,7797,7815,53.0,37.7
2885,16,1,5,62.5,56161,33932,6471,13471004,14335713,31270813,6560941,3576,5463,63.4,22.2
2886,16,1,6,51.6,141883,113210,38877,8913943,14335713,31270813,6560941,24841,17442,47.1,58.8
2887,16,2,1,71.9,3692,2264,602,275212,399790,957130,222463,242,357,55.7,41.4
2888,16,2,2,48.7,1367,1055,137,302962,399790,957130,222463,166,152,65.2,89.1
2889,16,2,3,43.5,939,676,114,272144,399790,957130,222463,135,38,59.9,35.6
2890,16,2,4,80.9,1179,1044,240,6690069,399790,957130,222463,115,91,49.9,56.8
2891,16,2,5,62.8,809,578,91,346729,399790,957130,222463,125,70,70.2,31.7
2892,16,2,6,82.7,3961,2451,792,264277,399790,957130,222463,230,359,67.9,29.7
2893,16,3,1,75.7,30644,12274,2310,9323923,10665841,22103851,3412673,1722,1735,62.5,62.9
2894,16,3,2,54.1,65607,55871,12756,8384196,10665841,22103851,3412673,13693,4291,63.2,41.8
2895,16,3,3,87.3,47803,27651,3193,8891102,10665841,22103851,3412673,2123,3528,49.1,40.9
2896,16,3,4,82.6,63324,29138,4993,8649874,10665841,22103851,3412673,3596,1272,46.5,91.6
2897,16,3,5,45.6,29706,24780,6503,6665596,10665841,22103851,3412673,5991,2467,67.7,89.9
2898,16,3,6,87.4,22184,17042,2421,6933976,10665841,22103851,3412673,3777,2082,57.2,33.9
2899,16,4,1,49.5,274174,119038,18946,23668018,36541654,76294920,14268082,16387,17742,54.4,57.7
2900,16,4,2,62.0,138591,27048,28888,33900249,36541654,76294920,14268082,20671,11658,54.1,31.2
2901,16,4,3,44.2,336924,157474,24845,32103104,36541654,76294920,14268082,10642,21404,89.7,51.3
2902,16,4,4,40.2,124785,54667,13936,24886684,36541654,76294920,14268082,4665,9181,73.7,100.0
2903,16,4,5,80.8,172066,150860,52214,29110268,36541654,76294920,14268082,21887,21676,49.2,35.7
2904,16,4,6,59.1,286628,251664,38973,32064026,36541654,76294920,14268082,50820,28917,54.6,35.3
2905,16,5,1,67.3,43213,31438,9102,5128861,8058556,16954536,3605346,6294,1456,23.7,60.2
2906,16,5,2,57.7,33745,20321,5021,7547785,8058556,16954536,3605346,1766,2353,34.8,50.5
2907,16,5,3,60.6,61045,37912,13186,5133794,8058556,16954536,3605346,8661,3839,56.1,65.8
2908,16,5,4,69.9,57869,31118,4836,7296056,8058556,16954536,3605346,3857,2044,38.1,60.4
2909,16,5,5,47.5,77603,31978,5233,5876865,8058556,16954536,3605346,5527,5129,24.0,44.5
2910,16,5,6,58.0,37169,21500,2601,6165653,8058556,16954536,3605346,2690,3112,62.8,50.7
2911,16,6,1,82.8,1644,967,299,6616824,454540,988588,211914,202,107,12.6,59.8
2912,16,6,2,98.8,44152,2415,331,330718,454540,988588,211914,469,296,58.7,78.6
2913,16,6,3,73.3,2264,1025,175,313820,454540,988588,211914,152,136,64.2,54.3
2914,16,6,4,61.0,3787,2362,273,386391,454540,988588,211914,416,385,85.4,41.6
2915,16,6,5,82.3,1814,1326,259,279773,454540,988588,211914,87,173,76.1,76.3
2916,16,6,6,46.6,4604,3312,486,400816,454540,988588,211914,508,221,35.1,47.1
2917,16,7,1,92.7,44667,23366,7244,15138126,19800801,39923523,9339732,3790,2096,32.5,73.7
2918,16,7,2,57.4,83956,65537,6754,15737090,19800801,39923523,9339732,12232,9410,40.1,94.0
2919,16,7,3,67.5,160040,118407,18775,18447987,19800801,39923523,9339732,11569,16110,59.4,59.9
2920,16,7,4,48.4,172375,77326,25903,15138628,19800801,39923523,9339732,5876,5754,62.6,46.2
2921,16,7,5,80.5,56816,28715,8599,14475662,19800801,39923523,9339732,4998,933,45.5,33.6
2922,16,7,6,91.9,184582,159183,47664,15989972,19800801,39923523,9339732,19355,25902,32.7,76.9
2923,16,8,1,80.1,36752,26158,6765,7501836,8005120,18161163,3722063,4722,4059,38.8,43.0
2924,16,8,2,50.4,24588,19911,2766,5171097,8005120,18161163,3722063,4675,704,63.2,45.4
2925,16,8,3,66.3,56431,44879,4969,5850968,8005120,18161163,3722063,6744,5323,46.1,65.4
2926,16,8,4,50.5,49677,23398,5374,6829253,8005120,18161163,3722063,4950,1230,60.2,53.2
2927,16,8,5,52.6,26163,15331,2390,5641029,8005120,18161163,3722063,2242,2625,39.1,63.3
2928,16,8,6,85.9,61792,48535,5485,7439030,8005120,18161163,3722063,2603,2472,66.7,61.1
2929,16,9,1,59.2,21776,10596,2201,1603347,1787269,4254526,908707,2443,1036,50.6,29.8
2930,16,9,2,67.2,5892,5242,1352,1710795,1787269,4254526,908707,923,807,27.0,68.0
2931,16,9,3,65.5,16749,8999,2074,1373669,1787269,4254526,908707,716,870,54.4,41.8
2932,16,9,4,90.7,8608,5450,572,1716579,1787269,4254526,908707,1111,870,78.3,51.9
2933,16,9,5,61.9,16602,12411,2964,1545177,1787269,4254526,908707,1786,1336,39.8,100.0
2934,16,9,6,97.3,10255,6940,2216,1392340,1787269,4254526,908707,447,1097,51.1,28.8
2935,16,10,1,67.9,83044,55320,16110,6233568,10341952,21651765,4046501,13298,8084,54.6,53.4
2936,16,10,2,93.9,50692,25796,6171,6304605,10341952,21651765,4046501,1348,943,68.4,58.0
2937,16,10,3,91.3,82246,63012,16357,8421612,10341952,21651765,4046501,8057,8471,37.6,0.0
2938,16,10,4,40.1,72736,29848,8440,7565264,10341952,21651765,4046501,1813,5212,23.9,82.4
2939,16,10,5,78.0,27808,15468,3443,6809705,10341952,21651765,4046501,2879,2340,51.8,72.5
2940,16,10,6,47.7,108499,71749,7549,8734025,10341952,21651765,4046501,8617,7711,34.5,63.9
2941,16,11,1,50.8,59247,42634,12503,14841122,19467418,42151595,8905831,6163,4527,28.2,46.2
2942,16,11,2,97.9,98123,50058,12495,18019693,19467418,42151595,8905831,9279,7583,54.4,65.8
2943,16,11,3,40.5,67512,56802,15491,18783968,19467418,42151595,8905831,12065,8944,62.7,37.1
2944,16,11,4,91.3,89744,45532,13393,17938913,19467418,42151595,8905831,5584,2986,47.3,40.3
2945,16,11,5,61.6,108863,95793,31611,16046391,19467418,42151595,8905831,7414,8906,70.1,60.9
2946,16,11,6,48.8,139206,79384,22721,17811847,19467418,42151595,8905831,16421,8779,38.0,56.8
2947,16,12,1,57.5,24597,16400,1752,7140397,9446937,20430688,4285621,2331,2545,18.1,77.9
2948,16,12,2,44.1,46227,29403,7964,9257784,9446937,20430688,4285621,1975,1284,60.9,57.1
2949,16,12,3,43.3,88045,44094,13943,7250142,9446937,20430688,4285621,5286,2499,79.7,43.1
2950,16,12,4,41.0,21192,10101,3148,6914639,9446937,20430688,4285621,2020,1798,33.6,25.3
2951,16,12,5,86.6,24969,21214,3971,5697881,9446937,20430688,4285621,3463,1312,58.7,53.4
2952,16,12,6,47.9,101710,65111,10231,7197123,9446937,20430688,4285621,12930,8680,81.5,61.6
2953,16,13,1,81.5,45262,79245,17101,15382498,23103195,51238518,9260686,7935,10523,76.1,33.4
2954,16,13,2,89.1,85414,57560,9462,17994568,23103195,51238518,9260686,13590,4542,50.5,50.6
2955,16,13,3,60.7,78328,40674,7198,18778985,23103195,51238518,9260686,5851,5155,44.5,20.9
2956,16,13,4,76.3,63694,47762,10007,19535368,23103195,51238518,9260686,6040,6011,35.5,54.8
2957,16,13,5,61.2,47902,37127,10736,16694165,23103195,51238518,9260686,2828,1500,71.9,89.9
2958,16,13,6,98.0,99546,88011,17451,18660405,23103195,51238518,9260686,15394,10643,53.3,49.9
2959,16,14,1,85.9,363428,218081,27274,26306337,31173690,74859742,13499107,18032,17948,46.9,73.7
2960,16,14,2,92.6,169213,110895,17589,24333958,31173690,74859742,13499107,6201,4876,37.4,26.9
2961,16,14,3,39.9,261172,123906,26523,18881151,31173690,74859742,13499107,19753,12939,73.3,47.4
2962,16,14,4,88.7,307812,164166,35041,27078520,31173690,74859742,13499107,24122,16191,63.1,36.6
2963,16,14,5,55.4,320118,198813,29255,24953132,31173690,74859742,13499107,32839,9545,51.0,29.0
2964,16,14,6,53.3,142128,117990,38583,24041610,31173690,74859742,13499107,13897,4579,71.6,51.4
2965,16,15,1,77.6,8284,5395,1551,627359,811219,1823085,309414,535,460,60.7,42.8
2966,16,15,2,67.0,3581,2609,805,489563,811219,1823085,309414,459,330,43.7,71.1
2967,16,15,3,66.9,6285,2864,778,587066,811219,1823085,309414,562,108,61.5,59.5
2968,16,15,4,77.5,9083,3743,626,516217,811219,1823085,309414,467,438,51.9,72.9
2969,16,15,5,44.0,2664,1362,244,748524,811219,1823085,309414,228,46,74.4,69.2
2970,16,15,6,76.4,4601,3008,810,594226,811219,1823085,309414,640,493,39.5,44.5
2971,16,16,1,70.7,6836,5269,805,823727,996827,2095343,430541,1181,696,51.7,52.5
2972,16,16,2,46.9,9495,6431,1148,721286,996827,2095343,430541,798,553,47.4,41.7
2973,16,16,3,77.9,6278,5255,785,790696,996827,2095343,430541,341,812,71.4,67.9
2974,16,16,4,68.6,5054,2806,370,822067,996827,2095343,430541,570,275,53.5,64.1
2975,16,16,5,95.2,8339,6963,2204,919474,996827,2095343,430541,848,546,66.7,54.5
2976,16,16,6,37.6,6689,4256,1006,624268,996827,2095343,430541,850,537,43.7,43.6
2977,16,17,1,65.1,911,493,170,292135,338072,687287,154153,96,70,29.0,51.4
2978,16,17,2,43.8,3594,2547,289,310827,338072,687287,154153,322,86,35.3,66.6
2979,16,17,3,72.7,1490,809,173,311812,338072,687287,154153,73,140,39.9,41.1
2980,16,17,4,88.6,3495,1851,456,270515,338072,687287,154153,412,97,38.6,73.9
2981,16,17,5,94.0,1054,487,149,6665596,338072,687287,154153,108,20,36.1,63.2
2982,16,17,6,72.1,2670,1987,390,320990,338072,687287,154153,464,169,64.3,61.2
2983,16,18,1,54.9,4582,3120,532,424067,605789,1326725,230549,528,280,40.7,55.8
2984,16,18,2,60.2,1352,725,219,489649,605789,1326725,230549,123,72,51.9,33.2
2985,16,18,3,97.5,2836,29511,413,377779,605789,1326725,230549,272,50,32.3,73.5
2986,16,18,4,50.5,4946,2500,806,524990,605789,1326725,230549,454,259,41.2,50.8
2987,16,18,5,73.3,4241,3043,677,397813,605789,1326725,230549,315,244,50.2,45.6
2988,16,18,6,39.1,2695,2163,616,454482,605789,1326725,230549,153,382,38.5,63.0
2989,16,19,1,92.4,98232,49778,10876,7566407,12052242,28719516,4549780,10271,2960,56.4,38.2
2990,16,19,2,37.9,44152,63081,14262,10190714,12052242,28719516,4549780,3551,7109,42.1,32.6
2991,16,19,3,72.7,42611,33023,11476,10015993,12052242,28719516,4549780,5995,2932,56.0,50.3
2992,16,19,4,96.2,74840,48479,10351,8059331,12052242,28719516,4549780,6983,3325,64.3,63.8
2993,16,19,5,96.1,107832,28710,25320,9051781,12052242,28719516,4549780,22101,15936,15.0,60.5
2994,16,19,6,75.3,56277,48057,7116,11657348,12052242,28719516,4549780,5500,3610,38.5,9.1
2995,16,20,1,97.0,49383,40485,9159,6133266,7396666,17491817,2603520,4525,4912,44.2,63.7
2996,16,20,2,89.4,37429,15124,5166,7064876,7396666,17491817,2603520,2408,2166,46.6,28.3
2997,16,20,3,54.1,85833,56943,12015,6145232,7396666,17491817,2603520,12616,6053,36.4,60.3
2998,16,20,4,72.7,57040,49919,13385,5392636,7396666,17491817,2603520,4833,2224,35.6,80.3
2999,16,20,5,82.9,15843,13131,2565,6502064,7396666,17491817,2603520,1874,1112,78.0,82.1
3000,16,20,6,75.7,84488,34267,7790,7073538,7396666,17491817,2603520,5454,5290,43.0,50.6
3001,16,21,1,58.0,49929,27724,2774,14645996,21616877,47536601,8264345,2820,1441,47.2,84.6
3002,16,21,2,87.3,170006,116766,19213,20650701,21616877,47536601,8264345,20290,15936,24.9,47.7
3003,16,21,3,72.4,67827,42858,5714,6585097,21616877,47536601,8264345,5345,7279,48.2,30.8
3004,16,21,4,49.8,123044,71019,23691,17795098,21616877,47536601,8264345,9040,9752,52.3,57.3
3005,16,21,5,39.0,189208,120830,17718,14120106,21616877,47536601,8264345,18791,17467,26.4,7.2
3006,16,21,6,85.5,90022,42092,11724,18666754,21616877,47536601,8264345,5291,1895,49.0,60.0
3007,16,22,1,82.0,801,29447,131,147207,170162,407930,64782,47,63,34.7,26.7
3008,16,22,2,97.9,503,376,79,128599,170162,407930,64782,28,54,19.7,45.0
3009,16,22,3,46.1,2097,1684,506,112596,170162,407930,64782,95,50,11.2,44.9
3010,16,22,4,98.8,584,427,82,123760,170162,407930,64782,60,46,51.8,73.6
3011,16,22,5,83.0,600,472,66,163613,170162,407930,64782,70,74,40.4,46.5
3012,16,22,6,47.0,1359,833,213,164451,170162,407930,64782,60,64,65.7,49.5
3013,16,23,1,60.7,66656,29878,5397,13631057,20519576,43406203,6714336,6578,4171,75.3,26.2
3014,16,23,2,59.1,78968,34678,6282,12780337,20519576,43406203,6714336,2785,5415,62.8,64.3
3015,16,23,3,72.5,151020,75277,14599,17626379,20519576,43406203,6714336,4211,8194,62.8,39.3
3016,16,23,4,94.0,151862,101200,10181,6690069,20519576,43406203,6714336,9492,16921,37.0,59.3
3017,16,23,5,63.5,175414,122827,20714,16523494,20519576,43406203,6714336,9736,18991,85.0,80.5
3018,16,23,6,87.2,122315,61125,13581,16407599,20519576,43406203,6714336,5415,7032,45.7,66.6
3019,16,24,1,80.6,63963,44079,11464,8250854,10234954,24844542,4621358,4877,1401,46.7,65.1
3020,16,24,2,81.8,111601,83799,10227,9752445,10234954,24844542,4621358,11967,9066,62.3,71.9
3021,16,24,3,83.9,47666,35072,6146,6899241,10234954,24844542,4621358,4415,6070,25.1,100.0
3022,16,24,4,77.8,24597,16221,3905,8783032,10234954,24844542,4621358,1715,2125,54.3,79.5
3023,16,24,5,90.6,98723,47781,16473,7516000,10234954,24844542,4621358,4375,2706,52.1,44.6
3024,16,24,6,92.8,21852,14926,1999,7208457,10234954,24844542,4621358,2621,685,66.2,65.5
3025,16,25,1,58.6,2976,1758,419,1060193,1222083,2581645,454006,108,224,40.1,33.8
3026,16,25,2,91.9,44152,2938,914,812722,1222083,2581645,454006,351,378,43.7,55.1
3027,16,25,3,92.5,4825,2732,832,1086602,1222083,2581645,454006,565,384,70.8,80.0
3028,16,25,4,92.9,8261,7432,1368,834000,1222083,2581645,454006,1065,740,50.5,65.1
3029,16,25,5,40.2,4530,3698,503,1053153,1222083,2581645,454006,800,389,43.3,60.3
3030,16,25,6,59.8,5439,3261,937,1023388,1222083,2581645,454006,406,429,51.7,48.5
3031,16,26,1,47.9,662958,559726,181093,44343509,57342035,132878101,21722737,64558,58135,32.5,27.2
3032,16,26,2,62.0,659645,518314,157069,46060772,57342035,132878101,21722737,55579,73614,81.4,20.8
3033,16,26,3,51.7,597377,335458,100071,52311883,57342035,132878101,21722737,83199,31122,70.6,51.8
3034,16,26,4,90.1,402533,290743,57997,44373399,57342035,132878101,21722737,54922,33578,54.7,52.0
3035,16,26,5,62.5,348364,238115,67312,49281584,57342035,132878101,21722737,48508,16994,39.7,88.3
3036,16,26,6,73.5,636735,549002,128097,39073691,57342035,132878101,21722737,103201,31500,59.0,65.8
3037,16,27,1,56.2,46953,30618,9104,3412315,5384089,12596671,2712454,4580,2964,72.4,25.6
3038,16,27,2,59.1,56425,27048,7897,4603088,5384089,12596671,2712454,3184,975,44.8,99.5
3039,16,27,3,87.9,59949,43941,10505,4509257,5384089,12596671,2712454,3224,5143,35.4,16.4
3040,16,27,4,47.6,57795,29732,5445,4739821,5384089,12596671,2712454,2845,3510,34.9,65.5
3041,16,27,5,53.0,44553,31912,7500,5070836,5384089,12596671,2712454,6950,2008,32.2,31.0
3042,16,27,6,43.9,44170,29102,8622,4932959,5384089,12596671,2712454,6778,3102,40.7,34.2
3043,16,28,1,95.9,122917,86533,17279,23473579,26102049,62223987,12015963,7235,12402,44.9,49.6
3044,16,28,2,57.6,255921,108714,32887,18762919,26102049,62223987,12015963,20252,13274,85.0,54.8
3045,16,28,3,40.9,66901,50293,13105,18427714,26102049,62223987,12015963,5824,7936,52.2,44.0
3046,16,28,4,59.8,292214,205624,34995,17335692,26102049,62223987,12015963,30776,29169,47.4,100.0
3047,16,28,5,96.5,93790,75302,24594,23946171,26102049,62223987,12015963,6247,4125,44.4,59.4
3048,16,28,6,45.6,121598,48675,14132,25087370,26102049,62223987,12015963,3652,5273,39.8,89.4
3049,16,29,1,59.2,33962,15530,3781,7624678,9631317,20051293,4401559,2015,677,69.0,90.0
3050,16,29,2,40.7,72380,61330,7510,8300443,9631317,20051293,4401559,14152,2512,43.1,71.7
3051,16,29,3,38.5,89006,39615,9656,7523833,9631317,20051293,4401559,8182,3429,29.6,40.6
3052,16,29,4,89.5,53827,44098,4528,6732979,9631317,20051293,4401559,4514,2434,38.3,45.9
3053,16,29,5,98.5,70403,49839,5833,6769654,9631317,20051293,4401559,7961,5590,47.7,41.8
3054,16,29,6,89.7,61122,31328,7848,6309582,9631317,20051293,4401559,5480,5152,22.2,37.8
3055,16,30,1,97.0,20860,13955,2417,3105171,3952930,7734927,1241009,1091,1305,42.8,26.1
3056,16,30,2,97.9,16388,9587,978,3519641,3952930,7734927,1241009,1153,1267,67.4,71.0
3057,16,30,3,83.3,27631,14195,2420,2829684,3952930,7734927,1241009,1673,1436,56.0,46.0
3058,16,30,4,44.1,18805,13641,4642,3217790,3952930,7734927,1241009,2431,1919,52.5,20.4
3059,16,30,5,57.8,34555,18487,4546,3727175,3952930,7734927,1241009,2036,1544,31.6,75.4
3060,16,30,6,43.5,29928,18259,2402,3544570,3952930,7734927,1241009,3306,2239,45.6,41.1
3061,16,31,1,42.5,533,462,81,61593,84389,169471,31321,68,62,60.6,52.1
3062,16,31,2,35.2,804,577,68,78820,84389,169471,31321,107,61,50.9,84.5
3063,16,31,3,55.6,890,731,224,67100,84389,169471,31321,176,94,42.7,53.5
3064,16,31,4,55.9,772,433,108,82683,84389,169471,31321,44,37,43.0,58.4
3065,16,31,5,75.7,315,279,29,73486,84389,169471,31321,60,42,72.3,34.4
3066,16,31,6,90.0,671,599,155,81810,84389,169471,31321,47,92,39.5,55.2
3067,16,32,1,66.0,3337,2954,796,270248,399271,860259,157442,493,472,21.6,51.6
3068,16,32,2,61.7,1578,1010,220,252947,399271,860259,157442,228,169,30.8,69.9
3069,16,32,3,57.9,1619,973,283,268594,399271,860259,157442,187,151,60.6,22.2
3070,16,32,4,72.2,2732,2405,507,353158,399271,860259,157442,426,277,49.7,47.8
3071,16,32,5,49.5,756,550,161,383349,399271,860259,157442,128,89,42.3,52.2
3072,16,32,6,90.8,1130,930,257,290007,399271,860259,157442,178,73,27.5,44.6
3073,17,1,1,85.8,41940,21786,3770,11063875,14217291,31625020,6328934,1874,3347,66.4,49.5
3074,17,1,2,70.2,147056,66305,10899,9251573,14217291,31625020,6328934,11145,5532,80.4,63.4
3075,17,1,3,81.1,137974,123408,41752,12045326,14217291,31625020,6328934,13976,15406,52.5,32.4
3076,17,1,4,88.9,44638,42498,6720,11360720,14217291,31625020,6328934,5805,4884,25.1,81.4
3077,17,1,5,65.2,54679,22625,5644,10410153,14217291,31625020,6328934,3885,1132,20.2,69.3
3078,17,1,6,86.8,59794,29102,8634,10985353,14217291,31625020,6328934,5338,6859,38.3,48.8
3079,17,2,1,40.7,945,815,222,399350,446856,953651,175909,199,127,63.6,35.7
3080,17,2,2,37.5,2782,2074,437,422139,446856,953651,175909,362,239,64.5,43.4
3081,17,2,3,59.9,3696,2571,384,295959,446856,953651,175909,254,317,52.3,74.3
3082,17,2,4,97.3,1696,1041,271,357113,446856,953651,175909,121,97,48.0,82.5
3083,17,2,5,93.9,1632,883,109,313073,446856,953651,175909,86,39,57.8,45.6
3084,17,2,6,73.9,3493,1522,278,384713,446856,953651,175909,173,268,35.9,68.2
3085,17,3,1,65.2,75386,44591,14397,9137394,9896649,20828721,3856556,7603,4315,68.4,71.7
3086,17,3,2,75.7,49766,38082,4373,6067638,9896649,20828721,3856556,7321,5006,45.9,44.9
3087,17,3,3,78.3,50272,42923,7012,7956389,9896649,20828721,3856556,3320,5993,33.7,57.7
3088,17,3,4,56.3,66669,51130,12877,7464066,9896649,20828721,3856556,2570,2787,56.6,53.7
3089,17,3,5,94.3,37209,17389,2690,8016208,9896649,20828721,3856556,2851,2488,43.3,33.1
3090,17,3,6,53.4,24028,20807,5996,9366858,9896649,20828721,3856556,3536,2043,25.9,56.8
3091,17,4,1,69.1,143173,65823,16442,25455419,32984507,77497954,10369870,6826,4687,49.8,14.0
3092,17,4,2,92.0,151011,123746,42855,27910943,32984507,77497954,10369870,21053,5711,68.7,56.6
3093,17,4,3,40.7,240542,118013,32309,21609968,32984507,77497954,10369870,17344,18840,78.3,55.2
3094,17,4,4,59.8,369531,280137,82108,28875646,32984507,77497954,10369870,23311,18399,29.7,41.0
3095,17,4,5,68.2,122733,64889,9181,28872349,32984507,77497954,10369870,8489,10441,83.7,65.6
3096,17,4,6,63.7,187750,100210,24243,25794889,32984507,77497954,10369870,6126,8031,30.7,0.0
3097,17,5,1,57.3,22135,11444,3674,5203950,7114058,17158379,3887539,1843,1667,25.7,41.0
3098,17,5,2,95.0,47669,39484,8473,6474893,7114058,17158379,3887539,2877,5082,66.6,78.1
3099,17,5,3,73.1,82815,66428,19796,6587439,7114058,17158379,3887539,6389,6273,50.3,78.8
3100,17,5,4,74.7,74076,61905,13262,6230410,7114058,17158379,3887539,3604,6333,35.0,86.2
3101,17,5,5,45.3,84537,67972,21693,6323004,7114058,17158379,3887539,9072,2994,49.6,73.4
3102,17,5,6,40.7,33159,21720,4330,5326672,7114058,17158379,3887539,5035,2149,50.8,68.7
3103,17,6,1,74.4,3474,2107,497,314364,392756,910770,145491,179,219,72.6,57.4
3104,17,6,2,97.8,1639,782,91,312085,392756,910770,145491,106,63,45.4,29.6
3105,17,6,3,42.7,3289,29511,530,345388,392756,910770,145491,495,69,64.2,31.7
3106,17,6,4,38.0,2078,1172,159,254821,392756,910770,145491,240,67,69.3,64.6
3107,17,6,5,57.9,3628,1803,440,339289,392756,910770,145491,134,216,48.2,59.8
3108,17,6,6,59.4,2640,1094,358,362051,392756,910770,145491,271,172,24.4,26.2
3109,17,7,1,76.7,60851,28508,8759,15738537,19904169,43337183,7194473,2901,2748,35.9,74.6
3110,17,7,2,85.0,96684,47298,8538,15157339,19904169,43337183,7194473,4501,4041,49.2,85.9
3111,17,7,3,58.5,94539,66165,17707,6585097,19904169,43337183,7194473,6728,9480,49.5,60.6
3112,17,7,4,79.5,202277,122526,25182,19290380,19904169,43337183,7194473,13236,11081,38.1,44.2
3113,17,7,5,73.3,47035,23133,6304,13588531,19904169,43337183,7194473,2551,1328,86.8,76.2
3114,17,7,6,58.9,206576,111596,36839,19037749,19904169,43337183,7194473,21418,7193,63.7,72.5
3115,17,8,1,49.5,38740,30527,4729,7129880,7535784,18058661,2506996,3866,1714,72.5,50.8
3116,17,8,2,43.5,60557,48836,9511,6703492,7535784,18058661,2506996,8359,8494,45.9,65.4
3117,17,8,3,97.5,58409,26908,5923,5741876,7535784,18058661,2506996,3262,1126,50.0,74.5
3118,17,8,4,40.1,20940,11132,1602,6204481,7535784,18058661,2506996,869,484,49.9,88.4
3119,17,8,5,85.8,68899,53045,5539,5151867,7535784,18058661,2506996,8243,7910,29.2,62.4
3120,17,8,6,43.2,35090,16275,4552,6657041,7535784,18058661,2506996,1163,1452,64.7,82.5
3121,17,9,1,86.7,12966,6016,1769,1115602,1840065,4157040,645064,636,360,39.9,41.3
3122,17,9,2,94.6,4793,2844,350,1343277,1840065,4157040,645064,373,349,53.8,74.1
3123,17,9,3,70.7,10808,7226,1934,1343092,1840065,4157040,645064,695,996,38.9,48.2
3124,17,9,4,61.5,19990,8558,2180,1252388,1840065,4157040,645064,1297,1017,54.8,53.3
3125,17,9,5,90.1,10463,5271,797,1480694,1840065,4157040,645064,1068,680,37.1,39.3
3126,17,9,6,48.3,9980,8412,2096,1466798,1840065,4157040,645064,1820,526,35.3,64.9
3127,17,10,1,77.4,45915,35314,5138,8389207,10450628,21785251,4767167,4400,6192,54.7,52.8
3128,17,10,2,39.8,81013,63432,15239,9691794,10450628,21785251,4767167,15040,9050,57.4,51.7
3129,17,10,3,48.8,33021,18389,4781,7437822,10450628,21785251,4767167,4529,1447,49.1,37.9
3130,17,10,4,67.7,101208,74969,14215,6861895,10450628,21785251,4767167,12003,9575,35.9,56.5
3131,17,10,5,90.1,44553,85999,16684,9209265,10450628,21785251,4767167,4518,5899,55.5,43.0
3132,17,10,6,51.8,24794,11599,2256,9876105,10450628,21785251,4767167,1222,752,47.9,62.3
3133,17,11,1,97.3,188248,156469,37378,6616824,16784695,39047957,7797560,30235,7009,53.1,43.1
3134,17,11,2,74.8,67370,30637,3390,12645652,16784695,39047957,7797560,3932,4908,67.0,52.5
3135,17,11,3,60.0,76323,57859,12541,14066500,16784695,39047957,7797560,10493,2172,38.9,39.8
3136,17,11,4,73.6,114654,93269,21394,12239839,16784695,39047957,7797560,7638,7153,33.7,58.9
3137,17,11,5,54.0,157353,80546,22591,11423407,16784695,39047957,7797560,19543,8714,43.8,47.0
3138,17,11,6,69.6,152888,81124,23282,11834799,16784695,39047957,7797560,15563,3071,22.8,41.1
3139,17,12,1,95.4,65273,36132,10983,8948732,10248290,19779735,3878166,1814,1247,46.5,76.9
3140,17,12,2,51.8,23979,14230,1790,8891123,10248290,19779735,3878166,2430,1250,58.5,55.2
3141,17,12,3,42.8,46195,20120,4442,9878029,10248290,19779735,3878166,4286,3451,53.7,38.0
3142,17,12,4,81.7,47639,22128,5045,9879446,10248290,19779735,3878166,4507,1651,57.1,43.1
3143,17,12,5,78.8,21144,13672,4315,8570013,10248290,19779735,3878166,2277,685,31.7,54.2
3144,17,12,6,96.7,47507,29215,5461,7192013,10248290,19779735,3878166,2472,3450,60.9,36.0
3145,17,13,1,62.3,47816,33275,5793,18303356,22369391,48261590,9656012,7056,1324,26.5,100.0
3146,17,13,2,61.9,73721,58740,6553,15256038,22369391,48261590,9656012,10886,7768,71.8,62.0
3147,17,13,3,50.4,241181,195652,53111,14979449,22369391,48261590,9656012,38325,28634,29.0,35.8
3148,17,13,4,64.5,175312,79032,21553,13986393,22369391,48261590,9656012,11305,8935,35.5,87.3
3149,17,13,5,65.5,137972,79786,21049,20028019,22369391,48261590,9656012,16892,3220,39.6,77.8
3150,17,13,6,61.0,189716,141453,35418,13759218,22369391,48261590,9656012,23733,19601,51.2,86.1
3151,17,14,1,42.4,45262,303719,68398,24563206,36316176,70188499,16029666,42027,42017,53.1,58.8
3152,17,14,2,50.3,152091,108897,21987,32503215,36316176,70188499,16029666,16873,5639,69.2,72.3
3153,17,14,3,94.5,240827,215435,31987,26798671,36316176,70188499,16029666,38923,8933,51.1,72.8
3154,17,14,4,97.5,359962,211775,34802,31432957,36316176,70188499,16029666,49246,19227,41.9,36.5
3155,17,14,5,37.1,91251,57894,9456,29903466,36316176,70188499,16029666,8746,9363,50.2,71.3
3156,17,14,6,59.8,188932,29102,19373,33439305,36316176,70188499,16029666,14168,6265,49.9,40.8
3157,17,15,1,56.5,2499,1514,264,785839,857224,1753248,395740,365,46,26.2,38.0
3158,17,15,2,52.1,1629,886,269,835094,857224,1753248,395740,134,97,71.5,44.1
3159,17,15,3,94.1,3443,2905,601,773427,857224,1753248,395740,715,229,52.1,33.6
3160,17,15,4,73.1,9066,7498,1957,809491,857224,1753248,395740,1096,373,25.5,47.5
3161,17,15,5,91.8,6434,3064,559,605214,857224,1753248,395740,452,405,48.4,73.3
3162,17,15,6,44.3,3849,1988,669,769773,857224,1753248,395740,439,61,59.1,16.5
3163,17,16,1,47.5,2084,968,106,673410,914350,1946394,318499,84,138,43.3,77.8
3164,17,16,2,73.7,5159,4081,667,552739,914350,1946394,318499,256,288,61.6,24.2
3165,17,16,3,80.6,5630,2778,452,697400,914350,1946394,318499,365,489,21.7,46.0
3166,17,16,4,74.6,1764,1284,322,697666,914350,1946394,318499,165,143,57.0,33.0
3167,17,16,5,92.9,9444,3921,1127,702433,914350,1946394,318499,416,488,37.1,64.2
3168,17,16,6,77.4,8316,4378,1467,757112,914350,1946394,318499,391,176,71.9,83.0
3169,17,17,1,62.8,2174,1084,201,309065,356697,728515,164273,210,117,64.2,59.3
3170,17,17,2,38.0,1493,851,213,320196,356697,728515,164273,44,96,56.5,45.0
3171,17,17,3,76.7,673,329,92,256607,356697,728515,164273,28,32,45.1,45.8
3172,17,17,4,58.8,750,403,87,342869,356697,728515,164273,74,46,55.0,71.8
3173,17,17,5,67.6,671,303,79,310408,356697,728515,164273,69,16,41.3,37.0
3174,17,17,6,40.7,2439,1369,257,329294,356697,728515,164273,88,42,49.8,55.0
3175,17,18,1,96.6,1383,783,138,532338,598696,1224178,274270,160,34,47.2,71.9
3176,17,18,2,87.4,3371,1928,558,489329,598696,1224178,274270,228,255,75.1,33.9
3177,17,18,3,38.2,3205,2637,547,364243,598696,1224178,274270,439,166,62.0,54.7
3178,17,18,4,52.7,1671,788,113,419716,598696,1224178,274270,96,138,63.8,60.9
3179,17,18,5,68.7,5697,3083,437,487020,598696,1224178,274270,246,412,50.1,41.1
3180,17,18,6,76.1,5099,3051,440,6613341,598696,1224178,274270,209,144,33.7,64.4
3181,17,19,1,85.0,120964,108657,36264,11568369,12917551,27656513,5064017,22081,15497,55.9,62.3
3182,17,19,2,53.7,44152,115854,36137,12238013,12917551,27656513,5064017,24782,11890,25.1,68.4
3183,17,19,3,38.7,24580,18637,4839,10449590,12917551,27656513,5064017,2663,1470,37.4,75.2
3184,17,19,4,75.6,103308,65595,7193,9151142,12917551,27656513,5064017,5276,10307,58.0,56.2
3185,17,19,5,72.3,136479,80734,17966,9515990,12917551,27656513,5064017,14048,8279,56.5,54.4
3186,17,19,6,38.2,79514,52122,15946,8904856,12917551,27656513,5064017,4707,5489,17.6,56.5
3187,17,20,1,61.7,35754,23804,5981,7021294,8044397,18690068,2722573,4761,1089,61.3,29.9
3188,17,20,2,77.4,62226,40923,10786,6454906,8044397,18690068,2722573,4959,2935,67.2,36.4
3189,17,20,3,89.4,60127,24932,7449,5794183,8044397,18690068,2722573,1717,3957,69.4,33.6
3190,17,20,4,57.2,85380,59955,11138,7784987,8044397,18690068,2722573,7156,9470,49.9,38.1
3191,17,20,5,56.5,42335,28526,5274,5265269,8044397,18690068,2722573,4817,1229,52.7,23.0
3192,17,20,6,92.4,54665,40179,10623,7191487,8044397,18690068,2722573,9927,6163,47.7,79.0
3193,17,21,1,86.3,92765,75194,14567,20562083,21217457,48985477,6998839,15339,3314,49.2,70.5
3194,17,21,2,50.5,44152,72727,21897,14882728,21217457,48985477,6998839,13863,9147,78.6,69.5
3195,17,21,3,35.4,94283,44923,10182,14293137,21217457,48985477,6998839,3387,7015,56.4,86.3
3196,17,21,4,73.0,86682,67343,11598,15134698,21217457,48985477,6998839,8330,7079,55.6,57.6
3197,17,21,5,89.2,215386,155513,22786,15158015,21217457,48985477,6998839,32394,27505,50.2,42.5
3198,17,21,6,57.0,183056,77232,17420,14867072,21217457,48985477,6998839,8915,10454,25.1,52.5
3199,17,22,1,83.4,611,457,106,118374,182807,387099,82452,73,72,87.8,39.4
3200,17,22,2,86.0,1819,1451,447,178090,182807,387099,82452,333,154,57.8,96.6
3201,17,22,3,57.3,668,600,159,146043,182807,387099,82452,39,100,26.0,55.0
3202,17,22,4,67.1,1145,754,167,156336,182807,387099,82452,164,66,64.2,61.7
3203,17,22,5,63.8,44553,445,112,135149,182807,387099,82452,43,29,32.8,45.3
3204,17,22,6,80.2,1170,977,316,160504,182807,387099,82452,232,105,35.6,32.9
3205,17,23,1,51.3,219411,102881,15895,18395940,20531180,48362031,7758426,17759,7825,40.0,21.7
3206,17,23,2,68.7,92095,50344,5312,13464980,20531180,48362031,7758426,10668,3067,44.5,19.4
3207,17,23,3,85.7,193117,165667,24500,16836174,20531180,48362031,7758426,17477,25316,45.6,48.7
3208,17,23,4,46.0,202755,85306,24496,17663402,20531180,48362031,7758426,20018,5061,47.6,51.4
3209,17,23,5,59.2,53597,42316,5564,19670737,20531180,48362031,7758426,8406,4131,84.7,57.5
3210,17,23,6,49.2,159993,129370,30148,14157624,20531180,48362031,7758426,19194,6072,27.1,28.0
3211,17,24,1,42.5,98874,63760,14732,8376963,10149636,24601273,4426530,9379,9943,50.9,51.5
3212,17,24,2,47.6,56868,50012,17105,9494299,10149636,24601273,4426530,2679,5837,50.6,86.2
3213,17,24,3,87.8,42196,34195,5612,8865394,10149636,24601273,4426530,6654,1477,44.8,77.7
3214,17,24,4,57.2,118541,78498,14043,9771123,10149636,24601273,4426530,7727,11572,60.5,73.5
3215,17,24,5,44.2,66655,34467,4735,6959179,10149636,24601273,4426530,4057,3949,63.6,42.1
3216,17,24,6,93.5,44346,19883,5882,9233652,10149636,24601273,4426530,3808,2554,47.8,22.4
3217,17,25,1,91.0,11243,29447,1078,708387,991833,2264741,429993,817,598,42.6,87.7
3218,17,25,2,52.8,10329,7576,1017,945771,991833,2264741,429993,1204,1228,53.6,54.1
3219,17,25,3,79.7,5423,3279,819,970995,991833,2264741,429993,530,255,22.0,67.4
3220,17,25,4,36.7,9177,8060,1452,853043,991833,2264741,429993,1257,1124,33.1,80.2
3221,17,25,5,76.4,2259,1312,334,823109,991833,2264741,429993,235,180,27.6,64.5
3222,17,25,6,65.6,4522,3780,569,724031,991833,2264741,429993,827,250,49.8,62.3
3223,17,26,1,60.3,120470,84007,21663,6616824,57665398,131074401,20192632,14445,5785,45.0,79.1
3224,17,26,2,65.5,569910,276714,29053,42387153,57665398,131074401,20192632,22245,14583,34.2,62.3
3225,17,26,3,68.4,353274,173662,60561,45043235,57665398,131074401,20192632,30574,16632,46.3,83.4
3226,17,26,4,44.4,174236,71939,16816,56384786,57665398,131074401,20192632,12902,2607,48.8,75.2
3227,17,26,5,86.4,260780,215497,68098,47662586,57665398,131074401,20192632,37025,14204,42.5,52.5
3228,17,26,6,50.3,519218,358898,36537,51354885,57665398,131074401,20192632,55000,43771,49.3,61.7
3229,17,27,1,95.4,52632,42571,11269,3930556,5734287,11438554,2770492,2465,4049,35.9,91.6
3230,17,27,2,56.4,59869,41403,13939,3507147,5734287,11438554,2770492,8219,6241,64.2,26.1
3231,17,27,3,54.5,39737,26860,8065,4774188,5734287,11438554,2770492,4709,1448,27.0,62.1
3232,17,27,4,43.0,47539,36365,10806,4105111,5734287,11438554,2770492,5448,4161,49.9,72.1
3233,17,27,5,91.5,10965,5766,1319,4023884,5734287,11438554,2770492,1119,767,56.9,67.3
3234,17,27,6,68.5,23516,10643,1405,5496824,5734287,11438554,2770492,1981,1907,78.1,77.2
3235,17,28,1,96.3,89984,69455,20036,27697665,28953153,56940852,8468141,5643,6196,48.7,19.0
3236,17,28,2,96.7,190490,132996,32961,20131835,28953153,56940852,8468141,17918,13882,75.5,60.7
3237,17,28,3,93.8,57948,29511,6625,22119799,28953153,56940852,8468141,8816,3964,46.4,39.5
3238,17,28,4,93.1,53582,46794,5341,25549962,28953153,56940852,8468141,4522,2145,71.2,62.4
3239,17,28,5,65.6,267861,189373,49284,26661852,28953153,56940852,8468141,18489,33967,49.0,28.5
3240,17,28,6,78.3,134832,90202,30158,27068323,28953153,56940852,8468141,5689,14405,63.9,25.4
3241,17,29,1,63.0,45262,34558,4909,9077474,9762918,20237354,4598871,6476,1737,98.6,52.9
3242,17,29,2,41.5,78415,56133,15310,9006763,9762918,20237354,4598871,9744,4020,50.2,56.2
3243,17,29,3,72.7,59667,43557,8248,7896267,9762918,20237354,4598871,9052,2525,30.8,71.4
3244,17,29,4,95.3,87552,47321,7914,7793666,9762918,20237354,4598871,9518,5046,39.6,52.0
3245,17,29,5,47.6,66339,39480,8654,7163325,9762918,20237354,4598871,6827,3398,54.8,31.2
3246,17,29,6,92.8,54313,32953,10305,7374434,9762918,20237354,4598871,7495,1883,80.1,58.7
3247,17,30,1,98.0,29156,15129,2151,2463700,3542324,8013311,1460082,2474,2653,49.7,42.9
3248,17,30,2,84.8,30235,19001,4833,2702253,3542324,8013311,1460082,1175,1845,35.3,40.2
3249,17,30,3,65.6,18360,15959,3475,2332317,3542324,8013311,1460082,2144,627,29.4,43.8
3250,17,30,4,45.2,37945,16918,5378,2608953,3542324,8013311,1460082,3668,1428,35.4,73.7
3251,17,30,5,74.4,8128,3720,1175,2923077,3542324,8013311,1460082,817,351,62.1,66.2
3252,17,30,6,71.3,22496,17953,3566,3132321,3542324,8013311,1460082,3771,1800,73.7,48.4
3253,17,31,1,88.9,416,270,31,60963,88384,165261,31892,56,8,54.0,69.9
3254,17,31,2,66.0,574,236,70,72149,88384,165261,31892,58,13,71.7,13.9
3255,17,31,3,64.2,379,275,71,75408,88384,165261,31892,23,27,41.9,46.5
3256,17,31,4,83.4,275,148,16,69851,88384,165261,31892,10,24,0.0,57.9
3257,17,31,5,96.3,373,174,40,59859,88384,165261,31892,40,7,46.6,43.9
3258,17,31,6,83.6,603,268,70,79227,88384,165261,31892,47,44,10.1,41.2
3259,17,32,1,81.7,2248,1431,396,328404,383549,880833,181897,247,87,25.9,58.0
3260,17,32,2,58.2,3277,2237,370,368795,383549,880833,181897,269,320,57.8,58.3
3261,17,32,3,50.2,3695,2735,356,299384,383549,880833,181897,142,88,38.7,80.5
3262,17,32,4,53.7,1417,1247,323,233757,383549,880833,181897,171,147,35.3,78.6
3263,17,32,5,37.8,1934,958,326,321421,383549,880833,181897,113,160,57.1,68.5
3264,17,32,6,75.2,1749,1155,357,253576,383549,880833,181897,217,109,38.8,74.9
3265,18,1,1,37.8,88153,38430,10499,9808624,14324367,33199174,6618230,7629,3537,32.5,50.1
3266,18,1,2,49.2,75466,56058,16767,8610434,14324367,33199174,6618230,7065,3448,79.9,74.4
3267,18,1,3,88.8,119535,92731,18665,9051294,14324367,33199174,6618230,9202,8358,42.0,48.3
3268,18,1,4,66.7,58160,38132,9404,12549722,14324367,33199174,6618230,8884,6364,16.2,31.9
3269,18,1,5,56.1,150177,110969,23569,10430418,14324367,33199174,6618230,13723,18599,60.8,89.3
3270,18,1,6,48.1,68226,40609,11625,9907009,14324367,33199174,6618230,8045,1771,27.0,18.7
3271,18,2,1,95.5,1341,865,282,279760,446512,891115,194134,120,122,38.6,69.9
3272,18,2,2,83.5,3079,2160,517,297175,446512,891115,194134,353,272,57.5,38.8
3273,18,2,3,69.5,4489,3704,1236,268995,446512,891115,194134,262,290,49.1,84.5
3274,18,2,4,51.6,1857,1429,444,332298,446512,891115,194134,144,96,66.0,54.5
3275,18,2,5,94.7,3123,2446,482,292907,446512,891115,194134,214,307,71.0,50.8
3276,18,2,6,36.2,2119,1491,484,319863,446512,891115,194134,286,217,52.9,88.4
3277,18,3,1,61.8,59268,35382,8128,7695877,9445152,22190588,4325398,4285,4108,48.4,65.3
3278,18,3,2,87.5,96064,84313,16575,6206175,9445152,22190588,4325398,9199,13914,54.7,37.8
3279,18,3,3,83.9,77729,42260,12538,6577815,9445152,22190588,4325398,5573,1350,27.1,29.3
3280,18,3,4,98.0,46770,22618,7081,8503377,9445152,22190588,4325398,2489,2878,64.9,28.8
3281,18,3,5,54.9,52956,30797,10480,6645849,9445152,22190588,4325398,3633,1682,52.2,87.1
3282,18,3,6,50.6,65748,49433,16269,6613341,9445152,22190588,4325398,5244,3212,28.5,65.6
3283,18,4,1,50.6,85805,62640,8646,34600960,36584361,76625924,17215831,5204,7834,89.5,64.9
3284,18,4,2,98.9,323551,262573,47605,6631720,36584361,76625924,17215831,56777,44344,57.9,29.3
3285,18,4,3,55.2,313550,157715,34322,22750317,36584361,76625924,17215831,28005,6119,37.2,49.1
3286,18,4,4,52.1,255171,139322,19340,33334937,36584361,76625924,17215831,10586,14629,60.5,47.7
3287,18,4,5,82.9,104183,88029,18075,6665596,36584361,76625924,17215831,11246,7859,19.3,78.4
3288,18,4,6,37.0,44526,298273,45324,26899927,36584361,76625924,17215831,41655,18487,55.6,52.0
3289,18,5,1,96.0,40532,29447,5267,6630058,7568598,16837599,3400790,4786,746,51.0,27.4
3290,18,5,2,42.4,75334,57932,16582,6711787,7568598,16837599,3400790,8578,2703,61.4,49.7
3291,18,5,3,36.5,59748,29511,5267,6417653,7568598,16837599,3400790,3777,3221,43.0,54.8
3292,18,5,4,69.9,21982,13358,3784,5838242,7568598,16837599,3400790,2628,2127,60.4,71.9
3293,18,5,5,56.1,59362,44901,13212,5820286,7568598,16837599,3400790,6827,1395,57.6,57.6
3294,18,5,6,82.7,86976,38125,7262,6863061,7568598,16837599,3400790,2425,2598,16.2,36.4
3295,18,6,1,55.6,2700,1704,267,353201,448441,968785,145307,111,249,75.8,73.9
3296,18,6,2,41.9,44152,988,339,338791,448441,968785,145307,75,36,50.2,53.2
3297,18,6,3,76.9,4605,3053,1021,276483,448441,968785,145307,669,514,19.1,28.8
3298,18,6,4,40.5,2317,1147,152,435317,448441,968785,145307,283,93,21.0,43.0
3299,18,6,5,94.2,2696,1839,514,420890,448441,968785,145307,283,196,82.6,53.9
3300,18,6,6,61.0,2628,1166,261,429866,448441,968785,145307,116,205,61.5,16.1
3301,18,7,1,44.3,114803,89284,28741,16927716,19371172,42489826,9695054,16156,3859,46.8,45.3
3302,18,7,2,68.3,44731,33444,11103,13529621,19371172,42489826,9695054,6483,5393,86.2,57.1
3303,18,7,3,74.1,139338,103695,20900,16420331,19371172,42489826,9695054,15092,10898,45.1,0.0
3304,18,7,4,96.4,193653,93355,32091,13917581,19371172,42489826,9695054,15675,10113,42.7,60.3
3305,18,7,5,51.8,121279,86313,29306,13327920,19371172,42489826,9695054,12714,5872,64.5,48.5
3306,18,7,6,72.7,84640,66641,17588,13451374,19371172,42489826,9695054,15950,10303,36.3,91.5
3307,18,8,1,85.2,56691,31259,3459,5787693,8669954,16332090,2375565,2248,4871,31.1,28.2
3308,18,8,2,40.6,84778,73483,10032,6631720,8669954,16332090,2375565,13705,12080,100.0,39.7
3309,18,8,3,36.1,22998,14536,4315,6302782,8669954,16332090,2375565,2509,2085,63.5,99.9
3310,18,8,4,86.1,79960,68624,14573,8114824,8669954,16332090,2375565,12476,5405,51.7,46.6
3311,18,8,5,90.1,70351,44069,13063,8174037,8669954,16332090,2375565,10473,6147,37.6,46.6
3312,18,8,6,64.0,44526,41351,13895,6613341,8669954,16332090,2375565,10178,6107,59.3,62.0
3313,18,9,1,85.8,20441,16125,4761,1734178,2114238,4514418,964141,2453,2313,57.7,89.6
3314,18,9,2,86.3,7732,6423,1315,1903108,2114238,4514418,964141,1220,250,72.8,37.0
3315,18,9,3,82.0,5849,2835,703,1402975,2114238,4514418,964141,492,372,68.8,72.9
3316,18,9,4,79.6,8242,4449,1416,1752183,2114238,4514418,964141,878,240,48.7,62.6
3317,18,9,5,36.4,18416,11624,3860,1606026,2114238,4514418,964141,2148,371,10.9,100.0
3318,18,9,6,95.7,5102,4309,1143,1858964,2114238,4514418,964141,959,508,50.1,61.3
3319,18,10,1,83.8,45262,53925,18563,9634141,9859923,23695037,3994475,6421,2308,64.7,30.1
3320,18,10,2,66.0,114729,52526,6476,5979314,9859923,23695037,3994475,9140,3768,42.2,72.7
3321,18,10,3,70.2,42064,36840,12479,8859553,9859923,23695037,3994475,2500,5527,51.7,48.4
3322,18,10,4,77.5,98272,85428,15459,6459428,9859923,23695037,3994475,17128,4453,36.5,75.0
3323,18,10,5,57.2,39695,17274,5183,7143151,9859923,23695037,3994475,3966,1567,50.2,77.1
3324,18,10,6,89.0,39010,29801,7658,6529913,9859923,23695037,3994475,2341,2082,87.4,64.5
3325,18,11,1,86.3,85151,38130,6275,12957269,17548580,41883131,8673482,9365,1701,65.4,31.7
3326,18,11,2,38.8,118097,96328,33004,14698143,17548580,41883131,8673482,22859,15188,71.8,91.6
3327,18,11,3,41.6,40878,24754,6051,12580808,17548580,41883131,8673482,3063,907,54.7,78.9
3328,18,11,4,50.1,188379,142937,33937,13661190,17548580,41883131,8673482,20508,24637,55.8,28.5
3329,18,11,5,60.5,181628,155937,39251,14719617,17548580,41883131,8673482,38778,20736,58.3,76.4
3330,18,11,6,62.4,119226,53955,8755,12973970,17548580,41883131,8673482,11365,6085,74.0,48.5
3331,18,12,1,38.4,63457,28737,3745,9930803,10685542,20339749,3784824,5011,3377,62.9,64.7
3332,18,12,2,70.4,73808,46617,5701,10124345,10685542,20339749,3784824,3401,2517,42.5,80.9
3333,18,12,3,38.6,97540,70243,24543,8813729,10685542,20339749,3784824,15206,11159,60.8,48.5
3334,18,12,4,47.2,67852,44663,11068,6948072,10685542,20339749,3784824,10623,3300,29.6,71.3
3335,18,12,5,75.6,43154,20286,2352,9461448,10685542,20339749,3784824,2074,1996,52.1,38.6
3336,18,12,6,73.1,85197,39930,4325,6959945,10685542,20339749,3784824,8503,1864,39.7,20.9
3337,18,13,1,82.6,148808,130122,25597,17855192,25070246,48287298,7589217,10968,16730,23.5,70.7
3338,18,13,2,87.4,173757,114082,37256,19094651,25070246,48287298,7589217,9227,11384,77.1,43.8
3339,18,13,3,76.8,76926,35045,7835,22583125,25070246,48287298,7589217,2443,3587,51.2,29.1
3340,18,13,4,61.0,44638,101796,11701,20930569,25070246,48287298,7589217,22899,9456,27.7,38.7
3341,18,13,5,43.5,142309,89256,13871,18342991,25070246,48287298,7589217,17876,6224,50.2,51.8
3342,18,13,6,43.6,73779,58914,18018,23837136,25070246,48287298,7589217,4055,5271,54.1,66.0
3343,18,14,1,81.6,360962,266956,54103,23303853,32623029,73159029,14242350,42244,23503,68.9,69.5
3344,18,14,2,65.6,217079,108282,28465,30412216,32623029,73159029,14242350,18680,3510,57.5,80.1
3345,18,14,3,84.3,85076,57897,13178,27770483,32623029,73159029,14242350,5017,10397,40.3,49.2
3346,18,14,4,54.3,267109,176565,41740,23011654,32623029,73159029,14242350,33867,24427,46.1,68.1
3347,18,14,5,88.6,169809,142196,29162,26927209,32623029,73159029,14242350,9838,17108,66.1,34.6
3348,18,14,6,56.0,234016,106488,25181,25823634,32623029,73159029,14242350,13951,4060,41.8,85.3
3349,18,15,1,94.7,3574,1924,270,676771,918122,1799226,416570,208,151,79.1,23.7
3350,18,15,2,37.9,7986,3747,526,568313,918122,1799226,416570,714,399,70.7,27.4
3351,18,15,3,52.1,4204,2775,278,858908,918122,1799226,416570,168,337,49.1,41.9
3352,18,15,4,87.3,6553,5507,703,683245,918122,1799226,416570,1101,868,20.2,68.3
3353,18,15,5,85.5,8277,6922,1011,650905,918122,1799226,416570,736,752,37.2,36.0
3354,18,15,6,49.3,9204,6733,1799,563606,918122,1799226,416570,1033,924,53.8,62.6
3355,18,16,1,37.9,5228,3352,480,595103,825041,2000235,279683,639,260,65.1,76.3
3356,18,16,2,98.7,6113,5015,771,731905,825041,2000235,279683,935,895,64.3,50.9
3357,18,16,3,81.7,2659,1112,151,795856,825041,2000235,279683,112,150,49.1,54.3
3358,18,16,4,71.0,1865,1356,246,559681,825041,2000235,279683,335,237,44.7,52.9
3359,18,16,5,52.0,6199,3972,1111,756981,825041,2000235,279683,611,217,51.8,70.1
3360,18,16,6,68.5,9159,4609,550,659144,825041,2000235,279683,1083,169,43.9,55.4
3361,18,17,1,36.1,3328,2744,783,233438,357959,672225,111104,314,165,38.5,73.0
3362,18,17,2,57.4,941,592,197,300019,357959,672225,111104,73,84,63.4,53.2
3363,18,17,3,43.5,2052,1543,396,256985,357959,672225,111104,196,237,50.5,52.5
3364,18,17,4,40.5,1790,1236,124,267320,357959,672225,111104,207,107,57.5,59.5
3365,18,17,5,64.1,927,615,104,6665596,357959,672225,111104,94,27,40.7,43.8
3366,18,17,6,85.6,1310,1148,364,337185,357959,672225,111104,189,92,46.6,51.1
3367,18,18,1,97.2,45262,3084,986,6616824,547319,1251831,189088,748,179,59.1,56.4
3368,18,18,2,57.4,2988,2491,800,427704,547319,1251831,189088,385,149,50.5,81.3
3369,18,18,3,73.5,3955,1762,211,456371,547319,1251831,189088,140,244,38.9,68.8
3370,18,18,4,65.8,1742,765,156,6690069,547319,1251831,189088,166,36,36.4,76.5
3371,18,18,5,40.0,3477,2911,303,471869,547319,1251831,189088,414,210,64.6,66.0
3372,18,18,6,69.6,3498,2270,236,372162,547319,1251831,189088,484,350,23.8,68.0
3373,18,19,1,97.3,46987,19035,2146,8707922,13568788,28137630,6419594,4463,1417,35.2,46.8
3374,18,19,2,85.7,82557,67279,21070,8164782,13568788,28137630,6419594,7342,11251,72.0,95.3
3375,18,19,3,37.3,35805,30613,6218,8963161,13568788,28137630,6419594,5021,3577,60.0,63.6
3376,18,19,4,97.2,68366,30229,9985,10544846,13568788,28137630,6419594,3470,4492,37.1,37.8
3377,18,19,5,49.6,104903,46541,6015,8440641,13568788,28137630,6419594,2883,2389,69.0,56.0
3378,18,19,6,72.6,109124,54892,17399,9259423,13568788,28137630,6419594,13114,7079,58.7,43.3
3379,18,20,1,90.3,64980,43059,6331,6867682,7513678,17242985,2453675,3018,4970,29.6,57.2
3380,18,20,2,67.3,83052,66694,7175,5224578,7513678,17242985,2453675,5454,10022,22.6,64.7
3381,18,20,3,77.4,47803,16164,2067,7115304,7513678,17242985,2453675,1229,1254,58.4,56.2
3382,18,20,4,73.1,35225,31026,6914,5621001,7513678,17242985,2453675,5603,1120,55.9,63.0
3383,18,20,5,73.5,23506,16125,5476,6628807,7513678,17242985,2453675,3335,1218,41.9,66.9
3384,18,20,6,68.8,69781,38764,11348,5054465,7513678,17242985,2453675,7494,2829,54.2,90.1
3385,18,21,1,59.9,106771,62763,7410,23029887,24017363,45861574,10813950,15679,3122,49.2,53.0
3386,18,21,2,52.4,202691,81114,16636,6631720,24017363,45861574,10813950,18469,5232,58.5,58.1
3387,18,21,3,94.4,102560,81857,10850,19421997,24017363,45861574,10813950,17411,7939,42.9,75.3
3388,18,21,4,39.0,171301,85093,19751,16791582,24017363,45861574,10813950,4772,14227,28.7,73.0
3389,18,21,5,97.9,213975,132245,41370,16653035,24017363,45861574,10813950,28272,8642,54.7,46.9
3390,18,21,6,79.3,44175,23155,3392,23448290,24017363,45861574,10813950,3520,2426,37.6,58.1
3391,18,22,1,64.2,1532,1347,351,168876,195758,405036,66842,91,202,54.4,77.0
3392,18,22,2,48.9,767,635,101,144845,195758,405036,66842,52,64,68.2,76.7
3393,18,22,3,43.6,928,649,224,136914,195758,405036,66842,101,77,63.9,57.8
3394,18,22,4,92.5,898,645,92,141241,195758,405036,66842,119,40,48.0,35.5
3395,18,22,5,35.7,1738,793,180,189296,195758,405036,66842,175,141,80.1,84.7
3396,18,22,6,72.9,1635,1458,262,137178,195758,405036,66842,319,79,15.3,83.8
3397,18,23,1,62.0,187570,92932,15973,6616824,22387914,43581046,9961151,10161,9697,18.6,53.7
3398,18,23,2,75.4,130070,113386,31691,15019176,22387914,43581046,9961151,20863,16671,46.8,0.0
3399,18,23,3,82.2,59907,33595,11105,16402581,22387914,43581046,9961151,1913,2911,36.6,60.5
3400,18,23,4,77.8,61455,33944,5242,19479181,22387914,43581046,9961151,3864,3062,54.2,15.2
3401,18,23,5,68.2,227676,187892,65141,18015832,22387914,43581046,9961151,45224,26996,54.9,49.3
3402,18,23,6,72.8,173643,70287,12797,19127825,22387914,43581046,9961151,11317,6010,63.1,72.7
3403,18,24,1,83.1,101418,88050,16730,8475312,10792056,22256186,5423690,20250,6471,41.9,65.1
3404,18,24,2,76.7,75539,58409,6696,6631720,10792056,22256186,5423690,8492,1937,50.2,56.2
3405,18,24,3,56.6,66382,29511,13685,6689348,10792056,22256186,5423690,4810,6649,31.6,61.3
3406,18,24,4,85.3,31685,21873,4784,10282293,10792056,22256186,5423690,4794,879,81.0,59.2
3407,18,24,5,80.9,90145,48154,9466,7620831,10792056,22256186,5423690,9813,7844,65.3,33.8
3408,18,24,6,55.4,44526,86895,19049,6636655,10792056,22256186,5423690,14340,13139,49.4,50.9
3409,18,25,1,41.1,6961,3505,621,928406,1007692,2348645,433869,435,543,40.5,61.3
3410,18,25,2,43.6,8679,5088,1258,662096,1007692,2348645,433869,423,169,68.7,69.1
3411,18,25,3,48.6,4617,2084,509,845928,1007692,2348645,433869,162,331,21.5,30.5
3412,18,25,4,86.7,11081,6885,2148,737691,1007692,2348645,433869,388,344,77.4,71.9
3413,18,25,5,49.2,9122,7198,1460,932290,1007692,2348645,433869,1027,608,50.3,39.1
3414,18,25,6,83.0,44526,8184,2279,884056,1007692,2348645,433869,1208,297,47.0,66.7
3415,18,26,1,89.5,466682,188132,24157,48420790,64640439,134885715,26133041,36935,31034,60.4,21.8
3416,18,26,2,79.0,524091,294956,76261,6631720,64640439,134885715,26133041,32882,23355,40.5,41.7
3417,18,26,3,86.3,683093,395915,67757,61701711,64640439,134885715,26133041,47831,51569,47.3,70.6
3418,18,26,4,46.2,211112,111354,38677,62310344,64640439,134885715,26133041,12377,14007,37.4,67.7
3419,18,26,5,80.0,545255,479199,154788,63135025,64640439,134885715,26133041,36844,26608,73.2,36.7
3420,18,26,6,45.2,575711,393471,46004,61528388,64640439,134885715,26133041,82001,38079,6.4,65.7
3421,18,27,1,71.4,11905,9333,1742,2943285,4809579,11341249,2471092,2006,1129,54.5,89.7
3422,18,27,2,55.5,34155,19025,2791,4566268,4809579,11341249,2471092,3396,1158,78.4,33.6
3423,18,27,3,93.2,52786,25845,7784,3260043,4809579,11341249,2471092,2984,3549,33.8,77.3
3424,18,27,4,62.7,15447,10439,2364,4091737,4809579,11341249,2471092,590,1453,34.7,70.0
3425,18,27,5,87.0,31616,26935,7908,3498663,4809579,11341249,2471092,3749,3413,50.9,53.1
3426,18,27,6,47.5,27474,24020,7645,2908397,4809579,11341249,2471092,5856,3313,43.1,31.2
3427,18,28,1,54.2,107256,62227,11100,19916511,28339467,57239317,11713154,4391,3540,42.4,17.8
3428,18,28,2,50.8,96663,64299,17356,24518056,28339467,57239317,11713154,8053,2327,47.6,69.0
3429,18,28,3,46.2,268700,139583,28707,23923109,28339467,57239317,11713154,24548,24262,85.6,48.0
3430,18,28,4,61.0,191944,28870,18625,17017684,28339467,57239317,11713154,23730,9303,39.1,40.3
3431,18,28,5,81.4,44553,156044,54279,21949634,28339467,57239317,11713154,33564,24841,44.5,50.8
3432,18,28,6,69.6,134467,95158,21479,27232323,28339467,57239317,11713154,9323,11444,8.4,50.6
3433,18,29,1,78.7,23765,18063,3243,6187856,8049523,19382805,4088896,3727,2138,88.6,67.2
3434,18,29,2,68.8,35206,27452,6522,6753404,8049523,19382805,4088896,2064,3114,36.4,78.0
3435,18,29,3,87.5,74088,50708,16362,7806665,8049523,19382805,4088896,7190,5678,43.2,42.5
3436,18,29,4,98.3,83334,44604,6092,6123682,8049523,19382805,4088896,5029,1691,65.6,66.2
3437,18,29,5,61.4,76666,52509,8874,6396512,8049523,19382805,4088896,7934,1773,72.3,28.1
3438,18,29,6,73.6,65245,55905,14060,7080883,8049523,19382805,4088896,3156,3395,40.3,38.2
3439,18,30,1,98.1,26205,13129,2488,3120089,3312944,8396977,1395559,782,1213,26.0,82.1
3440,18,30,2,58.8,10956,4439,798,3206573,3312944,8396977,1395559,828,693,50.4,88.4
3441,18,30,3,52.2,26551,21516,5277,3025217,3312944,8396977,1395559,1824,1265,62.4,19.2
3442,18,30,4,42.7,10001,4679,992,2337447,3312944,8396977,1395559,547,676,53.7,28.9
3443,18,30,5,39.7,21591,16815,4832,2447575,3312944,8396977,1395559,2130,1454,52.9,68.0
3444,18,30,6,44.3,8305,6513,1238,2015358,3312944,8396977,1395559,1155,920,40.8,40.8
3445,18,31,1,79.0,550,419,51,70337,80930,181852,27533,104,45,64.5,35.7
3446,18,31,2,93.5,646,563,135,68533,80930,181852,27533,120,21,20.5,79.7
3447,18,31,3,95.8,304,158,20,62482,80930,181852,27533,31,22,24.6,20.5
3448,18,31,4,71.8,735,351,64,56634,80930,181852,27533,77,33,29.6,45.4
3449,18,31,5,86.6,765,460,48,62483,80930,181852,27533,49,34,45.4,47.8
3450,18,31,6,92.3,640,507,67,53600,80930,181852,27533,110,84,61.3,63.6
3451,18,32,1,74.2,3302,2592,663,372100,408229,910055,124278,600,214,33.2,50.4
3452,18,32,2,91.1,2265,1979,538,396354,408229,910055,124278,345,353,47.4,37.6
3453,18,32,3,52.6,3477,2248,303,281150,408229,910055,124278,365,374,30.1,56.7
3454,18,32,4,45.5,3830,2967,426,364881,408229,910055,124278,681,356,66.2,65.5
3455,18,32,5,83.5,4216,1879,372,255866,408229,910055,124278,109,97,47.8,35.5
3456,18,32,6,57.1,2609,29102,525,384891,408229,910055,124278,254,202,73.4,54.0
3457,19,1,1,66.3,71904,30581,9919,10225235,13695319,31176748,5852162,3794,3069,35.4,60.0
3458,19,1,2,84.1,65369,36495,11246,9201685,13695319,31176748,5852162,3549,4216,64.8,85.8
3459,19,1,3,67.2,40369,31205,3457,12077551,13695319,31176748,5852162,3815,4023,49.1,30.1
3460,19,1,4,70.4,160726,89385,12480,9857521,13695319,31176748,5852162,21496,13943,49.9,51.9
3461,19,1,5,55.6,99428,74442,17312,8518564,13695319,31176748,5852162,3801,9236,53.5,40.3
3462,19,1,6,71.2,145873,81067,23975,12082105,13695319,31176748,5852162,13296,5164,38.3,44.7
3463,19,2,1,40.8,4300,1856,323,367184,422448,997939,150678,329,267,76.5,49.9
3464,19,2,2,89.6,4224,3117,794,378859,422448,997939,150678,735,312,56.6,27.2
3465,19,2,3,78.5,2685,1944,484,286399,422448,997939,150678,155,109,33.3,44.4
3466,19,2,4,62.7,1978,1714,225,292400,422448,997939,150678,299,147,56.0,48.1
3467,19,2,5,44.4,3979,2067,416,313059,422448,997939,150678,383,346,62.8,64.3
3468,19,2,6,66.8,1049,739,249,274148,422448,997939,150678,57,99,45.2,19.2
3469,19,3,1,76.2,20676,17995,5682,6283359,10298585,19898691,4451250,1062,2409,59.0,32.2
3470,19,3,2,44.1,98030,50783,13197,6821425,10298585,19898691,4451250,5950,6158,72.5,70.6
3471,19,3,3,89.2,88859,56826,11049,9321361,10298585,19898691,4451250,9085,2361,54.7,79.2
3472,19,3,4,36.1,71811,62177,14038,6744082,10298585,19898691,4451250,5273,6457,28.7,17.7
3473,19,3,5,47.1,62383,55009,13898,6434528,10298585,19898691,4451250,9758,4030,49.4,67.3
3474,19,3,6,65.2,88482,58062,15361,9930913,10298585,19898691,4451250,6420,3818,73.3,62.2
3475,19,4,1,51.5,169996,98033,29383,6616824,31664361,71511731,14012596,17376,6283,51.8,0.8
3476,19,4,2,71.9,289889,207688,60025,26896448,31664361,71511731,14012596,18293,17493,38.6,54.7
3477,19,4,3,55.6,67874,29511,14508,29203150,31664361,71511731,14012596,13218,6335,58.0,54.1
3478,19,4,4,62.6,300649,148408,36871,22973274,31664361,71511731,14012596,19211,12973,45.2,50.9
3479,19,4,5,50.8,44553,105754,15794,28490079,31664361,71511731,14012596,20354,4831,35.0,64.8
3480,19,4,6,77.2,207356,115933,26015,25671496,31664361,71511731,14012596,12293,11048,45.6,79.0
3481,19,5,1,84.2,78437,32264,3244,5729915,7207274,16464131,3604705,4317,5537,44.3,30.1
3482,19,5,2,73.2,16367,12834,1534,6430399,7207274,16464131,3604705,1853,1735,50.8,41.6
3483,19,5,3,38.9,65520,33932,11157,6264497,7207274,16464131,3604705,4286,2685,15.2,52.2
3484,19,5,4,40.0,49361,30144,6156,4329653,7207274,16464131,3604705,3858,1427,44.5,57.2
3485,19,5,5,65.1,30235,17679,2921,6356215,7207274,16464131,3604705,4252,1302,34.5,55.2
3486,19,5,6,69.5,69521,39922,6461,6425423,7207274,16464131,3604705,3615,4586,48.6,68.1
3487,19,6,1,49.6,2896,2199,322,287608,408644,972051,141595,3581,325,70.4,84.1
3488,19,6,2,83.0,1305,662,131,331804,408644,972051,141595,65,72,77.5,72.4
3489,19,6,3,62.2,2198,1241,167,325815,408644,972051,141595,226,55,45.0,16.0
3490,19,6,4,95.7,3278,2405,462,311367,408644,972051,141595,600,377,59.4,80.9
3491,19,6,5,35.6,1175,882,99,303902,408644,972051,141595,94,111,2.1,25.8
3492,19,6,6,73.3,4296,2719,761,290132,408644,972051,141595,226,228,54.9,41.0
3493,19,7,1,62.5,144041,114744,27199,14666036,19938105,40775183,9378538,14020,11189,47.1,88.2
3494,19,7,2,73.0,116045,60285,16879,13748716,19938105,40775183,9378538,6097,2092,11.6,36.1
3495,19,7,3,50.7,52020,26003,3496,17880416,19938105,40775183,9378538,5471,2366,52.3,72.1
3496,19,7,4,90.2,175253,91438,17450,18542109,19938105,40775183,9378538,12410,6096,58.8,51.0
3497,19,7,5,90.3,154236,83485,21823,14390004,19938105,40775183,9378538,8599,12820,40.8,25.6
3498,19,7,6,50.2,186406,158400,27800,18175368,19938105,40775183,9378538,10286,9774,45.3,76.1
3499,19,8,1,87.4,34028,18853,4047,5327473,7256863,16636730,2620802,1628,2839,94.7,57.4
3500,19,8,2,97.0,79094,49750,9822,6693604,7256863,16636730,2620802,7147,3640,61.7,55.3
3501,19,8,3,41.4,64288,31345,5113,6763298,7256863,16636730,2620802,2066,4074,56.4,76.1
3502,19,8,4,58.1,74223,65733,8618,4564223,7256863,16636730,2620802,6391,8703,49.9,56.9
3503,19,8,5,97.3,45640,22138,3151,5132850,7256863,16636730,2620802,2230,3342,7.4,31.2
3504,19,8,6,67.85,53237,36297,10536,6370867,7256863,16636730,2620802,5776,3551,45.5,66.5
3505,19,9,1,74.1,14897,8991,2402,1775272,2113234,4287336,1003599,2072,1491,16.9,37.7
3506,19,9,2,37.1,14031,9669,2300,1606942,2113234,4287336,1003599,2136,1111,52.8,100.0
3507,19,9,3,59.8,14918,8499,1740,1782333,2113234,4287336,1003599,479,1040,45.5,90.5
3508,19,9,4,43.9,7520,5735,1498,1344263,2113234,4287336,1003599,403,926,52.1,45.9
3509,19,9,5,68.7,10275,5184,1795,1577374,2113234,4287336,1003599,918,270,49.4,28.5
3510,19,9,6,40.3,16603,29102,2443,1602888,2113234,4287336,1003599,2299,1379,45.8,57.9
3511,19,10,1,68.1,70730,34197,3631,8683902,9763048,21684202,4968176,4711,4942,19.3,83.2
3512,19,10,2,55.5,82781,45989,8475,6840942,9763048,21684202,4968176,7372,6356,55.5,79.4
3513,19,10,3,65.6,108189,87080,17066,8895730,9763048,21684202,4968176,5244,14778,60.0,91.6
3514,19,10,4,73.4,111563,82283,26734,7436604,9763048,21684202,4968176,8382,10653,34.5,54.4
3515,19,10,5,75.0,41780,19710,6537,8908054,9763048,21684202,4968176,3479,1004,50.2,53.2
3516,19,10,6,61.4,97319,43719,7663,7781562,9763048,21684202,4968176,4332,6843,11.0,34.8
3517,19,11,1,97.5,150303,124246,17712,12783622,19649797,42035330,8350106,25191,19967,43.8,73.3
3518,19,11,2,41.1,110495,49321,14238,12752237,19649797,42035330,8350106,6741,5943,36.7,69.0
3519,19,11,3,94.3,104186,67989,6976,17423929,19649797,42035330,8350106,16228,9442,36.4,60.4
3520,19,11,4,35.5,120741,96453,15555,13060657,19649797,42035330,8350106,21235,9455,65.7,27.8
3521,19,11,5,89.2,200917,165558,33293,11888111,19649797,42035330,8350106,29861,5720,20.5,71.1
3522,19,11,6,52.9,115426,65084,13610,14497599,19649797,42035330,8350106,8522,9474,48.1,46.7
3523,19,12,1,46.8,49343,31471,9591,7129060,8662365,21133564,4030194,6710,5024,58.8,32.9
3524,19,12,2,95.0,43490,29706,7868,6631720,8662365,21133564,4030194,6139,2446,52.3,71.5
3525,19,12,3,67.0,98524,68133,13968,8077784,8662365,21133564,4030194,16585,9713,50.9,56.5
3526,19,12,4,51.8,36828,23188,4091,6499717,8662365,21133564,4030194,1769,2144,65.8,26.3
3527,19,12,5,56.1,91171,38076,6668,8404632,8662365,21133564,4030194,8974,6834,52.1,27.9
3528,19,12,6,93.0,54284,35206,8098,5886782,8662365,21133564,4030194,6407,2741,54.6,43.6
3529,19,13,1,51.1,178869,29447,17538,21231393,23413881,52340336,8150902,23742,15962,70.2,69.8
3530,19,13,2,77.3,189593,96632,32616,20246513,23413881,52340336,8150902,12879,7186,63.6,79.7
3531,19,13,3,77.5,45061,34624,9148,20641787,23413881,52340336,8150902,7303,5663,44.9,13.4
3532,19,13,4,38.1,102113,88413,24521,17453423,23413881,52340336,8150902,17816,2743,69.2,58.4
3533,19,13,5,74.3,193895,168891,48777,14895572,23413881,52340336,8150902,33157,11811,34.5,80.6
3534,19,13,6,74.0,207729,186677,60200,18764976,23413881,52340336,8150902,22272,31893,79.2,80.8
3535,19,14,1,74.1,345788,172032,36518,31104411,32768004,68183539,15464464,32459,27548,38.4,68.7
3536,19,14,2,98.4,307182,163421,21436,27203385,32768004,68183539,15464464,10444,7560,77.6,55.7
3537,19,14,3,90.5,165819,148928,22264,28193983,32768004,68183539,15464464,36817,6258,50.6,47.7
3538,19,14,4,65.0,179992,87150,15593,28419143,32768004,68183539,15464464,16216,6432,45.0,24.0
3539,19,14,5,50.3,195957,78549,11541,29173604,32768004,68183539,15464464,17381,13725,7.4,79.6
3540,19,14,6,66.3,77691,56783,17077,29519302,32768004,68183539,15464464,14169,4044,100.0,45.5
3541,19,15,1,37.4,4194,2866,444,869699,891239,1889870,375527,646,326,90.9,83.8
3542,19,15,2,72.6,4975,3152,1054,756008,891239,1889870,375527,706,489,84.0,68.0
3543,19,15,3,50.1,2605,1264,326,700074,891239,1889870,375527,238,54,49.9,44.3
3544,19,15,4,52.8,8646,6783,1529,683683,891239,1889870,375527,1089,420,36.5,75.4
3545,19,15,5,53.1,8569,6052,765,6665596,891239,1889870,375527,1336,1006,87.7,33.7
3546,19,15,6,47.9,7430,6299,1338,636412,891239,1889870,375527,487,575,16.3,58.5
3547,19,16,1,93.4,3999,3105,791,759648,923634,2013683,437953,246,93,50.7,47.9
3548,19,16,2,64.0,3917,2042,355,646776,923634,2013683,437953,147,236,49.3,68.5
3549,19,16,3,37.2,9762,4147,548,834163,923634,2013683,437953,405,427,68.2,23.4
3550,19,16,4,93.8,8204,6356,758,6690069,923634,2013683,437953,452,1120,8.6,47.4
3551,19,16,5,49.7,6147,2532,857,665843,923634,2013683,437953,534,130,13.4,30.4
3552,19,16,6,58.5,4109,3338,984,597706,923634,2013683,437953,368,338,65.6,64.8
3553,19,17,1,90.7,1024,666,137,235078,342069,691007,126942,110,24,42.9,68.8
3554,19,17,2,88.4,1202,929,225,281710,342069,691007,126942,94,149,42.8,29.4
3555,19,17,3,45.3,47803,644,214,290335,342069,691007,126942,133,62,72.2,83.3
3556,19,17,4,36.9,2399,1822,476,245934,342069,691007,126942,327,301,58.9,45.1
3557,19,17,5,62.3,937,768,253,253088,342069,691007,126942,112,53,44.5,40.5
3558,19,17,6,80.8,2883,1668,208,304304,342069,691007,126942,391,298,59.2,53.1
3559,19,18,1,65.0,5372,2210,378,537875,592435,1319697,210126,527,368,48.3,61.7
3560,19,18,2,60.1,4323,2083,649,422187,592435,1319697,210126,259,359,35.3,54.2
3561,19,18,3,55.9,1906,796,121,361416,592435,1319697,210126,60,76,37.5,90.8
3562,19,18,4,88.8,2092,1591,344,462092,592435,1319697,210126,388,142,36.1,41.3
3563,19,18,5,76.0,4621,2714,815,500601,592435,1319697,210126,360,382,42.8,73.0
3564,19,18,6,93.5,2574,1605,481,427077,592435,1319697,210126,367,256,49.9,88.4
3565,19,19,1,68.1,90142,58059,10736,10831208,11773177,26678040,5376763,6337,6713,50.0,75.7
3566,19,19,2,69.0,82592,38927,8406,8009472,11773177,26678040,5376763,7149,2885,67.6,44.5
3567,19,19,3,87.6,131593,63234,7370,11056529,11773177,26678040,5376763,13466,4362,35.4,70.9
3568,19,19,4,37.4,98841,80943,22698,7832763,11773177,26678040,5376763,16276,8164,49.9,29.6
3569,19,19,5,75.3,132091,114688,13521,9817132,11773177,26678040,5376763,24070,18114,62.6,66.2
3570,19,19,6,71.5,26166,14123,4075,8187912,11773177,26678040,5376763,3520,842,62.6,73.5
3571,19,20,1,80.0,89317,78736,20131,4933466,7801219,17846064,3272098,19192,13122,26.2,71.0
3572,19,20,2,66.3,42616,34763,5132,7509475,7801219,17846064,3272098,7120,2537,29.7,75.8
3573,19,20,3,78.0,55459,44678,4783,6347969,7801219,17846064,3272098,10114,2175,56.7,75.2
3574,19,20,4,49.3,36461,15261,4667,5019019,7801219,17846064,3272098,3584,995,65.4,47.5
3575,19,20,5,58.8,70142,37850,11978,5040242,7801219,17846064,3272098,4202,5882,21.3,27.8
3576,19,20,6,65.3,64925,51838,9260,7291773,7801219,17846064,3272098,3546,1963,53.5,95.7
3577,19,21,1,71.1,172036,81073,22005,15947495,22075942,47826032,10334514,14196,12989,42.3,52.8
3578,19,21,2,92.4,136102,70634,23750,6631720,22075942,47826032,10334514,13618,7295,51.9,62.1
3579,19,21,3,92.2,182794,131072,29267,13506300,22075942,47826032,10334514,20229,16761,74.9,46.0
3580,19,21,4,96.0,218772,171818,56643,16129370,22075942,47826032,10334514,15061,17052,23.0,36.0
3581,19,21,5,57.9,79604,32466,7632,14506430,22075942,47826032,10334514,7326,3997,74.5,90.4
3582,19,21,6,43.9,225987,113020,14991,16552899,22075942,47826032,10334514,26054,5946,26.2,35.1
3583,19,22,1,85.4,987,606,125,200617,205738,404335,82798,55,82,62.6,100.0
3584,19,22,2,70.6,1306,1069,303,180761,205738,404335,82798,251,132,4.8,66.5
3585,19,22,3,55.0,2074,1577,204,6585097,205738,404335,82798,123,174,98.6,89.9
3586,19,22,4,94.3,1694,1294,311,191847,205738,404335,82798,97,130,41.8,55.4
3587,19,22,5,69.3,2020,1578,514,182018,205738,404335,82798,246,131,34.5,24.2
3588,19,22,6,80.9,1953,1514,524,154756,205738,404335,82798,139,138,84.4,30.4
3589,19,23,1,47.1,135192,111346,32678,6616824,20958740,47662723,9901006,10753,11704,50.7,39.5
3590,19,23,2,42.8,102364,85092,22805,15749200,20958740,47662723,9901006,20902,7461,74.9,21.0
3591,19,23,3,60.2,100607,43564,14546,15896219,20958740,47662723,9901006,7602,1770,44.7,90.7
3592,19,23,4,59.8,60406,42164,5498,17734891,20958740,47662723,9901006,3730,1738,47.3,79.2
3593,19,23,5,80.7,212155,171558,33451,15191155,20958740,47662723,9901006,12770,27689,53.7,18.8
3594,19,23,6,95.3,90599,29102,7061,18913522,20958740,47662723,9901006,3427,4568,46.6,87.2
3595,19,24,1,63.8,24663,18562,3347,9354862,10064049,24560525,4790176,2861,1313,55.6,71.3
3596,19,24,2,58.3,79017,70576,8616,7364000,10064049,24560525,4790176,9337,12688,48.8,49.4
3597,19,24,3,89.6,81460,59083,16579,9351584,10064049,24560525,4790176,9507,2158,50.8,69.8
3598,19,24,4,95.6,48200,31444,8624,6792056,10064049,24560525,4790176,2329,2675,45.1,39.5
3599,19,24,5,82.5,24010,19050,3701,7194965,10064049,24560525,4790176,1840,1792,66.3,79.8
3600,19,24,6,40.5,72658,61837,19253,9797913,10064049,24560525,4790176,14334,8532,47.5,45.7
3601,19,25,1,84.5,11372,4930,1407,995265,1160263,2305683,395731,969,700,51.3,41.3
3602,19,25,2,58.8,3640,2677,499,917668,1160263,2305683,395731,560,97,50.6,60.7
3603,19,25,3,51.7,3155,2589,732,943120,1160263,2305683,395731,599,291,27.7,43.2
3604,19,25,4,57.3,5045,2858,338,1063666,1160263,2305683,395731,185,481,64.7,29.9
3605,19,25,5,75.5,3511,3088,464,1023774,1160263,2305683,395731,169,150,71.6,48.2
3606,19,25,6,86.3,10320,6400,1501,714635,1160263,2305683,395731,1509,401,41.6,84.0
3607,19,26,1,57.6,519005,214886,52853,45898745,68109738,142056232,27326622,33874,24189,53.2,82.7
3608,19,26,2,88.0,336760,250115,46476,47044888,68109738,142056232,27326622,33086,43399,20.5,38.1
3609,19,26,3,83.3,689845,528384,70001,47225948,68109738,142056232,27326622,100569,44551,49.1,50.9
3610,19,26,4,57.4,320287,136224,40783,57300462,68109738,142056232,27326622,27311,9308,37.3,80.7
3611,19,26,5,49.4,421294,257997,54383,46881278,68109738,142056232,27326622,54367,12952,51.8,52.8
3612,19,26,6,37.4,305498,170339,35807,59194625,68109738,142056232,27326622,33320,10005,53.9,51.9
3613,19,27,1,53.3,26289,29447,3483,3735482,5165573,11607425,1705087,2209,603,36.5,48.3
3614,19,27,2,56.5,56255,49060,14489,4332201,5165573,11607425,1705087,4051,6399,24.1,65.0
3615,19,27,3,92.1,47853,35244,9994,4413601,5165573,11607425,1705087,8366,5685,50.0,51.6
3616,19,27,4,98.4,26385,19751,2119,4250612,5165573,11607425,1705087,4142,1573,38.5,60.5
3617,19,27,5,71.3,41033,16877,3652,3666059,5165573,11607425,1705087,1951,1992,51.9,90.8
3618,19,27,6,54.7,25220,21443,7362,4096984,5165573,11607425,1705087,5036,1185,60.1,49.9
3619,19,28,1,84.0,151561,94230,14070,20840323,25802252,61314828,13226701,11748,3210,51.4,63.3
3620,19,28,2,97.8,219741,187705,49192,25157648,25802252,61314828,13226701,40591,8732,43.4,66.3
3621,19,28,3,94.6,74910,41588,7581,6585097,25802252,61314828,13226701,5491,7293,53.9,8.3
3622,19,28,4,58.5,287954,224033,70100,21950941,25802252,61314828,13226701,18346,16407,74.4,56.7
3623,19,28,5,66.1,58388,28710,5828,16066484,25802252,61314828,13226701,7730,6227,41.9,41.2
3624,19,28,6,44.3,68813,55306,6417,19438828,25802252,61314828,13226701,11555,7298,12.1,74.9
3625,19,29,1,45.7,37934,24746,5425,5193778,8350192,19056655,4296779,4167,3448,46.7,48.8
3626,19,29,2,75.5,80651,44490,12252,5897569,8350192,19056655,4296779,8505,6041,50.2,52.3
3627,19,29,3,74.3,35420,25327,2922,5364554,8350192,19056655,4296779,5611,2897,42.9,37.4
3628,19,29,4,94.4,97395,73900,16590,7019585,8350192,19056655,4296779,15965,10334,57.3,40.3
3629,19,29,5,83.4,58320,27309,7774,6984913,8350192,19056655,4296779,5724,1883,38.7,58.6
3630,19,29,6,79.1,78744,59961,18404,5172602,8350192,19056655,4296779,9981,8269,52.6,43.2
3631,19,30,1,86.4,21514,8918,3037,2893180,3546395,8567100,1732543,1580,397,51.7,61.6
3632,19,30,2,94.1,22776,18031,4099,3434783,3546395,8567100,1732543,1500,2814,61.8,58.7
3633,19,30,3,46.6,20545,16487,3772,3447321,3546395,8567100,1732543,1905,2015,65.4,47.3
3634,19,30,4,57.1,13894,10086,3159,3000315,3546395,8567100,1732543,1372,1534,43.5,43.9
3635,19,30,5,75.3,14394,9789,2346,2945755,3546395,8567100,1732543,1938,1759,50.2,39.1
3636,19,30,6,61.3,39757,20378,5256,2439759,3546395,8567100,1732543,4330,2325,80.6,77.4
3637,19,31,1,43.4,695,306,75,67797,73481,179929,28663,61,22,45.5,56.7
3638,19,31,2,49.6,549,403,69,54852,73481,179929,28663,77,41,36.9,54.1
3639,19,31,3,48.8,635,361,111,51819,73481,179929,28663,35,18,60.7,23.6
3640,19,31,4,48.5,505,255,59,47178,73481,179929,28663,31,45,45.8,40.8
3641,19,31,5,50.9,566,375,106,46112,73481,179929,28663,19,41,41.5,91.1
3642,19,31,6,62.2,203,153,44,47023,73481,179929,28663,18,6,29.9,15.0
3643,19,32,1,75.6,3973,1979,451,284079,363071,848586,188808,214,248,43.5,53.8
3644,19,32,2,44.7,3593,27048,561,320192,363071,848586,188808,246,145,62.3,0.0
3645,19,32,3,59.4,4339,2036,444,355273,363071,848586,188808,298,69,32.2,58.8
3646,19,32,4,67.2,3442,2379,528,299204,363071,848586,188808,161,264,30.9,32.1
3647,19,32,5,37.4,44553,838,113,291910,363071,848586,188808,192,59,21.0,35.6
3648,19,32,6,63.4,1805,1323,133,331419,363071,848586,188808,144,218,29.1,79.9
3649,20,1,1,38.1,81693,68210,16917,13371841,14319256,33910564,5993573,15180,4532,51.1,65.5
3650,20,1,2,62.4,91349,59057,15354,6631720,14319256,33910564,5993573,12551,7039,50.2,50.3
3651,20,1,3,43.8,47803,48018,6764,13704428,14319256,33910564,5993573,11833,3983,50.2,63.9
3652,20,1,4,35.2,27112,15956,4675,10459725,14319256,33910564,5993573,1163,1014,77.2,50.6
3653,20,1,5,46.8,68537,28710,10523,9324076,14319256,33910564,5993573,7835,2429,39.2,41.7
3654,20,1,6,56.9,34600,16405,2128,12461601,14319256,33910564,5993573,1773,1436,74.9,75.3
3655,20,2,1,81.1,4476,3067,786,443764,456132,922033,189994,605,165,35.0,48.4
3656,20,2,2,49.5,3882,2201,356,439552,456132,922033,189994,335,99,53.9,32.8
3657,20,2,3,51.7,1461,1191,330,284868,456132,922033,189994,96,99,47.7,59.0
3658,20,2,4,75.5,4310,3490,424,399790,456132,922033,189994,600,162,44.1,83.6
3659,20,2,5,52.6,2788,2222,763,280475,456132,922033,189994,157,90,67.7,46.7
3660,20,2,6,93.7,4676,3301,1071,282559,456132,922033,189994,753,171,99.7,59.1
3661,20,3,1,87.2,98929,45293,12136,8102105,9841788,20369538,3118140,7269,7750,58.3,52.2
3662,20,3,2,44.4,44152,21773,5201,7773049,9841788,20369538,3118140,3844,3762,78.0,67.3
3663,20,3,3,38.7,76436,63667,19665,7261441,9841788,20369538,3118140,8912,3094,30.2,67.4
3664,20,3,4,83.9,82096,58068,13490,7525339,9841788,20369538,3118140,4194,9075,36.9,60.5
3665,20,3,5,51.0,17801,12513,1306,7851381,9841788,20369538,3118140,2532,1653,48.0,70.0
3666,20,3,6,50.4,68870,40422,13256,5959191,9841788,20369538,3118140,4350,1716,23.2,55.0
3667,20,4,1,74.1,147719,75246,15016,25045994,32490679,69689876,11995191,14663,10042,60.4,42.5
3668,20,4,2,54.8,168547,93142,12714,27036189,32490679,69689876,11995191,4668,14890,39.8,83.9
3669,20,4,3,43.3,300862,263044,58365,31308185,32490679,69689876,11995191,32770,33378,33.9,68.6
3670,20,4,4,36.4,234191,155739,41136,29363078,32490679,69689876,11995191,29829,24491,49.1,25.8
3671,20,4,5,75.3,63845,38897,8546,26011944,32490679,69689876,11995191,6502,5363,68.4,83.2
3672,20,4,6,68.7,374049,222303,31568,23559548,32490679,69689876,11995191,48433,39202,78.6,67.4
3673,20,5,1,65.1,23701,13812,2579,5332189,8395188,17826346,3743584,2995,2010,68.3,58.5
3674,20,5,2,52.3,46711,19759,6000,7911662,8395188,17826346,3743584,2474,2837,81.9,48.2
3675,20,5,3,68.2,50498,42780,6947,6318530,8395188,17826346,3743584,4106,1383,59.0,68.5
3676,20,5,4,53.8,19067,15036,3909,5051554,8395188,17826346,3743584,1543,859,47.8,19.8
3677,20,5,5,36.8,53998,42411,5745,5897398,8395188,17826346,3743584,7669,1872,20.9,77.6
3678,20,5,6,91.7,20275,29102,2479,6042140,8395188,17826346,3743584,1222,1640,36.7,47.5
3679,20,6,1,90.1,2809,2021,577,334072,391959,938583,210282,250,80,35.5,73.9
3680,20,6,2,71.4,4089,2566,383,245532,391959,938583,210282,327,284,53.1,48.0
3681,20,6,3,57.8,47803,707,240,316172,391959,938583,210282,114,21,60.6,40.7
3682,20,6,4,77.6,3091,1913,554,359611,391959,938583,210282,316,256,56.2,94.3
3683,20,6,5,71.9,3300,2531,284,265486,391959,938583,210282,301,270,43.4,42.8
3684,20,6,6,43.1,907,388,49,373775,391959,938583,210282,31,35,16.9,58.7
3685,20,7,1,70.4,152504,118310,39069,15934780,18555822,39991185,8403148,7076,5431,48.6,53.5
3686,20,7,2,62.9,99986,68310,17995,16718957,18555822,39991185,8403148,3527,3596,42.8,65.3
3687,20,7,3,36.6,60514,54307,8082,11311939,18555822,39991185,8403148,7347,4103,27.2,37.5
3688,20,7,4,50.2,106393,84502,8964,16314912,18555822,39991185,8403148,18136,5329,58.1,41.3
3689,20,7,5,52.9,59557,43408,12570,14410167,18555822,39991185,8403148,6404,4122,59.1,68.2
3690,20,7,6,75.0,180565,119653,28859,17968181,18555822,39991185,8403148,28164,5080,43.9,89.2
3691,20,8,1,38.1,20516,16718,3391,6534565,8350494,17350287,3359768,1126,2456,46.8,51.0
3692,20,8,2,65.0,38103,19759,3905,6624752,8350494,17350287,3359768,2005,3044,51.8,21.0
3693,20,8,3,76.6,16154,11347,3669,8059120,8350494,17350287,3359768,2412,1463,61.5,15.7
3694,20,8,4,73.0,28416,16346,2284,7985501,8350494,17350287,3359768,3242,982,31.1,44.8
3695,20,8,5,82.5,44077,31162,10047,5658053,8350494,17350287,3359768,5971,4041,54.3,59.8
3696,20,8,6,63.6,81931,55868,19321,5221420,8350494,17350287,3359768,8788,9270,47.6,48.8
3697,20,9,1,55.5,13519,10393,3555,1418001,2095671,4470027,677231,1183,528,46.1,1.4
3698,20,9,2,56.8,7160,3447,1064,1770980,2095671,4470027,677231,369,394,79.7,56.2
3699,20,9,3,95.7,11908,7323,2459,1797653,2095671,4470027,677231,1475,1235,28.7,15.9
3700,20,9,4,71.6,11578,9150,1084,1907689,2095671,4470027,677231,1278,1013,60.4,52.0
3701,20,9,5,72.9,6648,3035,389,1397014,2095671,4470027,677231,590,428,42.7,31.8
3702,20,9,6,36.4,9088,5268,653,1840054,2095671,4470027,677231,685,924,99.0,17.4
3703,20,10,1,64.5,48667,23968,7999,6742786,10432872,21769226,3147479,2741,4148,53.2,95.1
3704,20,10,2,41.9,93434,55617,9070,7269920,10432872,21769226,3147479,6780,5034,58.0,62.6
3705,20,10,3,57.4,103322,68044,18133,10123535,10432872,21769226,3147479,11164,3253,42.8,50.5
3706,20,10,4,60.0,39513,19483,2214,7796934,10432872,21769226,3147479,1812,2760,35.5,84.9
3707,20,10,5,85.6,23375,9448,1572,7517303,10432872,21769226,3147479,1933,679,84.6,63.1
3708,20,10,6,74.5,28254,29102,4043,7925315,10432872,21769226,3147479,3194,782,48.8,58.4
3709,20,11,1,65.4,197427,176325,59902,11943596,18122604,40654897,7403411,20141,15686,73.2,52.1
3710,20,11,2,37.8,74112,37842,7370,13544633,18122604,40654897,7403411,7246,4841,25.1,71.2
3711,20,11,3,98.7,173457,77210,26417,11494768,18122604,40654897,7403411,13825,3050,14.3,30.1
3712,20,11,4,66.2,143385,113486,11625,15719839,18122604,40654897,7403411,6890,12707,49.9,49.5
3713,20,11,5,72.2,165690,89309,14980,14595905,18122604,40654897,7403411,18529,9445,53.7,0.0
3714,20,11,6,90.6,169326,151731,52583,13520909,18122604,40654897,7403411,8033,14941,57.9,73.4
3715,20,12,1,96.4,105646,48525,11509,6181157,9706372,20953782,4162760,6485,8027,65.6,69.4
3716,20,12,2,83.7,37295,29439,5086,6175162,9706372,20953782,4162760,5316,5144,16.6,63.2
3717,20,12,3,51.7,44779,36799,7538,8561262,9706372,20953782,4162760,8290,6549,53.5,74.7
3718,20,12,4,78.0,44638,53687,10493,9357332,9706372,20953782,4162760,5476,3140,51.9,57.8
3719,20,12,5,81.7,36364,21930,6979,8629947,9706372,20953782,4162760,2169,2038,50.4,67.8
3720,20,12,6,54.1,63251,33583,9104,7605255,9706372,20953782,4162760,4147,1169,58.3,67.8
3721,20,13,1,48.7,174794,108791,21427,16802114,22497062,52337475,10685751,15242,14354,44.1,61.0
3722,20,13,2,79.0,76465,31322,4705,20184698,22497062,52337475,10685751,2337,2302,47.7,53.1
3723,20,13,3,87.9,110944,47573,8523,19684128,22497062,52337475,10685751,9680,6603,75.9,79.5
3724,20,13,4,58.7,102561,85443,14781,20525576,22497062,52337475,10685751,18148,13547,58.1,47.7
3725,20,13,5,76.8,199764,168250,28486,17026936,22497062,52337475,10685751,17214,26762,87.5,47.3
3726,20,13,6,79.2,242331,178512,27912,14375322,22497062,52337475,10685751,17089,13093,75.4,24.8
3727,20,14,1,64.8,122467,81921,15831,26365813,35286217,75410133,11265548,16639,4865,18.6,44.1
3728,20,14,2,79.3,63267,27048,6947,23276750,35286217,75410133,11265548,5622,1706,93.0,58.5
3729,20,14,3,72.1,188330,112152,19103,28662637,35286217,75410133,11265548,13741,11587,68.6,61.4
3730,20,14,4,71.3,141546,64722,8962,24525336,35286217,75410133,11265548,11484,9222,44.9,50.5
3731,20,14,5,36.2,151464,83895,23570,27667093,35286217,75410133,11265548,8007,11359,50.8,55.5
3732,20,14,6,35.2,93388,43387,14471,29609359,35286217,75410133,11265548,2928,7372,33.6,94.0
3733,20,15,1,97.7,7484,6670,811,794269,869366,1939722,342028,535,1075,47.7,29.5
3734,20,15,2,97.4,2309,949,229,692618,869366,1939722,342028,175,113,50.2,19.7
3735,20,15,3,94.4,1629,1233,176,569389,869366,1939722,342028,152,96,67.1,76.4
3736,20,15,4,72.2,3142,1577,442,695709,869366,1939722,342028,172,86,72.6,71.9
3737,20,15,5,41.0,6720,5848,808,795247,869366,1939722,342028,506,448,76.7,25.5
3738,20,15,6,94.1,7799,3430,640,820057,869366,1939722,342028,424,205,37.0,46.6
3739,20,16,1,44.4,5011,2017,652,864042,994129,1910216,378751,355,313,63.4,23.5
3740,20,16,2,44.4,6057,4392,1454,973476,994129,1910216,378751,999,208,62.6,63.5
3741,20,16,3,66.1,7081,5791,881,808525,994129,1910216,378751,503,1012,51.9,36.0
3742,20,16,4,98.3,9634,8585,1355,644063,994129,1910216,378751,803,489,69.4,40.1
3743,20,16,5,68.1,2218,1909,601,645998,994129,1910216,378751,318,199,17.0,29.0
3744,20,16,6,47.2,4596,1962,423,679266,994129,1910216,378751,206,214,4.6,71.4
3745,20,17,1,80.9,665,294,62,260440,344058,723345,157775,15,51,69.0,54.7
3746,20,17,2,79.4,733,377,53,307617,344058,723345,157775,49,45,43.6,46.6
3747,20,17,3,62.3,3590,2935,980,256290,344058,723345,157775,608,264,48.3,72.3
3748,20,17,4,50.7,3007,1896,391,302269,344058,723345,157775,372,69,57.0,70.6
3749,20,17,5,81.5,2189,925,229,316463,344058,723345,157775,153,161,53.1,92.6
3750,20,17,6,92.7,612,499,151,217471,344058,723345,157775,108,79,34.4,50.0
3751,20,18,1,76.4,2681,2211,731,412759,584456,1330780,291103,223,353,50.4,29.5
3752,20,18,2,92.8,2178,1407,324,535706,584456,1330780,291103,325,172,51.3,43.9
3753,20,18,3,88.2,4500,1888,245,485896,584456,1330780,291103,169,145,47.9,87.0
3754,20,18,4,55.2,3776,1517,324,466952,584456,1330780,291103,299,208,68.8,44.3
3755,20,18,5,42.2,1696,1130,151,422953,584456,1330780,291103,199,166,74.9,9.6
3756,20,18,6,98.7,1684,991,118,558537,584456,1330780,291103,182,159,54.1,41.1
3757,20,19,1,48.9,119731,73980,17797,7856501,11499693,26777157,4608030,11094,12854,73.8,68.8
3758,20,19,2,90.8,80187,65577,17948,8704346,11499693,26777157,4608030,9419,8065,64.2,51.9
3759,20,19,3,51.6,112173,29511,12143,8675878,11499693,26777157,4608030,14403,3311,51.9,29.7
3760,20,19,4,68.5,95212,56597,17018,9125893,11499693,26777157,4608030,10724,7351,56.8,67.2
3761,20,19,5,72.5,44553,34736,10765,8839760,11499693,26777157,4608030,7495,1330,50.0,71.1
3762,20,19,6,36.8,102835,81925,24706,7936147,11499693,26777157,4608030,15795,9899,50.8,73.5
3763,20,20,1,71.5,58210,32279,8441,6512683,8954343,18630510,2807730,7524,3058,43.8,61.2
3764,20,20,2,64.9,22724,19129,3603,7987693,8954343,18630510,2807730,2063,3361,15.5,61.9
3765,20,20,3,46.7,17514,12864,1458,8340860,8954343,18630510,2807730,1079,2213,46.8,51.0
3766,20,20,4,53.9,75569,51679,15042,6203383,8954343,18630510,2807730,11612,2441,36.5,78.6
3767,20,20,5,49.4,18125,11164,1782,5781990,8954343,18630510,2807730,2310,1578,95.1,60.0
3768,20,20,6,40.9,79034,68672,9368,7477838,8954343,18630510,2807730,7771,11265,69.8,46.2
3769,20,21,1,70.5,94174,84030,10021,17155268,20441837,47783286,10986663,9691,13199,43.3,37.9
3770,20,21,2,57.7,195709,95744,28871,16247089,20441837,47783286,10986663,8497,15859,82.8,54.5
3771,20,21,3,95.5,241053,154151,25844,13649171,20441837,47783286,10986663,15165,5753,53.7,49.9
3772,20,21,4,37.1,228984,108905,32743,14015171,20441837,47783286,10986663,14541,14576,37.9,61.9
3773,20,21,5,61.7,98583,68070,9141,14436300,20441837,47783286,10986663,15229,8208,81.9,45.4
3774,20,21,6,93.6,179743,156364,33550,12616823,20441837,47783286,10986663,25431,13398,17.3,53.4
3775,20,22,1,95.2,438,342,45,125695,173246,439893,96656,68,22,59.6,100.0
3776,20,22,2,58.6,812,517,68,151095,173246,439893,96656,44,26,50.5,68.8
3777,20,22,3,91.9,808,657,104,115423,173246,439893,96656,72,106,2.9,53.0
3778,20,22,4,60.9,1807,1574,267,135338,173246,439893,96656,286,146,54.2,44.5
3779,20,22,5,74.8,561,403,89,159932,173246,439893,96656,89,17,69.5,44.7
3780,20,22,6,36.6,693,457,77,122475,173246,439893,96656,47,19,48.1,45.2
3781,20,23,1,46.5,224638,184168,24346,22530011,23031435,45217564,7850216,29261,12912,57.6,37.6
3782,20,23,2,71.2,62214,47602,16570,19881073,23031435,45217564,7850216,11727,2971,75.8,43.8
3783,20,23,3,77.0,195771,105795,29106,19958490,23031435,45217564,7850216,10763,15798,38.6,46.1
3784,20,23,4,82.5,150081,134657,17613,21879833,23031435,45217564,7850216,12440,14487,71.3,83.1
3785,20,23,5,71.6,169892,78210,16746,6665596,23031435,45217564,7850216,10467,5549,60.0,49.2
3786,20,23,6,86.2,207786,117570,27042,14302385,23031435,45217564,7850216,13604,16212,54.5,75.5
3787,20,24,1,92.9,95819,52113,16203,9213712,10782217,22149872,4797407,7649,4301,61.7,47.2
3788,20,24,2,74.7,49604,41772,7942,10342250,10782217,22149872,4797407,6854,2203,39.8,68.3
3789,20,24,3,55.8,70349,58364,6703,9496360,10782217,22149872,4797407,11153,9292,31.3,48.8
3790,20,24,4,58.6,94125,43248,9341,9709205,10782217,22149872,4797407,3393,7609,38.9,84.4
3791,20,24,5,78.1,93772,69667,13719,8108212,10782217,22149872,4797407,6756,2851,59.0,54.8
3792,20,24,6,56.0,33540,14545,2479,6613341,10782217,22149872,4797407,1855,1506,75.9,43.6
3793,20,25,1,71.7,3113,2595,396,1184890,1218448,2493481,352135,591,190,50.9,83.9
3794,20,25,2,57.4,10713,6690,1140,1029442,1218448,2493481,352135,1156,439,36.8,22.3
3795,20,25,3,97.1,5889,3674,1206,1067831,1218448,2493481,352135,212,215,65.2,56.5
3796,20,25,4,43.8,9475,4046,651,760970,1218448,2493481,352135,763,486,43.8,36.1
3797,20,25,5,68.7,3952,2287,530,1036754,1218448,2493481,352135,249,97,72.3,50.0
3798,20,25,6,84.7,3556,1539,265,918572,1218448,2493481,352135,298,271,42.7,74.9
3799,20,26,1,98.5,433487,257369,65042,46976572,66418336,135461346,21584655,31949,44543,61.8,45.0
3800,20,26,2,37.4,428101,275075,40041,49467516,66418336,135461346,21584655,43505,45073,30.9,80.2
3801,20,26,3,85.7,397089,243466,42414,54768699,66418336,135461346,21584655,24899,13784,55.4,36.1
3802,20,26,4,86.9,638803,296230,84686,50297965,66418336,135461346,21584655,71005,17150,66.4,60.3
3803,20,26,5,78.1,174618,28710,32537,44159233,66418336,135461346,21584655,7863,21133,55.2,68.6
3804,20,26,6,83.5,690653,546854,75501,63296107,66418336,135461346,21584655,86462,81878,16.9,39.3
3805,20,27,1,37.3,43513,33582,5635,5272945,5787702,11640113,1831781,7271,4415,52.6,72.0
3806,20,27,2,86.7,59817,49931,15528,4326195,5787702,11640113,1831781,6191,8278,79.6,48.5
3807,20,27,3,65.4,52666,28839,5718,4898719,5787702,11640113,1831781,4377,3691,57.5,22.1
3808,20,27,4,88.3,59962,32730,3803,5370640,5787702,11640113,1831781,4954,1486,59.4,48.2
3809,20,27,5,49.6,31616,24818,6304,6665596,5787702,11640113,1831781,2849,4125,83.6,62.3
3810,20,27,6,93.3,44526,12650,2287,3740077,5787702,11640113,1831781,732,967,71.8,40.5
3811,20,28,1,63.3,283022,149385,20431,20799316,29037770,57191458,11017514,24184,15446,22.9,44.3
3812,20,28,2,52.6,232235,27048,39944,19531343,29037770,57191458,11017514,40360,15609,46.8,68.3
3813,20,28,3,36.4,164069,116167,31698,20547955,29037770,57191458,11017514,25279,5684,37.0,52.1
3814,20,28,4,73.2,237749,160768,41562,23181935,29037770,57191458,11017514,8046,24605,70.3,61.9
3815,20,28,5,48.5,252928,138457,15542,28081280,29037770,57191458,11017514,11944,13627,52.7,38.6
3816,20,28,6,66.2,257159,174955,37481,25742724,29037770,57191458,11017514,41234,25610,35.0,54.3
3817,20,29,1,61.2,83246,64845,19948,7087671,9853598,20075879,3871239,15509,4734,45.9,71.5
3818,20,29,2,90.0,38645,17249,2017,6103543,9853598,20075879,3871239,3772,2684,14.3,45.4
3819,20,29,3,53.2,76441,60928,9946,8587311,9853598,20075879,3871239,5381,9371,43.9,100.0
3820,20,29,4,71.6,60436,46130,8409,6941151,9853598,20075879,3871239,7547,4409,21.2,40.8
3821,20,29,5,71.9,31310,14607,1524,6254245,9853598,20075879,3871239,2974,658,66.8,92.7
3822,20,29,6,55.3,79636,40665,6179,7868342,9853598,20075879,3871239,6618,4108,56.9,80.1
3823,20,30,1,49.9,27665,24598,6251,2488561,3767055,7911465,1614696,4033,4191,89.0,15.9
3824,20,30,2,36.3,19194,13804,2236,2681132,3767055,7911465,1614696,927,2438,27.2,53.3
3825,20,30,3,80.6,37413,17611,4401,2819881,3767055,7911465,1614696,1602,2598,43.5,81.1
3826,20,30,4,58.4,23901,13376,4247,3303284,3767055,7911465,1614696,2211,813,53.0,69.3
3827,20,30,5,71.3,14064,6053,1357,2424449,3767055,7911465,1614696,805,1039,37.4,79.0
3828,20,30,6,44.9,27525,14151,4487,2859138,3767055,7911465,1614696,1595,2403,46.9,66.5
3829,20,31,1,86.7,451,224,39,71103,75298,166790,40899,47,17,54.1,60.1
3830,20,31,2,55.7,371,287,92,56395,75298,166790,40899,59,12,81.1,59.6
3831,20,31,3,97.5,892,445,87,53319,75298,166790,40899,56,69,22.5,45.8
3832,20,31,4,78.4,398,289,37,71998,75298,166790,40899,38,38,99.6,70.2
3833,20,31,5,81.2,659,547,155,45384,75298,166790,40899,96,84,44.1,56.5
3834,20,31,6,85.6,713,634,171,55667,75298,166790,40899,34,57,36.2,73.7
3835,20,32,1,67.7,3500,2889,304,392237,420366,853190,184529,615,269,54.5,51.3
3836,20,32,2,80.7,2357,27048,372,321043,420366,853190,184529,209,161,38.1,62.9
3837,20,32,3,52.8,2043,1695,214,341750,420366,853190,184529,262,281,51.8,55.3
3838,20,32,4,81.5,3452,2393,760,254415,420366,853190,184529,454,320,40.1,53.1
3839,20,32,5,63.1,3446,3091,613,300454,420366,853190,184529,462,392,70.8,46.2
3840,20,32,6,91.4,1944,818,242,393825,420366,853190,184529,201,45,58.9,31.7
3841,21,1,1,55.9,55035,34982,8447,9776575,12963938,31060766,5055977,6327,6052,81.8,46.2
3842,21,1,2,53.5,98807,56586,9899,9344850,12963938,31060766,5055977,13471,8419,55.7,50.9
3843,21,1,3,84.7,67501,29511,11689,8284471,12963938,31060766,5055977,6640,1856,48.4,95.4
3844,21,1,4,73.0,87369,67225,7584,9917843,12963938,31060766,5055977,14570,5716,62.9,70.0
3845,21,1,5,79.7,98240,45841,10096,9149694,12963938,31060766,5055977,5581,3033,72.7,28.2
3846,21,1,6,40.9,61180,53504,9632,10045860,12963938,31060766,5055977,4780,7168,62.0,84.1
3847,21,2,1,75.9,1778,1199,210,374108,421875,897224,192210,134,210,30.0,0.0
3848,21,2,2,87.9,3608,3114,985,313127,421875,897224,192210,736,480,40.0,45.8
3849,21,2,3,94.3,3556,29511,492,399904,421875,897224,192210,461,283,54.1,42.8
3850,21,2,4,65.0,4316,3541,404,322397,421875,897224,192210,777,270,37.6,76.3
3851,21,2,5,43.1,3308,1732,413,335042,421875,897224,192210,405,230,46.8,38.7
3852,21,2,6,77.9,1246,539,87,300568,421875,897224,192210,70,58,81.8,56.4
3853,21,3,1,70.9,85454,54028,10497,7484641,10042987,22124389,4703796,10849,8474,50.4,98.0
3854,21,3,2,80.1,85788,63938,11869,9523474,10042987,22124389,4703796,4292,5798,14.6,71.8
3855,21,3,3,63.0,41529,34132,3899,8914846,10042987,22124389,4703796,6596,2813,44.6,69.1
3856,21,3,4,51.1,37400,32793,8997,8263736,10042987,22124389,4703796,1999,1225,41.4,29.8
3857,21,3,5,49.0,60307,44587,8014,8937594,10042987,22124389,4703796,8508,4437,21.3,28.5
3858,21,3,6,56.7,46600,35893,6235,6551753,10042987,22124389,4703796,5078,3336,21.3,79.7
3859,21,4,1,64.3,306256,213854,38211,19399285,31167775,75542342,12750729,42796,20662,97.5,73.4
3860,21,4,2,46.9,64842,34575,10533,20396352,31167775,75542342,12750729,3501,5789,51.5,29.1
3861,21,4,3,93.4,115136,55247,15960,25337263,31167775,75542342,12750729,6843,2688,57.0,81.4
3862,21,4,4,49.9,261925,112433,38686,24101048,31167775,75542342,12750729,7070,17611,41.7,68.0
3863,21,4,5,92.8,193197,148525,48904,23187065,31167775,75542342,12750729,30806,6340,39.9,36.3
3864,21,4,6,75.2,132683,63964,6524,22958998,31167775,75542342,12750729,4871,6099,44.9,35.3
3865,21,5,1,79.0,39625,19067,4876,6616824,8077505,17451553,3817644,2741,3374,56.4,82.2
3866,21,5,2,81.3,83700,33852,4604,7577778,8077505,17451553,3817644,7538,4603,26.4,61.9
3867,21,5,3,62.2,62991,29511,7751,5590798,8077505,17451553,3817644,5700,1547,33.7,46.3
3868,21,5,4,86.4,71594,30121,5940,7503594,8077505,17451553,3817644,3138,1234,34.0,44.7
3869,21,5,5,97.3,35097,15855,1712,5902143,8077505,17451553,3817644,3209,1398,55.6,32.5
3870,21,5,6,93.6,33908,20524,6757,5584552,8077505,17451553,3817644,1368,1081,49.9,18.2
3871,21,6,1,57.1,1814,1412,335,361587,403722,904617,184737,253,225,71.7,48.1
3872,21,6,2,71.7,3111,2231,473,292115,403722,904617,184737,468,104,55.2,37.8
3873,21,6,3,88.6,2324,1705,581,279023,403722,904617,184737,277,219,46.5,35.8
3874,21,6,4,53.0,2989,2460,807,267189,403722,904617,184737,177,349,52.2,73.1
3875,21,6,5,60.0,3674,2479,796,286340,403722,904617,184737,281,380,60.0,35.1
3876,21,6,6,56.1,4011,1966,451,367427,403722,904617,184737,259,166,39.7,64.3
3877,21,7,1,98.8,49716,22787,4086,14330323,20113174,40357647,7697720,1702,1354,80.2,32.6
3878,21,7,2,49.4,118832,81434,9154,12199827,20113174,40357647,7697720,16731,10366,57.4,92.2
3879,21,7,3,59.8,160399,113884,38174,19556788,20113174,40357647,7697720,8030,4961,29.7,39.0
3880,21,7,4,96.5,211045,158649,15866,18858047,20113174,40357647,7697720,11834,22788,30.8,61.4
3881,21,7,5,87.5,174894,139707,25394,19480996,20113174,40357647,7697720,31563,4875,96.1,81.5
3882,21,7,6,68.7,52714,29879,7488,17884182,20113174,40357647,7697720,5898,3547,52.7,58.8
3883,21,8,1,57.5,42677,29438,7893,7410356,7707052,17908669,3047766,6198,2065,45.9,57.1
3884,21,8,2,72.4,40447,17918,5457,4922911,7707052,17908669,3047766,2370,2221,52.9,60.2
3885,21,8,3,71.1,68278,27314,3360,7148239,7707052,17908669,3047766,2256,2145,42.3,27.6
3886,21,8,4,76.6,45223,24011,3341,4664711,7707052,17908669,3047766,3966,1878,64.8,51.5
3887,21,8,5,40.3,60468,45768,4944,4707162,7707052,17908669,3047766,5940,3524,40.6,49.2
3888,21,8,6,42.2,78251,68890,21329,7496458,7707052,17908669,3047766,14394,7736,63.3,36.9
3889,21,9,1,88.8,10255,8497,1244,1383288,1780426,4519288,635099,469,1385,58.3,72.8
3890,21,9,2,94.2,4427,2502,558,1189671,1780426,4519288,635099,411,417,79.0,50.6
3891,21,9,3,82.1,18607,9586,2662,1467895,1780426,4519288,635099,1243,325,33.6,44.2
3892,21,9,4,45.7,6092,4333,674,1546043,1780426,4519288,635099,856,169,54.7,7.6
3893,21,9,5,76.9,20310,10471,2331,1097226,1780426,4519288,635099,1858,812,33.2,66.6
3894,21,9,6,97.9,9925,7274,2154,1612223,1780426,4519288,635099,1224,919,55.5,34.0
3895,21,10,1,84.1,54201,32514,5746,7802790,10618164,22618051,4145432,5727,5791,44.4,76.2
3896,21,10,2,38.1,52329,23966,5508,10245004,10618164,22618051,4145432,1836,1483,35.2,17.0
3897,21,10,3,47.8,103229,48267,12718,10385574,10618164,22618051,4145432,11628,5202,41.8,47.0
3898,21,10,4,42.7,77609,56732,18841,7294580,10618164,22618051,4145432,5809,6923,49.9,38.4
3899,21,10,5,39.4,29563,13301,3364,7078500,10618164,22618051,4145432,2320,1247,58.1,83.8
3900,21,10,6,80.5,88631,46032,8638,6617706,10618164,22618051,4145432,4938,7812,74.9,69.3
3901,21,11,1,62.5,152610,67635,14944,17207104,19129335,40730155,7453372,8934,10118,55.1,25.3
3902,21,11,2,95.6,176346,107406,13643,16267404,19129335,40730155,7453372,24373,4905,37.1,78.6
3903,21,11,3,88.1,91186,63910,14895,13793526,19129335,40730155,7453372,3923,2726,28.6,58.5
3904,21,11,4,53.0,139373,101245,29071,18723438,19129335,40730155,7453372,8605,4680,80.3,57.9
3905,21,11,5,90.9,90646,79350,11452,17709370,19129335,40730155,7453372,15765,8236,42.0,58.0
3906,21,11,6,90.0,61535,44535,8029,12917452,19129335,40730155,7453372,4792,7885,38.4,45.0
3907,21,12,1,40.9,69459,57351,19565,7814483,9772317,20405136,3830173,5757,8268,16.7,58.6
3908,21,12,2,71.1,94109,83901,25911,8781057,9772317,20405136,3830173,16048,2934,42.4,69.9
3909,21,12,3,78.6,22360,15123,2377,8578444,9772317,20405136,3830173,2158,1011,39.6,63.8
3910,21,12,4,78.1,100530,72582,16370,7844444,9772317,20405136,3830173,10858,9574,65.3,75.6
3911,21,12,5,79.0,53933,23280,7272,8290011,9772317,20405136,3830173,5176,3208,51.8,36.1
3912,21,12,6,61.7,64570,43480,5205,9535302,9772317,20405136,3830173,3507,7240,28.7,68.4
3913,21,13,1,52.9,200987,152578,50951,14485417,20750212,53234967,11396752,17204,22427,65.8,52.3
3914,21,13,2,98.1,115246,85672,8828,14202052,20750212,53234967,11396752,12230,3678,50.1,50.9
3915,21,13,3,90.8,240932,183882,62219,19042444,20750212,53234967,11396752,12298,9958,24.3,71.7
3916,21,13,4,44.9,105593,76224,19019,19565161,20750212,53234967,11396752,8617,6622,93.6,37.3
3917,21,13,5,40.3,248466,123071,39356,13128580,20750212,53234967,11396752,24141,15748,70.3,86.7
3918,21,13,6,91.4,170627,135327,26797,15223976,20750212,53234967,11396752,16071,19737,24.1,94.6
3919,21,14,1,92.7,257015,207180,51516,28175583,35495102,73928387,11883448,31523,7088,59.4,73.4
3920,21,14,2,37.6,115318,81690,20012,29302275,35495102,73928387,11883448,8312,7066,70.1,58.4
3921,21,14,3,35.1,140375,94582,15933,29499810,35495102,73928387,11883448,20613,13068,60.2,52.3
3922,21,14,4,38.0,135761,98903,17042,32208142,35495102,73928387,11883448,21901,6415,33.7,91.2
3923,21,14,5,77.1,148697,85386,11043,32322594,35495102,73928387,11883448,6678,12630,45.3,78.0
3924,21,14,6,98.3,246940,156432,37737,24709652,35495102,73928387,11883448,36164,11782,53.9,73.1
3925,21,15,1,56.5,1668,1421,393,807749,824533,1730663,407407,187,159,54.7,54.4
3926,21,15,2,38.4,5778,5157,945,520060,824533,1730663,407407,434,708,44.3,46.2
3927,21,15,3,63.3,2628,1478,433,511374,824533,1730663,407407,242,87,62.4,43.2
3928,21,15,4,93.9,8647,7330,1202,500761,824533,1730663,407407,667,856,32.3,75.2
3929,21,15,5,37.4,8650,4762,1649,668002,824533,1730663,407407,688,635,58.4,53.8
3930,21,15,6,47.1,9042,6187,848,689104,824533,1730663,407407,473,1045,50.3,52.3
3931,21,16,1,43.8,4333,1819,210,761433,856692,2099590,384428,318,253,62.9,56.1
3932,21,16,2,54.3,6586,3507,1215,834666,856692,2099590,384428,869,450,28.6,33.3
3933,21,16,3,74.0,2210,1255,236,631433,856692,2099590,384428,237,74,52.8,50.6
3934,21,16,4,50.5,8770,5807,1131,747128,856692,2099590,384428,1132,564,60.1,90.3
3935,21,16,5,70.2,4800,28710,549,642466,856692,2099590,384428,517,479,36.8,36.3
3936,21,16,6,85.9,5321,2833,356,801828,856692,2099590,384428,610,490,59.4,67.3
3937,21,17,1,56.0,2868,2418,310,207518,315831,668872,117033,507,289,46.9,48.3
3938,21,17,2,84.3,1849,1151,224,218661,315831,668872,117033,259,174,46.2,60.4
3939,21,17,3,56.1,783,493,133,232106,315831,668872,117033,72,84,55.9,51.9
3940,21,17,4,75.3,2622,1497,232,201398,315831,668872,117033,160,88,58.3,41.3
3941,21,17,5,41.1,1587,665,85,217106,315831,668872,117033,113,69,79.6,50.1
3942,21,17,6,59.6,2895,1699,522,294988,315831,668872,117033,198,277,23.8,40.2
3943,21,18,1,84.9,1862,1492,469,345705,541036,1318461,243377,299,160,19.6,47.0
3944,21,18,2,97.6,44152,1343,370,377483,541036,1318461,243377,152,73,12.6,81.4
3945,21,18,3,73.8,3904,3342,644,483134,541036,1318461,243377,404,344,36.9,45.3
3946,21,18,4,84.4,5734,4309,701,427539,541036,1318461,243377,542,322,74.2,32.8
3947,21,18,5,51.3,1458,601,173,466872,541036,1318461,243377,102,33,22.9,54.5
3948,21,18,6,47.7,2101,1440,400,471161,541036,1318461,243377,289,51,73.8,85.0
3949,21,19,1,45.3,25464,11296,1636,11653350,12417804,27658509,4622491,2413,1687,41.9,66.6
3950,21,19,2,82.4,44306,26654,7527,8552984,12417804,27658509,4622491,4181,2832,25.3,59.5
3951,21,19,3,55.9,40046,32006,7377,11561506,12417804,27658509,4622491,7512,1271,66.4,63.4
3952,21,19,4,79.7,108759,92756,10205,9981310,12417804,27658509,4622491,16696,7231,21.2,86.5
3953,21,19,5,89.0,85740,55193,6882,7808665,12417804,27658509,4622491,9666,4432,53.0,62.9
3954,21,19,6,58.1,69400,39240,5433,7607636,12417804,27658509,4622491,4642,5081,51.6,52.7
3955,21,20,1,37.7,76224,45937,6898,7169779,7521680,18919256,3152552,8295,6354,81.9,44.5
3956,21,20,2,97.3,46177,28946,6780,6323311,7521680,18919256,3152552,3764,2908,41.2,36.2
3957,21,20,3,66.8,48766,35321,8106,6076544,7521680,18919256,3152552,2004,1595,47.8,84.6
3958,21,20,4,70.9,54951,24969,8649,6003591,7521680,18919256,3152552,2648,3168,36.3,42.9
3959,21,20,5,92.1,76297,55766,15839,5206683,7521680,18919256,3152552,10005,9493,36.4,52.1
3960,21,20,6,81.7,48850,38610,7155,6847960,7521680,18919256,3152552,9283,5551,84.5,50.4
3961,21,21,1,97.0,202674,140340,19141,15712697,20770046,47862467,6783758,19682,20856,55.5,59.7
3962,21,21,2,50.1,114335,76464,13120,18794300,20770046,47862467,6783758,18732,8658,91.8,58.6
3963,21,21,3,86.3,230203,141153,24554,16702629,20770046,47862467,6783758,28170,10118,62.7,68.1
3964,21,21,4,57.1,54637,31138,5514,19049691,20770046,47862467,6783758,4164,2549,67.5,50.6
3965,21,21,5,82.4,91626,71353,11992,15423633,20770046,47862467,6783758,10070,2430,15.9,65.0
3966,21,21,6,51.1,68968,47323,14685,16147805,20770046,47862467,6783758,6991,3958,59.2,43.9
3967,21,22,1,95.2,629,401,60,138716,208189,433839,74656,48,21,62.2,48.1
3968,21,22,2,43.5,1947,1040,125,176478,208189,433839,74656,55,99,41.1,36.8
3969,21,22,3,68.3,1098,478,128,181763,208189,433839,74656,3693,82,60.6,76.3
3970,21,22,4,69.1,547,348,55,178688,208189,433839,74656,53,32,50.1,41.1
3971,21,22,5,67.1,763,28710,204,160580,208189,433839,74656,110,110,29.5,56.1
3972,21,22,6,97.2,1722,1437,301,159807,208189,433839,74656,162,257,45.8,62.2
3973,21,23,1,56.7,70760,30726,6706,20823805,22112734,47969482,7662545,5465,2683,53.3,16.9
3974,21,23,2,83.7,132718,83280,26955,13740838,22112734,47969482,7662545,18709,14546,70.6,66.6
3975,21,23,3,54.1,142398,94430,13079,20086708,22112734,47969482,7662545,10429,11388,19.6,37.7
3976,21,23,4,70.6,196692,28870,20653,13638539,22112734,47969482,7662545,9040,11503,40.7,18.4
3977,21,23,5,79.2,209818,163206,48308,14534536,22112734,47969482,7662545,29936,5306,53.6,88.7
3978,21,23,6,95.9,115632,70150,22779,20967703,22112734,47969482,7662545,4513,2287,48.9,57.7
3979,21,24,1,54.1,69422,34813,9928,11166253,11737525,22197305,5244889,6038,2756,0.0,54.6
3980,21,24,2,90.9,35242,16250,3905,11385550,11737525,22197305,5244889,1765,2298,1.6,48.4
3981,21,24,3,92.4,63499,42670,11656,10299338,11737525,22197305,5244889,5744,6841,81.7,59.6
3982,21,24,4,68.9,25772,13564,4555,7752763,11737525,22197305,5244889,2499,971,54.2,57.4
3983,21,24,5,71.0,101070,83291,19524,8451711,11737525,22197305,5244889,20170,5272,63.3,65.4
3984,21,24,6,59.7,96148,54054,10087,7638759,11737525,22197305,5244889,5992,4045,36.3,51.6
3985,21,25,1,58.5,2140,1916,436,1090998,1212780,2335545,455444,278,282,28.2,63.3
3986,21,25,2,62.2,9412,7664,2525,906076,1212780,2335545,455444,1866,713,22.9,66.2
3987,21,25,3,70.1,2073,1074,306,909747,1212780,2335545,455444,114,190,39.0,9.9
3988,21,25,4,76.1,8392,3868,514,916986,1212780,2335545,455444,651,550,76.9,69.1
3989,21,25,5,95.2,5960,4092,1198,867547,1212780,2335545,455444,364,404,75.4,56.8
3990,21,25,6,78.6,11646,8562,2840,1111710,1212780,2335545,455444,872,958,76.5,27.7
3991,21,26,1,82.1,439318,342295,43548,6616824,64038921,141736180,25482416,20426,44190,39.6,34.0
3992,21,26,2,87.1,445800,373648,41884,53749330,64038921,141736180,25482416,28882,14385,32.1,49.7
3993,21,26,3,87.2,469417,299837,50456,52278814,64038921,141736180,25482416,52362,12462,33.5,69.1
3994,21,26,4,77.8,656731,481827,97787,52629132,64038921,141736180,25482416,73096,39701,78.6,66.2
3995,21,26,5,91.2,121688,65552,17934,60437883,64038921,141736180,25482416,12002,3071,22.5,25.6
3996,21,26,6,68.3,573796,495436,91096,56878813,64038921,141736180,25482416,117649,63645,67.3,71.2
3997,21,27,1,82.9,14236,9160,1402,4587614,5057710,12325728,1842726,1880,1008,53.8,86.5
3998,21,27,2,69.5,49043,32352,3703,4237307,5057710,12325728,1842726,5738,4758,50.9,39.7
3999,21,27,3,96.3,32267,20052,2023,4291130,5057710,12325728,1842726,2888,1532,61.0,19.4
4000,21,27,4,70.0,57812,31098,7726,4030868,5057710,12325728,1842726,2025,5351,49.7,100.0
4001,21,27,5,70.0,51834,35639,10423,3103404,5057710,12325728,1842726,2668,5467,21.1,15.0
4002,21,27,6,70.8,39195,27048,4159,3087844,5057710,12325728,1842726,2976,2817,61.2,46.5
4003,21,28,1,94.3,73434,50460,15228,22490631,28992534,59444274,13503533,7692,5420,48.0,42.1
4004,21,28,2,89.3,206910,149717,40231,26621348,28992534,59444274,13503533,29715,15592,65.4,63.8
4005,21,28,3,40.5,235722,127835,22902,22745830,28992534,59444274,13503533,17595,4217,62.8,39.8
4006,21,28,4,41.4,150742,68310,9177,19070355,28992534,59444274,13503533,9392,9225,61.5,48.2
4007,21,28,5,87.2,184662,85584,12976,27962076,28992534,59444274,13503533,20606,7662,60.2,71.8
4008,21,28,6,53.3,199423,125584,18623,20040775,28992534,59444274,13503533,14191,9082,31.5,91.7
4009,21,29,1,87.8,70750,43894,14309,6347787,8068368,19379293,3733052,4038,1390,53.5,35.1
4010,21,29,2,73.1,39316,32193,7982,6068109,8068368,19379293,3733052,5760,1192,26.1,43.5
4011,21,29,3,94.2,30670,29511,7078,6380052,8068368,19379293,3733052,4623,3271,77.6,60.4
4012,21,29,4,35.1,22298,15646,5363,5067339,8068368,19379293,3733052,1937,2047,9.5,65.1
4013,21,29,5,39.0,21520,12381,4264,7451436,8068368,19379293,3733052,2811,1652,28.2,48.7
4014,21,29,6,83.6,98370,66970,17563,5595668,8068368,19379293,3733052,16420,9430,44.9,64.2
4015,21,30,1,80.9,32443,18032,3866,2607524,3713895,7780967,1282981,3373,1424,28.4,44.8
4016,21,30,2,38.1,8482,7398,1054,3066594,3713895,7780967,1282981,993,276,21.4,44.6
4017,21,30,3,67.4,47803,30828,8680,2423612,3713895,7780967,1282981,3664,967,49.0,37.8
4018,21,30,4,69.1,8050,28870,1261,2698537,3713895,7780967,1282981,394,439,17.7,43.2
4019,21,30,5,50.4,27010,21396,5243,3164137,3713895,7780967,1282981,2921,1060,40.1,97.5
4020,21,30,6,61.8,21511,14870,1553,2551358,3713895,7780967,1282981,2165,556,75.9,41.3
4021,21,31,1,79.4,630,333,58,59474,82178,180241,35093,60,28,47.7,56.2
4022,21,31,2,44.6,474,331,84,59415,82178,180241,35093,74,59,39.6,38.1
4023,21,31,3,65.9,378,314,96,54915,82178,180241,35093,77,32,49.1,61.9
4024,21,31,4,53.3,829,584,84,6690069,82178,180241,35093,33,20,54.6,82.2
4025,21,31,5,56.9,495,265,69,54860,82178,180241,35093,65,19,68.4,57.8
4026,21,31,6,45.0,357,318,41,57284,82178,180241,35093,25,39,70.4,45.1
4027,21,32,1,86.4,998,630,167,318283,364336,855456,157012,126,25,56.6,61.2
4028,21,32,2,91.1,3058,2198,763,242063,364336,855456,157012,192,325,44.9,52.9
4029,21,32,3,95.1,3293,2666,649,236057,364336,855456,157012,147,340,26.8,60.3
4030,21,32,4,91.5,4442,3415,1018,264338,364336,855456,157012,448,337,35.4,69.5
4031,21,32,5,90.5,4265,2700,686,313816,364336,855456,157012,540,298,50.6,54.3
4032,21,32,6,89.9,2361,1140,240,339975,364336,855456,157012,125,48,62.0,71.5
4033,22,1,1,44.4,98477,50381,14618,13665019,15975748,29752948,5881609,11673,7797,67.8,37.8
4034,22,1,2,53.6,107895,43990,5397,11559179,15975748,29752948,5881609,4896,6822,54.0,64.3
4035,22,1,3,94.1,93345,79923,24035,12301122,15975748,29752948,5881609,5098,2818,62.3,76.5
4036,22,1,4,68.4,42288,36368,10167,15513451,15975748,29752948,5881609,4046,1944,75.0,56.5
4037,22,1,5,77.9,52630,37326,11011,12982937,15975748,29752948,5881609,9114,5644,57.1,34.2
4038,22,1,6,64.5,41463,29102,5331,12176539,15975748,29752948,5881609,4297,6255,80.5,29.0
4039,22,2,1,83.1,1360,607,117,243415,394419,907142,189940,72,69,84.1,43.7
4040,22,2,2,94.1,2656,1382,232,375084,394419,907142,189940,129,56,51.3,82.5
4041,22,2,3,65.8,1735,772,182,334124,394419,907142,189940,116,89,71.7,53.7
4042,22,2,4,40.1,44638,1631,413,6690069,394419,907142,189940,326,148,48.6,63.5
4043,22,2,5,91.2,1553,1333,190,334763,394419,907142,189940,187,68,17.0,41.2
4044,22,2,6,39.5,3742,2712,445,342983,394419,907142,189940,214,485,48.6,64.2
4045,22,3,1,44.9,42802,36046,10682,8904402,10309509,20462352,4253787,2377,2163,27.7,10.6
4046,22,3,2,58.8,95682,73011,21272,7574805,10309509,20462352,4253787,9752,11278,44.2,57.0
4047,22,3,3,39.4,55410,26222,3206,9405738,10309509,20462352,4253787,1490,1022,70.0,61.7
4048,22,3,4,46.6,64966,34941,3680,7018244,10309509,20462352,4253787,2004,6236,58.8,65.6
4049,22,3,5,76.6,70832,53586,7295,6806462,10309509,20462352,4253787,3615,5260,48.6,28.2
4050,22,3,6,92.5,53534,32916,7418,9701090,10309509,20462352,4253787,5014,1636,26.5,18.0
4051,22,4,1,50.6,347855,228671,27146,28789288,36512393,69375821,16142970,52472,22527,70.1,51.4
4052,22,4,2,48.3,313360,181193,26941,30497163,36512393,69375821,16142970,18114,23386,63.6,52.9
4053,22,4,3,77.7,47803,177902,43428,33721079,36512393,69375821,16142970,18144,5672,37.8,72.4
4054,22,4,4,39.3,135984,76842,10704,25379662,36512393,69375821,16142970,14715,7089,52.1,61.5
4055,22,4,5,41.9,157898,130513,25039,23969027,36512393,69375821,16142970,16463,13947,19.3,75.5
4056,22,4,6,87.6,353138,253373,87558,27769589,36512393,69375821,16142970,14517,40959,49.5,40.0
4057,22,5,1,44.6,83475,36615,3961,7546828,8352252,17585079,2518678,2001,3587,45.8,55.7
4058,22,5,2,39.4,62602,44845,11306,5929731,8352252,17585079,2518678,2503,7933,52.2,26.0
4059,22,5,3,59.6,27430,17326,2364,5959692,8352252,17585079,2518678,3748,1875,46.3,44.4
4060,22,5,4,56.9,63360,52690,14153,6790215,8352252,17585079,2518678,3011,7941,33.0,71.2
4061,22,5,5,70.0,37486,24699,7884,6530768,8352252,17585079,2518678,5298,3840,85.0,64.3
4062,22,5,6,58.6,76823,41713,13585,5433867,8352252,17585079,2518678,6915,5972,67.5,37.7
4063,22,6,1,68.8,2140,1713,363,383722,457585,926795,131368,330,297,48.9,44.6
4064,22,6,2,60.2,2440,1733,247,309885,457585,926795,131368,169,82,30.5,79.1
4065,22,6,3,43.3,4587,3822,1168,318168,457585,926795,131368,662,205,49.1,44.1
4066,22,6,4,38.7,4254,3808,613,355271,457585,926795,131368,883,513,53.7,72.9
4067,22,6,5,89.8,4776,3907,1237,325148,457585,926795,131368,912,696,42.8,82.2
4068,22,6,6,83.9,2337,1003,252,315547,457585,926795,131368,68,119,55.5,68.2
4069,22,7,1,84.8,200256,165778,46443,12136884,18091947,43423143,9094689,35069,28427,51.6,49.8
4070,22,7,2,73.9,48541,38311,4621,17729804,18091947,43423143,9094689,3570,5467,71.8,75.6
4071,22,7,3,35.7,174590,146753,18019,11829486,18091947,43423143,9094689,24465,6236,54.3,82.5
4072,22,7,4,44.3,123534,77892,21627,13090268,18091947,43423143,9094689,12919,12025,51.8,48.4
4073,22,7,5,39.2,109463,55350,14101,16036905,18091947,43423143,9094689,3939,3788,85.0,8.9
4074,22,7,6,97.8,73420,53107,13247,16552163,18091947,43423143,9094689,3335,9204,61.6,66.3
4075,22,8,1,48.2,73870,58523,12499,7431317,8584611,17152258,2432137,5004,2634,39.3,27.9
4076,22,8,2,74.8,33435,17998,5536,7715791,8584611,17152258,2432137,2108,1275,27.6,71.4
4077,22,8,3,84.2,76854,49519,13062,6585097,8584611,17152258,2432137,5934,6910,62.8,39.2
4078,22,8,4,68.7,42356,22900,7611,7250649,8584611,17152258,2432137,2883,3298,48.5,44.1
4079,22,8,5,70.6,82770,45208,10306,6460359,8584611,17152258,2432137,7630,7943,75.3,98.3
4080,22,8,6,52.8,50299,38572,4619,7232443,8584611,17152258,2432137,5379,2671,85.1,50.8
4081,22,9,1,77.6,16918,14806,2825,1363506,2089409,4236025,947157,2826,865,26.8,55.2
4082,22,9,2,75.2,4003,2516,748,1819256,2089409,4236025,947157,548,416,62.5,50.6
4083,22,9,3,72.4,9644,5996,1255,1547705,2089409,4236025,947157,338,677,83.5,79.5
4084,22,9,4,89.8,19091,28870,1908,1848727,2089409,4236025,947157,2581,1195,44.3,67.6
4085,22,9,5,80.2,5232,2866,844,1334618,2089409,4236025,947157,311,215,50.6,48.7
4086,22,9,6,71.7,21759,18228,3006,1676926,2089409,4236025,947157,2897,1405,23.7,33.8
4087,22,10,1,35.8,94360,79339,14528,7870285,9630741,22485947,4355602,8461,6129,61.9,48.0
4088,22,10,2,87.0,100935,78675,17942,6644343,9630741,22485947,4355602,3998,9847,61.7,47.6
4089,22,10,3,46.6,107922,86892,14395,7665209,9630741,22485947,4355602,10699,15352,44.9,51.2
4090,22,10,4,64.2,84698,67162,23225,9104769,9630741,22485947,4355602,8714,9552,44.1,44.5
4091,22,10,5,76.7,105775,44689,14729,7811592,9630741,22485947,4355602,9723,3993,43.5,36.8
4092,22,10,6,74.8,33214,24308,4167,9092090,9630741,22485947,4355602,3425,2218,61.1,58.8
4093,22,11,1,83.6,178937,76699,22840,12506243,17840384,38221540,6623116,6744,6220,50.4,48.1
4094,22,11,2,43.3,136750,102955,24145,14906412,17840384,38221540,6623116,13473,10969,22.2,71.3
4095,22,11,3,92.3,103133,83218,14907,11003132,17840384,38221540,6623116,15888,4885,48.4,63.5
4096,22,11,4,37.9,189505,162530,49934,17024004,17840384,38221540,6623116,30318,6929,30.2,59.5
4097,22,11,5,66.6,123226,62419,17504,12513995,17840384,38221540,6623116,9211,7748,79.8,58.6
4098,22,11,6,45.4,100793,65856,22868,14921807,17840384,38221540,6623116,7996,10474,45.2,46.9
4099,22,12,1,73.4,45262,69211,16426,6418222,10352970,20682885,4209067,5308,5234,27.0,79.3
4100,22,12,2,39.8,44124,23448,7529,7490019,10352970,20682885,4209067,5277,2478,57.3,52.8
4101,22,12,3,79.8,88160,51872,7705,9344278,10352970,20682885,4209067,12132,6454,59.0,42.0
4102,22,12,4,65.1,44458,28870,6745,8553124,10352970,20682885,4209067,1461,1437,65.4,30.0
4103,22,12,5,92.1,29102,25943,3097,7013768,10352970,20682885,4209067,6193,1237,65.0,65.0
4104,22,12,6,63.6,98686,47105,10036,6404288,10352970,20682885,4209067,7956,7247,34.1,68.6
4105,22,13,1,89.7,247020,167314,43042,16081269,21591516,49819403,7432983,38240,13149,38.1,69.9
4106,22,13,2,53.5,251491,151875,40645,6631720,21591516,49819403,7432983,20295,19836,58.2,60.4
4107,22,13,3,37.6,162585,144147,49026,18028634,21591516,49819403,7432983,12545,15649,50.7,48.0
4108,22,13,4,46.2,156057,128343,14969,14625708,21591516,49819403,7432983,25694,19722,54.8,68.5
4109,22,13,5,78.3,91046,39004,11223,21140710,21591516,49819403,7432983,4164,3637,81.5,84.6
4110,22,13,6,59.3,44526,127292,44119,19620135,21591516,49819403,7432983,26822,22774,92.2,64.8
4111,22,14,1,39.9,221554,190090,65185,24784763,32599695,72091833,12934513,34826,12290,44.6,42.9
4112,22,14,2,75.7,317212,164841,38670,31340700,32599695,72091833,12934513,17138,20798,42.2,98.9
4113,22,14,3,91.2,158215,64043,13377,26000323,32599695,72091833,12934513,6059,9099,24.5,50.3
4114,22,14,4,82.7,206467,110111,27120,22520708,32599695,72091833,12934513,20711,4086,30.0,40.9
4115,22,14,5,40.7,296483,259917,30993,21502178,32599695,72091833,12934513,57210,25525,36.1,40.0
4116,22,14,6,37.1,299695,237090,81127,30596153,32599695,72091833,12934513,46122,40769,47.5,46.7
4117,22,15,1,46.2,8508,5389,1300,831868,914413,1765061,404859,681,402,36.1,35.5
4118,22,15,2,78.7,1738,1003,189,573177,914413,1765061,404859,211,140,77.4,81.4
4119,22,15,3,96.8,7920,3206,562,703411,914413,1765061,404859,267,198,58.0,31.6
4120,22,15,4,63.8,4921,3102,449,685111,914413,1765061,404859,470,155,30.7,43.4
4121,22,15,5,74.5,9297,6034,835,662938,914413,1765061,404859,1402,700,64.2,17.1
4122,22,15,6,41.0,8959,7252,1546,661608,914413,1765061,404859,1704,864,51.5,37.8
4123,22,16,1,54.4,3478,1755,471,802196,1000789,1885718,327205,327,114,32.1,69.7
4124,22,16,2,81.3,8137,3463,1171,812037,1000789,1885718,327205,493,293,49.4,9.4
4125,22,16,3,79.8,4122,2377,468,893889,1000789,1885718,327205,531,239,60.7,30.6
4126,22,16,4,46.4,7001,5031,1000,663127,1000789,1885718,327205,453,445,52.5,29.6
4127,22,16,5,46.3,6357,4601,1316,891102,1000789,1885718,327205,312,165,40.2,22.9
4128,22,16,6,92.6,8396,7298,2430,936370,1000789,1885718,327205,926,343,17.6,34.3
4129,22,17,1,78.7,1535,939,192,333881,345009,723492,141846,163,131,68.2,84.5
4130,22,17,2,43.8,3054,2692,899,211711,345009,723492,141846,316,152,37.6,38.0
4131,22,17,3,96.7,3122,1362,239,6585097,345009,723492,141846,144,44,35.1,53.0
4132,22,17,4,44.6,1880,1154,385,317234,345009,723492,141846,211,126,63.5,9.2
4133,22,17,5,43.3,2097,1680,183,250873,345009,723492,141846,376,174,48.7,100.0
4134,22,17,6,47.8,1654,1326,238,273153,345009,723492,141846,263,222,44.9,37.2
4135,22,18,1,70.6,5118,2292,530,496978,565330,1308946,202406,279,90,40.5,89.8
4136,22,18,2,66.0,1278,772,200,442651,565330,1308946,202406,97,128,39.9,41.5
4137,22,18,3,90.8,47803,1841,394,410727,565330,1308946,202406,450,160,89.0,71.1
4138,22,18,4,65.2,3997,2307,700,482362,565330,1308946,202406,169,385,39.0,61.3
4139,22,18,5,48.7,6014,4814,1301,389639,565330,1308946,202406,1195,403,54.6,89.0
4140,22,18,6,82.2,4737,3253,506,348758,565330,1308946,202406,324,437,58.0,41.7
4141,22,19,1,79.4,65158,41594,9783,11237485,12965421,28437385,6386483,3168,3645,66.2,57.5
4142,22,19,2,95.8,107644,60642,6324,11777265,12965421,28437385,6386483,3454,7168,34.9,79.7
4143,22,19,3,38.7,40975,18925,4196,11896882,12965421,28437385,6386483,4349,1877,38.8,73.2
4144,22,19,4,92.5,107560,89964,9176,8855771,12965421,28437385,6386483,21028,6974,53.4,61.4
4145,22,19,5,72.8,25732,13777,1497,8825243,12965421,28437385,6386483,3434,1645,77.5,66.3
4146,22,19,6,41.8,113002,48544,15866,9435793,12965421,28437385,6386483,9514,8615,51.7,81.4
4147,22,20,1,50.4,34632,29120,7748,5995959,7751137,17859845,3163895,5360,4545,40.5,41.6
4148,22,20,2,45.0,15860,12180,2608,5305194,7751137,17859845,3163895,2163,1159,67.3,77.6
4149,22,20,3,77.0,88181,70824,22386,4892074,7751137,17859845,3163895,3793,3816,42.4,61.9
4150,22,20,4,95.9,76342,52647,16064,6978653,7751137,17859845,3163895,8121,5121,32.7,35.1
4151,22,20,5,74.9,18859,11411,2929,7009493,7751137,17859845,3163895,2177,824,42.5,76.8
4152,22,20,6,50.2,82895,72584,18440,6001826,7751137,17859845,3163895,14755,12117,55.2,66.3
4153,22,21,1,95.8,211751,175769,32686,16071129,20397867,45508745,10560121,31183,23233,62.0,61.2
4154,22,21,2,48.1,56089,35414,6759,17621397,20397867,45508745,10560121,8344,4246,31.3,58.3
4155,22,21,3,82.5,85640,74482,16356,19639847,20397867,45508745,10560121,3921,11738,35.5,29.4
4156,22,21,4,80.6,123214,53671,17242,19630849,20397867,45508745,10560121,11354,1614,32.5,17.9
4157,22,21,5,94.9,161831,114357,35005,15942543,20397867,45508745,10560121,14685,16428,23.4,37.0
4158,22,21,6,73.0,46176,34060,6257,14594837,20397867,45508745,10560121,4908,5281,40.8,48.3
4159,22,22,1,95.5,1874,907,253,165083,204373,398996,75465,61,137,64.8,64.8
4160,22,22,2,93.3,2015,1352,221,183273,204373,398996,75465,114,140,56.7,71.2
4161,22,22,3,85.1,1343,1097,343,138457,204373,398996,75465,194,76,84.8,60.9
4162,22,22,4,60.6,1298,643,78,127366,204373,398996,75465,144,71,58.1,79.3
4163,22,22,5,60.1,919,548,122,6665596,204373,398996,75465,45,82,63.2,70.7
4164,22,22,6,70.2,1156,680,237,164664,204373,398996,75465,35,94,44.6,70.5
4165,22,23,1,64.5,86073,54477,15251,15127547,22032137,48626292,6569202,9809,4667,48.6,77.3
4166,22,23,2,70.4,58328,32643,11295,14679747,22032137,48626292,6569202,3013,4712,7.1,58.2
4167,22,23,3,67.1,169958,119414,22048,14899637,22032137,48626292,6569202,26434,12305,66.3,42.6
4168,22,23,4,80.5,191590,98789,23797,14912938,22032137,48626292,6569202,21639,6904,68.1,53.7
4169,22,23,5,39.1,98230,82868,13142,13338420,22032137,48626292,6569202,14868,5770,25.0,55.0
4170,22,23,6,77.2,172079,102682,31483,14513975,22032137,48626292,6569202,17881,15652,51.6,64.4
4171,22,24,1,96.1,86124,53090,18131,7342832,9591172,21975305,4829267,7867,2061,40.5,48.8
4172,22,24,2,96.2,100610,85333,14740,7760426,9591172,21975305,4829267,4468,4123,33.8,35.3
4173,22,24,3,67.1,80474,68100,10965,7136378,9591172,21975305,4829267,12552,6481,49.1,62.6
4174,22,24,4,81.9,71030,51720,9244,8815641,9591172,21975305,4829267,8047,4774,44.6,63.8
4175,22,24,5,41.7,58380,48184,9051,5832783,9591172,21975305,4829267,4786,6697,46.6,73.6
4176,22,24,6,40.0,50101,26072,7835,7525851,9591172,21975305,4829267,2179,1330,49.9,93.0
4177,22,25,1,70.7,10042,4969,782,650262,1032059,2435086,546435,652,494,66.5,49.9
4178,22,25,2,75.6,9423,5598,961,783431,1032059,2435086,546435,455,704,44.4,35.1
4179,22,25,3,79.0,3484,2464,522,771603,1032059,2435086,546435,592,134,67.0,73.8
4180,22,25,4,35.1,3106,2074,500,653937,1032059,2435086,546435,415,371,37.3,53.0
4181,22,25,5,77.4,4748,3286,1066,668616,1032059,2435086,546435,280,383,65.2,56.7
4182,22,25,6,38.9,5148,2333,543,980051,1032059,2435086,546435,433,306,33.0,56.0
4183,22,26,1,45.7,177524,127105,30961,46160880,64414360,131435244,20279142,12712,13150,20.7,41.6
4184,22,26,2,42.1,452127,359840,117809,56338799,64414360,131435244,20279142,89613,16578,57.3,51.3
4185,22,26,3,57.1,663972,340987,61978,48585599,64414360,131435244,20279142,65140,17184,44.9,44.0
4186,22,26,4,70.3,459114,362989,106217,41362626,64414360,131435244,20279142,49698,31644,61.0,63.9
4187,22,26,5,68.5,418326,372781,80288,41100353,64414360,131435244,20279142,62367,31113,63.3,58.7
4188,22,26,6,83.5,159767,95212,32651,62233375,64414360,131435244,20279142,20817,4351,55.1,59.0
4189,22,27,1,89.7,45262,31778,6911,5555463,5681239,11779612,2503386,2810,1527,37.1,47.8
4190,22,27,2,43.2,25522,10727,2828,4535287,5681239,11779612,2503386,1550,1315,58.3,48.2
4191,22,27,3,83.5,36260,18180,5045,4057015,5681239,11779612,2503386,1425,2053,54.3,53.0
4192,22,27,4,42.5,44638,26565,8771,4839647,5681239,11779612,2503386,4307,1579,64.7,29.2
4193,22,27,5,63.2,37088,26904,7949,4998613,5681239,11779612,2503386,4332,2681,72.2,74.0
4194,22,27,6,72.5,36666,15462,2126,4105409,5681239,11779612,2503386,2802,2435,65.8,50.4
4195,22,28,1,47.6,192542,120521,16204,17573044,28149504,59249255,8612076,6810,19246,56.6,57.5
4196,22,28,2,38.1,195693,136675,41515,22842652,28149504,59249255,8612076,21297,15923,56.7,65.9
4197,22,28,3,57.7,259249,136032,18941,23734087,28149504,59249255,8612076,12476,8405,96.5,10.1
4198,22,28,4,88.2,207650,159801,35734,19071952,28149504,59249255,8612076,8119,19322,61.1,0.0
4199,22,28,5,75.9,117191,56481,14626,25001259,28149504,59249255,8612076,5480,9586,43.2,96.3
4200,22,28,6,91.3,62373,29033,6289,25351448,28149504,59249255,8612076,3051,3722,50.0,57.8
4201,22,29,1,55.1,27966,13121,4501,8281047,8701400,19354768,2793050,2258,1858,82.0,29.0
4202,22,29,2,74.5,26875,18877,2274,6474980,8701400,19354768,2793050,3478,1168,41.9,4.2
4203,22,29,3,53.0,74219,34399,11505,7494474,8701400,19354768,2793050,8540,1060,31.2,64.1
4204,22,29,4,55.4,32524,17052,2270,8183470,8701400,19354768,2793050,1971,2847,41.7,40.5
4205,22,29,5,75.6,71202,49657,12681,6536530,8701400,19354768,2793050,12403,1635,59.4,63.8
4206,22,29,6,73.6,83458,57697,6269,5536817,8701400,19354768,2793050,12867,3006,38.7,53.9
4207,22,30,1,93.3,15467,8158,2220,3472141,3922070,8355158,1421038,794,398,53.6,71.6
4208,22,30,2,38.0,29493,19664,3166,2554267,3922070,8355158,1421038,1591,1234,35.9,44.0
4209,22,30,3,42.7,10286,4501,786,2494659,3922070,8355158,1421038,895,694,54.5,55.8
4210,22,30,4,46.7,13328,8946,2454,3470810,3922070,8355158,1421038,1813,698,62.3,68.8
4211,22,30,5,51.0,14205,10122,1283,3655202,3922070,8355158,1421038,951,1632,9.9,32.5
4212,22,30,6,76.4,44526,12745,2509,3273191,3922070,8355158,1421038,2667,2039,52.0,43.5
4213,22,31,1,41.5,807,387,73,50983,73114,178924,36347,58,31,66.0,75.4
4214,22,31,2,49.6,470,219,22,61230,73114,178924,36347,54,38,39.8,54.3
4215,22,31,3,63.4,889,769,264,55865,73114,178924,36347,168,113,56.9,90.2
4216,22,31,4,43.3,683,532,146,55878,73114,178924,36347,58,36,25.8,76.3
4217,22,31,5,83.5,522,247,79,47880,73114,178924,36347,49,26,54.1,46.1
4218,22,31,6,92.6,618,321,64,55458,73114,178924,36347,28,23,95.0,48.6
4219,22,32,1,85.6,4460,2896,322,289927,401175,940237,172683,342,369,52.4,68.7
4220,22,32,2,74.7,2396,1710,578,278707,401175,940237,172683,356,292,76.8,62.0
4221,22,32,3,44.8,4413,1826,264,250958,401175,940237,172683,184,304,41.5,69.8
4222,22,32,4,62.5,1412,724,154,349693,401175,940237,172683,82,68,38.7,57.2
4223,22,32,5,97.9,4189,3622,1014,287062,401175,940237,172683,636,357,42.3,92.9
4224,22,32,6,75.4,2455,1902,232,366648,401175,940237,172683,129,318,67.5,76.7
4225,23,1,1,41.2,35751,25269,6123,11458127,13015222,30329324,6608321,5543,4485,59.8,54.0
4226,23,1,2,81.4,47837,38694,9793,10720040,13015222,30329324,6608321,2468,1881,37.5,69.6
4227,23,1,3,69.2,134194,79665,19646,9311740,13015222,30329324,6608321,13832,5216,44.6,52.5
4228,23,1,4,62.7,80333,69016,10733,10792590,13015222,30329324,6608321,16767,11997,50.6,87.0
4229,23,1,5,35.6,134987,57050,18477,8681241,13015222,30329324,6608321,8292,4898,28.8,73.9
4230,23,1,6,63.0,36004,28563,5232,11588872,13015222,30329324,6608321,1800,4665,41.7,38.4
4231,23,2,1,36.2,808,667,172,390741,417845,972765,172051,62,98,93.7,38.7
4232,23,2,2,53.2,4507,3375,813,254182,417845,972765,172051,772,167,51.9,38.6
4233,23,2,3,41.6,3329,2848,688,263728,417845,972765,172051,706,192,67.2,38.0
4234,23,2,4,61.3,4601,3889,1354,252179,417845,972765,172051,427,671,82.9,32.5
4235,23,2,5,88.2,2216,1674,177,330474,417845,972765,172051,398,209,40.6,73.9
4236,23,2,6,44.8,3830,2884,956,395277,417845,972765,172051,165,378,51.6,14.8
4237,23,3,1,80.2,25112,11153,2406,8749435,9776394,19772263,3325505,2144,1411,38.5,44.3
4238,23,3,2,71.1,89430,70036,17303,5891270,9776394,19772263,3325505,15086,3025,51.9,55.2
4239,23,3,3,92.3,44584,36296,9149,9469546,9776394,19772263,3325505,3514,5996,63.8,40.3
4240,23,3,4,81.3,83820,50096,11233,5999367,9776394,19772263,3325505,5355,1645,54.5,71.9
4241,23,3,5,78.1,63426,28710,8283,7730748,9776394,19772263,3325505,1483,3302,68.4,68.6
4242,23,3,6,54.0,100164,56248,7298,8751363,9776394,19772263,3325505,10474,8858,44.9,80.6
4243,23,4,1,95.9,86247,68026,9099,29093920,32958385,77885623,15827692,16286,9468,38.9,37.5
4244,23,4,2,43.4,335132,175160,24692,20181867,32958385,77885623,15827692,39872,8800,7.6,60.7
4245,23,4,3,57.9,81501,61202,13058,25982998,32958385,77885623,15827692,3753,2888,49.1,48.3
4246,23,4,4,54.1,306077,238776,59666,30702906,32958385,77885623,15827692,33471,29065,54.6,52.4
4247,23,4,5,61.6,200117,106300,27885,20038501,32958385,77885623,15827692,22880,5314,50.5,85.4
4248,23,4,6,82.3,249614,107986,13488,20869193,32958385,77885623,15827692,10118,6985,73.2,70.1
4249,23,5,1,36.2,71952,64014,8250,6459091,7294077,17683637,3896530,7171,5925,41.4,45.7
4250,23,5,2,63.4,16351,7431,2276,6427538,7294077,17683637,3896530,634,576,56.0,69.8
4251,23,5,3,44.1,19848,12498,3402,5783215,7294077,17683637,3896530,1301,466,26.2,55.4
4252,23,5,4,49.4,49028,19876,6275,6885531,7294077,17683637,3896530,2126,1166,69.8,35.0
4253,23,5,5,77.6,59435,43039,14658,6886291,7294077,17683637,3896530,9505,6428,37.9,37.6
4254,23,5,6,96.9,75422,36748,8852,4565902,7294077,17683637,3896530,7060,4564,60.0,44.9
4255,23,6,1,68.8,1559,1072,223,409106,433412,930672,184493,134,112,50.4,54.5
4256,23,6,2,45.1,3255,1590,210,358291,433412,930672,184493,318,265,63.8,64.8
4257,23,6,3,42.2,2668,1979,644,421112,433412,930672,184493,304,197,58.1,65.5
4258,23,6,4,49.5,1331,745,136,302770,433412,930672,184493,172,121,49.9,40.6
4259,23,6,5,57.7,2677,1739,257,357953,433412,930672,184493,361,221,32.0,26.0
4260,23,6,6,85.4,3358,2882,439,260264,433412,930672,184493,566,403,24.5,40.5
4261,23,7,1,81.1,116023,62728,15639,15261904,19513367,42050734,8810216,10389,3975,13.3,29.3
4262,23,7,2,63.9,186803,118341,13581,16639943,19513367,42050734,8810216,24700,15902,50.6,19.9
4263,23,7,3,86.4,90419,51578,17190,15322571,19513367,42050734,8810216,9426,2894,34.3,76.1
4264,23,7,4,43.7,116423,80515,10949,15222195,19513367,42050734,8810216,15110,8090,61.6,47.8
4265,23,7,5,54.0,61642,51110,6917,18733521,19513367,42050734,8810216,2678,7579,31.5,40.8
4266,23,7,6,62.0,76717,34760,4463,17616220,19513367,42050734,8810216,5662,5016,73.6,46.1
4267,23,8,1,68.3,30262,20160,3942,6038858,7780174,17897382,3061157,2044,2760,50.2,67.3
4268,23,8,2,93.8,83303,53556,13324,6901422,7780174,17897382,3061157,8131,3063,53.8,74.7
4269,23,8,3,54.2,78330,37701,5854,7165007,7780174,17897382,3061157,5295,3589,53.0,83.8
4270,23,8,4,47.8,23883,28870,3428,6897991,7780174,17897382,3061157,2869,3194,69.0,72.7
4271,23,8,5,55.5,43822,30652,5159,5891072,7780174,17897382,3061157,2120,3621,69.4,66.1
4272,23,8,6,89.5,35256,18304,4065,6855137,7780174,17897382,3061157,1535,2750,46.3,50.0
4273,23,9,1,72.6,9809,4187,740,1640990,1925923,4057648,724487,577,722,68.4,48.8
4274,23,9,2,46.2,17107,11516,2306,1788479,1925923,4057648,724487,891,1688,40.7,48.1
4275,23,9,3,79.4,10120,7201,1944,1759320,1925923,4057648,724487,532,1279,26.7,63.1
4276,23,9,4,94.9,15197,11419,1408,1763008,1925923,4057648,724487,770,1986,24.7,28.2
4277,23,9,5,35.4,5827,4613,880,1806393,1925923,4057648,724487,843,719,37.1,52.4
4278,23,9,6,53.8,8921,6575,1745,1187005,1925923,4057648,724487,1023,994,58.5,15.7
4279,23,10,1,65.7,23810,11451,1675,9367591,11027425,22272619,5057775,663,458,58.8,63.5
4280,23,10,2,60.1,115514,93113,21576,6631720,11027425,22272619,5057775,21108,7877,3.1,54.9
4281,23,10,3,63.0,61462,33260,10604,7993932,11027425,22272619,5057775,7361,4323,42.9,74.0
4282,23,10,4,96.7,71158,40835,13269,10329340,11027425,22272619,5057775,8315,4519,51.3,23.0
4283,23,10,5,40.7,98531,53745,7738,9868588,11027425,22272619,5057775,11790,7578,46.0,57.1
4284,23,10,6,82.3,95700,58519,17323,7768167,11027425,22272619,5057775,13191,4781,68.5,19.6
4285,23,11,1,95.2,139423,87192,27843,11813090,16508453,40728127,6335436,6455,6645,58.4,45.1
4286,23,11,2,67.5,44410,24413,3548,10032061,16508453,40728127,6335436,1846,750,29.6,35.0
4287,23,11,3,85.9,101897,42113,7363,15740525,16508453,40728127,6335436,7459,6947,18.2,50.8
4288,23,11,4,92.1,76143,48572,14749,14057014,16508453,40728127,6335436,8229,1510,47.9,40.1
4289,23,11,5,52.7,194493,79850,9757,10856356,16508453,40728127,6335436,11869,14165,60.6,22.5
4290,23,11,6,61.8,139549,29102,14029,14742124,16508453,40728127,6335436,7209,7516,49.9,72.2
4291,23,12,1,81.0,70948,48489,12404,8257857,9518057,21723185,3869048,9172,6711,51.7,54.4
4292,23,12,2,58.4,33380,23406,3024,7994442,9518057,21723185,3869048,1601,2622,31.3,48.9
4293,23,12,3,96.1,94473,49441,12483,7349790,9518057,21723185,3869048,4187,7279,49.1,38.3
4294,23,12,4,67.3,44638,55173,11278,9039260,9518057,21723185,3869048,8243,5380,44.5,78.6
4295,23,12,5,62.3,83301,39394,8927,9120524,9518057,21723185,3869048,5922,4935,54.9,72.1
4296,23,12,6,54.1,63680,32951,11444,6613341,9518057,21723185,3869048,3331,4513,38.3,56.5
4297,23,13,1,90.4,47877,22485,6477,15845658,23249182,52870420,8467338,2916,796,39.6,62.8
4298,23,13,2,63.1,79158,49407,6711,20347281,23249182,52870420,8467338,8101,8688,21.0,86.3
4299,23,13,3,80.0,95532,76501,19505,17542000,23249182,52870420,8467338,12004,3534,55.2,46.9
4300,23,13,4,38.3,172245,70849,13450,22208081,23249182,52870420,8467338,4231,7155,50.2,76.0
4301,23,13,5,95.9,148195,104524,11184,19130756,23249182,52870420,8467338,12334,6063,32.6,60.8
4302,23,13,6,51.6,111863,48775,12680,20822584,23249182,52870420,8467338,3853,7695,71.4,55.7
4303,23,14,1,76.5,318049,229104,50152,31112495,32853344,68580262,16823981,21533,25352,18.3,42.1
4304,23,14,2,93.5,195706,140453,22873,23719925,32853344,68580262,16823981,9765,20108,35.6,0.0
4305,23,14,3,82.9,86279,54073,5595,30274587,32853344,68580262,16823981,8103,2472,40.7,24.8
4306,23,14,4,38.8,236815,154263,46895,27216600,32853344,68580262,16823981,19527,16220,25.4,75.3
4307,23,14,5,67.5,201315,103726,14511,25338504,32853344,68580262,16823981,6391,4246,47.7,17.5
4308,23,14,6,54.3,44526,110126,32003,23985749,32853344,68580262,16823981,27001,14109,50.6,70.7
4309,23,15,1,39.9,5541,3445,687,596374,898345,1813536,421581,769,324,41.3,53.0
4310,23,15,2,72.2,6426,5398,1820,755160,898345,1813536,421581,537,294,66.0,37.6
4311,23,15,3,40.0,1671,29511,340,681286,898345,1813536,421581,253,116,51.3,28.6
4312,23,15,4,44.6,44638,2725,921,654392,898345,1813536,421581,672,402,33.1,26.7
4313,23,15,5,72.3,5256,2651,526,875490,898345,1813536,421581,520,388,63.2,71.4
4314,23,15,6,84.5,3753,2956,466,806377,898345,1813536,421581,696,100,80.4,46.9
4315,23,16,1,41.7,45262,3951,981,519924,842714,1915002,291666,834,465,73.2,41.3
4316,23,16,2,52.9,4810,2488,758,636938,842714,1915002,291666,225,258,44.3,58.8
4317,23,16,3,52.7,5560,2393,373,663666,842714,1915002,291666,417,216,37.5,13.0
4318,23,16,4,92.6,8360,3535,615,555345,842714,1915002,291666,636,480,61.5,46.9
4319,23,16,5,51.5,2729,1719,296,791729,842714,1915002,291666,355,220,51.4,5.6
4320,23,16,6,87.2,6325,5407,1569,671312,842714,1915002,291666,308,386,49.9,36.0
4321,23,17,1,93.7,1728,1348,277,241811,298111,695008,109040,285,174,31.3,28.0
4322,23,17,2,66.7,2594,2020,585,232667,298111,695008,109040,336,338,40.6,29.6
4323,23,17,3,95.9,613,382,42,203558,298111,695008,109040,65,61,47.5,40.1
4324,23,17,4,71.2,915,366,108,257160,298111,695008,109040,34,11,91.5,43.9
4325,23,17,5,69.9,1516,1120,368,210426,298111,695008,109040,107,44,46.8,75.0
4326,23,17,6,55.2,2700,2243,498,272282,298111,695008,109040,339,379,64.5,39.0
4327,23,18,1,93.7,1401,1035,301,355699,562430,1237110,192077,81,116,49.5,55.6
4328,23,18,2,68.6,1595,1394,174,510677,562430,1237110,192077,300,222,58.3,62.2
4329,23,18,3,85.1,4497,2682,908,374706,562430,1237110,192077,614,295,46.6,22.8
4330,23,18,4,55.8,3297,2744,657,455030,562430,1237110,192077,435,93,55.5,91.0
4331,23,18,5,84.2,4915,3302,688,423876,562430,1237110,192077,229,335,65.9,22.2
4332,23,18,6,70.4,2625,1301,384,440261,562430,1237110,192077,69,184,67.7,70.8
4333,23,19,1,38.9,97203,72749,12834,12075377,13224835,25637404,3737162,18038,3745,63.1,54.9
4334,23,19,2,83.6,96582,78359,16438,10414893,13224835,25637404,3737162,5203,3931,30.1,48.1
4335,23,19,3,39.4,115597,82671,12440,11985606,13224835,25637404,3737162,12782,14106,33.5,38.1
4336,23,19,4,88.5,71665,53664,7338,11542068,13224835,25637404,3737162,6370,6832,79.9,64.3
4337,23,19,5,55.4,40414,30003,5817,9213289,13224835,25637404,3737162,2481,2820,70.4,59.4
4338,23,19,6,63.7,119809,96289,26488,10400897,13224835,25637404,3737162,21062,14927,49.5,64.4
4339,23,20,1,38.3,64035,48782,8846,6628395,8989851,18318640,3514259,4815,5120,50.4,71.4
4340,23,20,2,66.1,67129,43584,14054,7782418,8989851,18318640,3514259,9908,2788,97.8,46.1
4341,23,20,3,99.0,59528,37779,10749,6812276,8989851,18318640,3514259,2964,3842,42.4,32.5
4342,23,20,4,40.4,25113,17559,5923,5912915,8989851,18318640,3514259,3954,1929,36.3,68.2
4343,23,20,5,61.4,20559,17858,4260,8001190,8989851,18318640,3514259,3092,757,52.2,81.2
4344,23,20,6,36.3,39859,24625,2474,7300204,8989851,18318640,3514259,4673,4349,67.1,39.1
4345,23,21,1,36.9,117091,59835,6612,19637102,21576824,50939808,10476571,3894,3728,51.9,21.9
4346,23,21,2,37.2,199092,167810,48421,19669286,21576824,50939808,10476571,24707,8098,25.4,50.6
4347,23,21,3,55.2,192387,168631,33424,19140112,21576824,50939808,10476571,38053,16008,35.4,51.6
4348,23,21,4,58.5,44638,120056,37515,16251118,21576824,50939808,10476571,16105,20251,39.9,66.0
4349,23,21,5,41.6,156446,73743,16494,16800587,21576824,50939808,10476571,5365,2334,55.8,63.6
4350,23,21,6,39.5,44526,87383,12032,15989933,21576824,50939808,10476571,11583,2819,56.9,63.0
4351,23,22,1,93.2,630,499,71,190323,206130,440129,60872,87,27,35.5,37.9
4352,23,22,2,47.3,1518,669,220,139398,206130,440129,60872,152,111,29.2,42.4
4353,23,22,3,62.9,749,394,92,149965,206130,440129,60872,96,70,62.1,19.8
4354,23,22,4,69.4,628,445,117,132106,206130,440129,60872,73,29,67.9,100.0
4355,23,22,5,94.3,1334,1140,139,161937,206130,440129,60872,129,137,37.9,58.5
4356,23,22,6,38.8,534,348,102,181803,206130,440129,60872,36,55,45.8,57.6
4357,23,23,1,43.5,153331,137441,28318,15187543,19233292,44212565,8645856,19849,22256,40.5,51.9
4358,23,23,2,92.3,144636,117483,31652,17385155,19233292,44212565,8645856,14183,17329,6.2,69.5
4359,23,23,3,47.4,181866,144411,32259,14060072,19233292,44212565,8645856,26450,17556,42.7,89.0
4360,23,23,4,76.2,176043,152131,18726,12151325,19233292,44212565,8645856,32402,14450,23.1,83.3
4361,23,23,5,53.9,88992,68520,14830,16989779,19233292,44212565,8645856,16585,3651,40.4,87.7
4362,23,23,6,93.3,88984,73383,23907,14545736,19233292,44212565,8645856,3731,5983,42.7,45.9
4363,23,24,1,74.5,104544,74256,13565,8066686,9979427,23101008,3604272,12143,13301,28.1,52.0
4364,23,24,2,89.3,50715,33014,8740,6457748,9979427,23101008,3604272,4700,3252,57.7,57.7
4365,23,24,3,49.4,91112,79939,23048,6304463,9979427,23101008,3604272,11113,11368,49.1,75.2
4366,23,24,4,72.7,96950,75797,18696,9508492,9979427,23101008,3604272,18853,10648,50.9,81.0
4367,23,24,5,61.6,71647,33854,8827,8070579,9979427,23101008,3604272,3331,5048,23.6,92.6
4368,23,24,6,43.8,108793,97804,28813,8713878,9979427,23101008,3604272,19545,8379,43.6,64.5
4369,23,25,1,81.4,9188,4575,1286,1012226,1194521,2258789,472643,610,337,45.8,48.0
4370,23,25,2,44.1,9903,6945,972,1066942,1194521,2258789,472643,394,993,50.2,27.4
4371,23,25,3,62.0,5975,4247,987,743035,1194521,2258789,472643,983,228,86.1,23.8
4372,23,25,4,36.0,10023,7397,1159,918640,1194521,2258789,472643,1352,504,40.7,55.4
4373,23,25,5,46.1,5484,4570,533,782533,1194521,2258789,472643,604,537,50.2,82.0
4374,23,25,6,67.1,2101,1532,477,974203,1194521,2258789,472643,356,175,65.1,62.1
4375,23,26,1,57.4,462785,351964,83878,53784073,63651378,140364174,30496125,42679,60045,22.7,49.9
4376,23,26,2,37.1,269234,182076,34246,44363975,63651378,140364174,30496125,36387,22512,46.8,53.7
4377,23,26,3,75.5,511794,229680,58497,58036095,63651378,140364174,30496125,46436,39019,34.8,51.4
4378,23,26,4,51.0,311248,271522,84664,52205315,63651378,140364174,30496125,48143,37685,25.0,56.9
4379,23,26,5,85.6,578679,400509,64653,55095726,63651378,140364174,30496125,32125,46147,94.7,66.6
4380,23,26,6,51.3,424136,367567,50819,47963664,63651378,140364174,30496125,71838,30086,49.6,48.8
4381,23,27,1,68.8,57271,31664,4288,3184237,5154714,12280086,2774723,4550,3865,65.1,77.9
4382,23,27,2,50.3,13182,8028,1641,3395261,5154714,12280086,2774723,984,1159,65.1,23.8
4383,23,27,3,48.9,56967,47362,7393,3282100,5154714,12280086,2774723,2574,8354,47.4,71.8
4384,23,27,4,51.8,38436,17180,2338,4579314,5154714,12280086,2774723,988,631,34.7,41.6
4385,23,27,5,46.9,57742,47433,7407,4056510,5154714,12280086,2774723,3718,1747,38.0,69.7
4386,23,27,6,61.2,35055,26994,7994,4030279,5154714,12280086,2774723,6113,3543,42.7,85.9
4387,23,28,1,90.5,191595,98406,31009,18227986,29423152,62475693,12068904,21769,6876,51.0,93.0
4388,23,28,2,76.0,96930,60489,18365,19133942,29423152,62475693,12068904,5028,7474,41.9,21.4
4389,23,28,3,95.8,95493,50310,16346,23602384,29423152,62475693,12068904,5799,2871,45.5,41.7
4390,23,28,4,61.9,200033,118200,38757,18521346,29423152,62475693,12068904,27185,10361,30.8,69.7
4391,23,28,5,55.2,44553,130796,17021,23735635,29423152,62475693,12068904,9366,15535,40.1,18.2
4392,23,28,6,77.7,109323,66029,17004,28357785,29423152,62475693,12068904,13074,4514,71.4,36.0
4393,23,29,1,49.0,25068,12101,2342,6372120,9381626,20629983,3789658,2767,1406,48.1,75.5
4394,23,29,2,61.3,45121,22387,3571,9186449,9381626,20629983,3789658,4170,2189,32.3,70.2
4395,23,29,3,90.2,29789,14227,1769,8173971,9381626,20629983,3789658,2494,993,30.5,25.7
4396,23,29,4,54.2,28995,16627,2820,6804799,9381626,20629983,3789658,3831,2061,36.3,70.2
4397,23,29,5,97.2,27750,21408,5721,8852656,9381626,20629983,3789658,2733,3486,7.4,53.0
4398,23,29,6,83.5,73344,33865,5610,6420565,9381626,20629983,3789658,8440,5043,30.2,61.4
4399,23,30,1,78.1,36700,31413,7451,2948004,3692011,7959832,1654876,1726,5554,34.5,55.5
4400,23,30,2,53.0,32168,24266,7687,2366449,3692011,7959832,1654876,1413,1832,90.5,82.6
4401,23,30,3,35.2,16502,10666,1775,3143780,3692011,7959832,1654876,677,620,11.7,67.1
4402,23,30,4,84.7,27368,21780,6898,2460036,3692011,7959832,1654876,5134,733,52.4,74.0
4403,23,30,5,63.6,30701,28710,4118,2507024,3692011,7959832,1654876,3498,2068,44.9,87.3
4404,23,30,6,65.6,14845,13300,2415,2355594,3692011,7959832,1654876,3197,831,49.8,32.7
4405,23,31,1,83.3,45262,257,57,51354,80274,167647,27902,28,40,34.3,59.6
4406,23,31,2,75.6,504,347,108,57710,80274,167647,27902,67,41,69.5,72.3
4407,23,31,3,88.6,657,293,63,67437,80274,167647,27902,65,47,47.9,39.5
4408,23,31,4,89.0,725,383,84,61643,80274,167647,27902,82,53,62.6,33.7
4409,23,31,5,80.2,874,710,232,51598,80274,167647,27902,114,106,49.0,57.8
4410,23,31,6,42.8,554,421,136,50926,80274,167647,27902,38,70,39.7,45.8
4411,23,32,1,65.0,1191,601,190,410588,433349,913218,160928,143,24,7.7,78.8
4412,23,32,2,39.1,2207,1474,466,367180,433349,913218,160928,301,121,42.0,77.4
4413,23,32,3,40.4,2068,1727,399,413061,433349,913218,160928,415,90,33.4,38.2
4414,23,32,4,58.0,3341,2287,238,417528,433349,913218,160928,277,404,63.5,60.2
4415,23,32,5,45.3,4331,3316,923,347945,433349,913218,160928,560,365,69.2,56.8
4416,23,32,6,91.4,2943,1343,309,365825,433349,913218,160928,72,232,65.1,55.7
4417,24,1,1,79.4,40119,16480,3839,14212059,14731828,31420970,7375893,3829,972,58.1,33.0
4418,24,1,2,46.2,108725,88940,22263,11982498,14731828,31420970,7375893,4701,3589,62.1,55.2
4419,24,1,3,50.5,47803,22085,6439,10316872,14731828,31420970,7375893,2680,825,64.5,48.0
4420,24,1,4,46.4,40281,34579,11461,11626545,14731828,31420970,7375893,5012,3485,61.6,53.6
4421,24,1,5,90.2,50325,44011,5454,11923259,14731828,31420970,7375893,5996,1606,38.8,54.9
4422,24,1,6,43.7,105614,81806,8698,6613341,14731828,31420970,7375893,7814,3089,34.0,100.0
4423,24,2,1,61.1,2931,29447,209,414301,434963,902233,212029,309,267,77.6,48.2
4424,24,2,2,72.3,3891,3230,1054,358445,434963,902233,212029,678,440,38.0,58.7
4425,24,2,3,77.3,1609,1368,291,360436,434963,902233,212029,337,106,29.8,46.2
4426,24,2,4,37.6,3798,2566,440,396767,434963,902233,212029,345,197,61.5,48.7
4427,24,2,5,36.3,3941,3533,500,334709,434963,902233,212029,672,400,23.7,35.9
4428,24,2,6,90.9,4001,2673,315,292680,434963,902233,212029,650,339,35.3,30.6
4429,24,3,1,84.3,81655,38334,11699,7852263,9695677,20934308,4616173,8156,2372,40.2,56.8
4430,24,3,2,65.2,18052,15636,4158,7149442,9695677,20934308,4616173,1031,1444,62.4,40.8
4431,24,3,3,67.2,101908,88258,8946,5948017,9695677,20934308,4616173,11789,6492,57.1,55.3
4432,24,3,4,69.6,101450,45599,4926,8075212,9695677,20934308,4616173,5765,5707,43.4,55.5
4433,24,3,5,54.2,81658,69772,24032,9497730,9695677,20934308,4616173,11850,8555,58.0,64.9
4434,24,3,6,37.7,66850,48247,8333,8020019,9695677,20934308,4616173,11337,6076,36.7,59.8
4435,24,4,1,84.4,113482,75441,12913,6616824,30170562,78600286,12679723,18354,6530,21.7,56.8
4436,24,4,2,75.7,269700,27048,31764,22203288,30170562,78600286,12679723,17262,11049,49.8,27.7
4437,24,4,3,49.0,47803,158176,50907,26207935,30170562,78600286,12679723,8866,22279,83.9,61.0
4438,24,4,4,75.5,127681,104845,11977,24023660,30170562,78600286,12679723,9803,14560,17.6,39.0
4439,24,4,5,36.4,127120,113257,26456,20753499,30170562,78600286,12679723,25524,7121,83.1,39.6
4440,24,4,6,94.2,263065,139733,40664,23647181,30170562,78600286,12679723,11704,8429,23.9,0.0
4441,24,5,1,61.9,52072,42246,8965,5154268,8192593,16917884,3050759,6420,2960,51.9,52.1
4442,24,5,2,86.6,73988,56865,6899,5136153,8192593,16917884,3050759,4198,6236,56.4,18.0
4443,24,5,3,38.5,15706,12051,3032,8025860,8192593,16917884,3050759,958,752,65.6,33.1
4444,24,5,4,85.7,34119,19153,6302,7868916,8192593,16917884,3050759,2213,2774,58.2,55.0
4445,24,5,5,85.3,85285,53433,10696,5336503,8192593,16917884,3050759,6413,8194,31.7,61.4
4446,24,5,6,39.7,47481,24424,3572,6629273,8192593,16917884,3050759,4243,2631,41.0,48.2
4447,24,6,1,73.0,45262,1496,456,376649,453498,917660,211480,226,245,36.6,31.3
4448,24,6,2,97.2,2489,1963,221,382036,453498,917660,211480,477,350,33.5,48.6
4449,24,6,3,45.6,2514,2062,270,411906,453498,917660,211480,416,123,56.9,56.3
4450,24,6,4,89.3,4129,1914,386,6690069,453498,917660,211480,297,154,30.5,23.7
4451,24,6,5,92.8,4787,2873,354,327004,453498,917660,211480,494,156,45.8,73.3
4452,24,6,6,47.4,3346,1616,442,397908,453498,917660,211480,325,200,53.6,73.9
4453,24,7,1,40.9,55106,44768,8445,13156162,19905554,42328006,8350425,9588,2420,41.3,69.3
4454,24,7,2,91.3,209267,87308,29049,14834041,19905554,42328006,8350425,7943,7618,42.0,64.7
4455,24,7,3,58.3,150596,129996,28991,16058712,19905554,42328006,8350425,18417,15721,49.1,39.3
4456,24,7,4,71.7,140141,113797,22582,12060493,19905554,42328006,8350425,21315,13462,56.3,76.5
4457,24,7,5,71.7,132809,80479,9947,13506374,19905554,42328006,8350425,12885,12168,43.7,49.6
4458,24,7,6,62.1,194390,174143,41488,15201143,19905554,42328006,8350425,38256,28241,52.1,46.3
4459,24,8,1,68.8,67910,32231,5238,7452660,8433053,17226567,3317987,7449,3547,73.4,80.5
4460,24,8,2,89.5,60833,35373,7850,6173123,8433053,17226567,3317987,5688,4584,17.2,53.2
4461,24,8,3,52.6,14691,12837,4166,6585097,8433053,17226567,3317987,1095,770,56.7,62.1
4462,24,8,4,61.2,26290,20404,5151,7661443,8433053,17226567,3317987,3772,1560,34.5,62.4
4463,24,8,5,40.3,59282,51684,17669,7854014,8433053,17226567,3317987,6023,9070,61.4,53.4
4464,24,8,6,40.1,31998,14921,4614,5953835,8433053,17226567,3317987,1244,2293,58.4,60.0
4465,24,9,1,51.4,18723,12798,4306,1208754,1779134,4485616,919593,3036,1999,38.1,48.4
4466,24,9,2,71.8,10852,6687,1031,1311369,1779134,4485616,919593,1498,535,61.8,56.4
4467,24,9,3,75.6,17931,15991,2156,1520833,1779134,4485616,919593,1707,513,44.8,45.4
4468,24,9,4,44.5,20351,14671,3471,1169968,1779134,4485616,919593,3474,2044,45.2,28.4
4469,24,9,5,40.6,5875,2994,1027,1719964,1779134,4485616,919593,658,506,59.0,61.3
4470,24,9,6,73.0,20117,9858,1310,6613341,1779134,4485616,919593,774,1290,57.1,89.5
4471,24,10,1,38.7,74725,48414,7232,8532424,9679105,24027060,4040049,6694,2966,63.3,50.7
4472,24,10,2,82.0,110022,65854,21722,6413785,9679105,24027060,4040049,16290,3886,53.5,27.7
4473,24,10,3,92.1,72188,50882,16333,6161535,9679105,24027060,4040049,3081,1674,16.3,91.3
4474,24,10,4,35.8,102585,73953,22695,6576902,9679105,24027060,4040049,18358,4503,73.1,41.9
4475,24,10,5,94.6,108432,61144,12813,7658344,9679105,24027060,4040049,13822,2412,58.7,31.9
4476,24,10,6,84.0,76792,63062,11267,8150890,9679105,24027060,4040049,7391,6265,50.7,60.7
4477,24,11,1,93.7,56375,25431,6883,15178465,18974705,40244547,6775051,1846,4009,33.4,16.3
4478,24,11,2,74.9,97754,67325,19726,11521399,18974705,40244547,6775051,14777,11414,38.0,88.4
4479,24,11,3,39.4,57072,43436,6950,12723311,18974705,40244547,6775051,9883,4811,48.8,78.8
4480,24,11,4,73.9,49289,31528,6944,13171320,18974705,40244547,6775051,3924,4493,60.9,58.6
4481,24,11,5,69.9,152681,77464,26176,18548783,18974705,40244547,6775051,14144,6855,52.4,66.3
4482,24,11,6,85.4,154415,75688,23912,14666445,18974705,40244547,6775051,8720,8718,59.5,55.2
4483,24,12,1,84.6,96676,44142,12022,9087308,10279657,21617883,3239842,9580,6368,65.9,49.6
4484,24,12,2,86.0,59781,39838,6707,7405093,10279657,21617883,3239842,4354,5482,68.5,64.9
4485,24,12,3,71.0,41352,26960,3506,7907308,10279657,21617883,3239842,4832,3749,32.4,27.9
4486,24,12,4,56.6,52333,43062,9806,9864007,10279657,21617883,3239842,2557,1737,33.5,10.0
4487,24,12,5,57.2,54168,34852,4737,9472823,10279657,21617883,3239842,4965,4063,44.0,54.5
4488,24,12,6,72.7,96067,53050,18134,8444599,10279657,21617883,3239842,4071,7938,40.8,26.0
4489,24,13,1,78.2,154469,119628,29273,15975303,22584282,48914651,8275358,29683,15786,40.7,58.2
4490,24,13,2,61.6,157131,118760,17069,17104999,22584282,48914651,8275358,21968,21064,40.5,50.5
4491,24,13,3,97.3,98576,73440,18533,14300438,22584282,48914651,8275358,9504,3305,82.4,41.1
4492,24,13,4,58.3,136381,55765,18297,15678855,22584282,48914651,8275358,9088,9228,60.0,63.9
4493,24,13,5,98.8,203410,110636,20990,20400330,22584282,48914651,8275358,5890,19647,40.0,56.8
4494,24,13,6,97.0,109400,76461,21961,13832126,22584282,48914651,8275358,6628,3263,50.4,66.8
4495,24,14,1,47.7,159116,123308,17319,19991415,31591586,68631722,15368230,13611,8710,62.5,52.4
4496,24,14,2,69.5,313640,256202,49402,25711948,31591586,68631722,15368230,62729,15816,44.7,39.4
4497,24,14,3,88.7,255733,130327,38326,28480750,31591586,68631722,15368230,9107,18050,62.5,100.0
4498,24,14,4,76.7,168174,118928,35045,22610544,31591586,68631722,15368230,6108,3897,74.8,88.7
4499,24,14,5,71.9,184858,92715,25772,22121292,31591586,68631722,15368230,6534,15317,57.2,81.4
4500,24,14,6,65.4,195283,175529,44475,28776403,31591586,68631722,15368230,13688,16385,58.9,70.0
4501,24,15,1,61.6,7858,5199,1126,670389,880160,1822977,400987,1096,615,51.6,56.4
4502,24,15,2,67.1,6905,5012,1531,578103,880160,1822977,400987,646,853,55.8,62.0
4503,24,15,3,98.6,5869,4966,584,639541,880160,1822977,400987,1158,238,24.4,65.8
4504,24,15,4,49.0,1858,1024,132,711473,880160,1822977,400987,236,176,49.8,19.4
4505,24,15,5,75.1,3813,3293,470,608399,880160,1822977,400987,504,496,49.5,68.5
4506,24,15,6,82.3,3769,2425,637,737956,880160,1822977,400987,485,243,37.6,53.6
4507,24,16,1,88.5,3061,2300,721,736686,892678,1928678,360272,560,95,73.7,62.2
4508,24,16,2,56.6,10003,8673,950,579994,892678,1928678,360272,1273,1323,49.3,56.8
4509,24,16,3,71.8,10122,4527,827,592555,892678,1928678,360272,835,246,48.6,28.8
4510,24,16,4,66.5,3720,1611,558,593008,892678,1928678,360272,143,211,57.1,59.4
4511,24,16,5,98.3,8765,7051,815,581225,892678,1928678,360272,410,388,64.9,63.7
4512,24,16,6,70.3,7958,6191,1367,593559,892678,1928678,360272,937,428,47.8,45.4
4513,24,17,1,73.3,1890,1115,343,265212,353051,673207,134315,221,76,49.4,37.0
4514,24,17,2,40.1,1543,703,140,284276,353051,673207,134315,103,84,40.3,49.8
4515,24,17,3,60.4,1961,1407,442,221048,353051,673207,134315,201,59,41.6,89.4
4516,24,17,4,42.7,1325,560,187,233779,353051,673207,134315,139,17,51.8,34.2
4517,24,17,5,84.0,3519,2537,531,289237,353051,673207,134315,317,308,37.2,41.5
4518,24,17,6,88.1,2375,2031,542,336719,353051,673207,134315,380,295,35.4,52.4
4519,24,18,1,89.4,1732,1289,216,372318,562073,1345838,209580,294,227,16.8,81.6
4520,24,18,2,64.9,6309,2655,492,375938,562073,1345838,209580,206,202,23.0,95.7
4521,24,18,3,90.8,3174,1671,242,465749,562073,1345838,209580,146,120,43.9,45.4
4522,24,18,4,39.1,2484,1860,368,522852,562073,1345838,209580,253,215,81.9,71.2
4523,24,18,5,77.5,1555,1071,221,509678,562073,1345838,209580,77,157,48.4,64.4
4524,24,18,6,45.3,1625,1226,398,457454,562073,1345838,209580,112,198,49.9,41.3
4525,24,19,1,79.6,69675,46125,5243,10460656,11363277,25610569,4005131,7220,3081,59.7,68.9
4526,24,19,2,81.9,44872,24526,6469,11041388,11363277,25610569,4005131,5835,2234,70.1,33.4
4527,24,19,3,69.8,95130,60210,7121,7930068,11363277,25610569,4005131,7174,5146,72.9,30.6
4528,24,19,4,82.1,77351,47757,10062,10091125,11363277,25610569,4005131,8406,7068,35.9,63.4
4529,24,19,5,74.2,92039,55208,12860,7175000,11363277,25610569,4005131,8288,2562,48.6,11.2
4530,24,19,6,96.9,112688,62512,10285,7557040,11363277,25610569,4005131,14485,3638,62.9,42.2
4531,24,20,1,81.6,86846,42281,12248,5986967,8423321,17359362,3318575,6850,6144,30.7,63.6
4532,24,20,2,75.7,37335,21208,6275,6475697,8423321,17359362,3318575,2068,1465,64.4,72.4
4533,24,20,3,64.7,88070,59137,18110,5847997,8423321,17359362,3318575,4162,7659,53.6,70.2
4534,24,20,4,35.8,90147,28870,15053,5540384,8423321,17359362,3318575,5278,3238,35.2,78.5
4535,24,20,5,45.4,51972,23697,3338,7045459,8423321,17359362,3318575,3958,1582,48.5,40.5
4536,24,20,6,52.1,27590,22842,6722,6483991,8423321,17359362,3318575,1615,2535,59.3,33.9
4537,24,21,1,37.7,206566,178234,50895,19995176,20973737,45766733,8913692,41415,6748,32.9,32.2
4538,24,21,2,95.9,167777,78362,22558,18648293,20973737,45766733,8913692,16514,2992,39.7,44.1
4539,24,21,3,60.7,146627,107877,34044,16921997,20973737,45766733,8913692,24512,10211,26.8,89.5
4540,24,21,4,51.7,60444,31045,9678,17451488,20973737,45766733,8913692,2859,2128,77.3,38.0
4541,24,21,5,81.2,89213,39984,9144,20105836,20973737,45766733,8913692,5915,4195,44.0,89.2
4542,24,21,6,38.4,94650,51687,7054,16916299,20973737,45766733,8913692,12838,2763,24.5,55.7
4543,24,22,1,57.0,1758,1561,189,153127,185432,399961,89935,185,243,25.0,39.3
4544,24,22,2,84.3,1716,1188,126,150535,185432,399961,89935,172,40,83.8,90.8
4545,24,22,3,62.7,1017,502,97,142794,185432,399961,89935,32,42,46.0,69.7
4546,24,22,4,93.3,823,431,45,173973,185432,399961,89935,59,72,44.5,48.5
4547,24,22,5,57.5,1646,1065,259,112548,185432,399961,89935,183,177,67.0,32.5
4548,24,22,6,68.9,693,450,139,171631,185432,399961,89935,29,73,48.5,53.9
4549,24,23,1,87.0,111530,58032,6574,20455072,21194483,43197623,9952338,3086,9971,69.6,55.5
4550,24,23,2,80.5,82990,59041,16938,20571023,21194483,43197623,9952338,4174,9652,62.7,20.9
4551,24,23,3,54.4,211004,167412,22142,16420338,21194483,43197623,9952338,17536,27062,47.8,44.9
4552,24,23,4,80.9,53533,33228,11269,16996002,21194483,43197623,9952338,2132,5088,16.5,63.2
4553,24,23,5,57.9,165978,128705,29693,18154041,21194483,43197623,9952338,26139,17230,66.8,77.1
4554,24,23,6,95.2,141632,126030,13083,16728413,21194483,43197623,9952338,20594,18046,30.5,81.2
4555,24,24,1,51.5,80037,39938,9638,8723508,9787578,24438165,3930084,8748,4034,73.9,57.9
4556,24,24,2,62.2,24605,12985,3094,7016850,9787578,24438165,3930084,2249,852,50.2,49.5
4557,24,24,3,77.5,110278,85202,14951,6566774,9787578,24438165,3930084,7929,14503,33.3,66.7
4558,24,24,4,63.5,57846,40288,4102,9169212,9787578,24438165,3930084,3465,2198,56.2,49.0
4559,24,24,5,72.0,52813,25759,7511,7923700,9787578,24438165,3930084,4503,1570,82.8,41.7
4560,24,24,6,57.9,112860,92983,17722,8599322,9787578,24438165,3930084,16424,11515,54.8,76.8
4561,24,25,1,52.3,7474,5415,1130,670929,1098821,2325561,564352,472,889,86.6,45.7
4562,24,25,2,43.0,5788,27048,1131,985727,1098821,2325561,564352,927,640,50.2,20.5
4563,24,25,3,61.2,10009,6332,1775,661809,1098821,2325561,564352,322,896,84.8,98.8
4564,24,25,4,79.5,8782,3734,802,773218,1098821,2325561,564352,463,361,39.4,49.0
4565,24,25,5,70.3,6639,5243,622,996679,1098821,2325561,564352,943,752,31.1,40.6
4566,24,25,6,95.7,4276,2961,751,956553,1098821,2325561,564352,494,234,52.9,83.6
4567,24,26,1,47.1,678660,410700,139542,56575182,67089532,139921470,29598344,33942,40545,32.5,70.9
4568,24,26,2,38.0,44152,146264,37697,64905843,67089532,139921470,29598344,22463,24390,53.7,64.7
4569,24,26,3,70.9,638730,335011,85255,62662869,67089532,139921470,29598344,69710,28976,53.3,33.8
4570,24,26,4,73.6,488606,361269,43230,45226017,67089532,139921470,29598344,38987,34296,40.0,40.3
4571,24,26,5,72.6,355833,193849,40547,53416370,67089532,139921470,29598344,19505,33316,49.4,49.1
4572,24,26,6,60.5,328446,178653,19415,59103335,67089532,139921470,29598344,35951,20019,32.4,62.4
4573,24,27,1,41.4,32271,15062,2668,4495628,5387871,12028499,2516529,1913,1598,48.3,73.0
4574,24,27,2,70.4,43131,32132,7119,5096480,5387871,12028499,2516529,1972,3067,57.8,62.5
4575,24,27,3,83.0,19943,17176,5306,4425112,5387871,12028499,2516529,3057,955,60.8,32.2
4576,24,27,4,95.5,55245,28055,7478,5210081,5387871,12028499,2516529,1902,3979,55.1,75.8
4577,24,27,5,52.0,36339,17666,6083,3268713,5387871,12028499,2516529,2781,2381,15.4,30.2
4578,24,27,6,90.3,31900,16315,3260,6613341,5387871,12028499,2516529,2950,1884,66.3,49.2
4579,24,28,1,40.0,214635,113076,18662,20509509,28021349,57279403,10070309,14285,16976,28.3,26.8
4580,24,28,2,80.0,157029,119565,40202,21915881,28021349,57279403,10070309,12109,7413,53.9,66.4
4581,24,28,3,93.2,205669,29511,16273,26249261,28021349,57279403,10070309,30620,14340,44.1,61.3
4582,24,28,4,94.0,246512,111511,20053,19113462,28021349,57279403,10070309,24269,10451,73.6,60.6
4583,24,28,5,72.2,256920,179748,52177,18701306,28021349,57279403,10070309,30595,18821,70.4,37.3
4584,24,28,6,46.1,265956,130551,20821,21672558,28021349,57279403,10070309,25958,19753,73.0,23.4
4585,24,29,1,71.1,88723,63661,17609,7326370,8513792,20324271,4483553,9701,9898,63.5,57.8
4586,24,29,2,64.4,44152,44727,13650,7116688,8513792,20324271,4483553,5807,6467,82.3,61.4
4587,24,29,3,49.1,67084,57631,12149,5483010,8513792,20324271,4483553,3736,5473,15.0,64.6
4588,24,29,4,86.1,35671,28792,3459,7218536,8513792,20324271,4483553,5976,3855,48.8,53.8
4589,24,29,5,81.2,36903,24432,6652,5710883,8513792,20324271,4483553,4107,4107,37.5,68.6
4590,24,29,6,86.1,24617,14223,3981,5775685,8513792,20324271,4483553,3144,2495,24.3,11.1
4591,24,30,1,91.1,36916,24383,6413,2572397,3284485,8262450,1593785,3526,4088,50.1,53.1
4592,24,30,2,88.9,29183,22515,7209,2563514,3284485,8262450,1593785,1459,2977,26.4,55.2
4593,24,30,3,93.9,21901,17360,5758,2812862,3284485,8262450,1593785,1492,918,48.2,70.0
4594,24,30,4,58.3,31493,13898,4320,3005550,3284485,8262450,1593785,2473,2018,49.9,52.7
4595,24,30,5,46.7,30809,26858,8173,6665596,3284485,8262450,1593785,3956,3362,31.6,30.1
4596,24,30,6,82.7,28234,21531,6123,2925998,3284485,8262450,1593785,3456,1496,60.0,57.3
4597,24,31,1,75.7,564,241,24,58497,81192,172164,29179,23,21,83.8,43.9
4598,24,31,2,95.9,449,263,88,69899,81192,172164,29179,23,47,27.5,80.2
4599,24,31,3,69.7,504,401,135,64905,81192,172164,29179,81,16,87.1,37.3
4600,24,31,4,81.2,409,362,77,69721,81192,172164,29179,85,13,24.4,55.3
4601,24,31,5,79.3,432,274,81,50099,81192,172164,29179,19,14,53.9,37.1
4602,24,31,6,69.1,486,335,104,6613341,81192,172164,29179,41,10,56.4,47.8
4603,24,32,1,36.9,3726,1689,396,6616824,387337,941404,161848,115,78,30.7,57.9
4604,24,32,2,93.5,816,617,194,259453,387337,941404,161848,73,33,36.1,60.1
4605,24,32,3,90.4,991,435,137,249807,387337,941404,161848,91,18,40.4,58.8
4606,24,32,4,72.9,1570,1045,136,334603,387337,941404,161848,98,108,27.1,50.9
4607,24,32,5,80.4,4184,2353,369,268011,387337,941404,161848,547,317,44.3,58.2
4608,24,32,6,92.1,1817,1090,215,237910,387337,941404,161848,149,122,50.9,92.6
4609,25,1,1,39.9,85310,61151,14525,12470977,14882287,30776176,6282094,11136,5057,50.8,38.1
4610,25,1,2,98.0,153131,108526,33084,13192466,14882287,30776176,6282094,12493,14834,50.2,34.0
4611,25,1,3,45.7,34283,16686,2342,11392747,14882287,30776176,6282094,2089,2214,78.2,29.7
4612,25,1,4,53.9,81993,44940,8291,11438485,14882287,30776176,6282094,8815,6872,67.6,0.0
4613,25,1,5,57.2,131158,116018,21890,6665596,14882287,30776176,6282094,10605,9192,51.4,45.9
4614,25,1,6,67.5,94201,59865,8162,13128679,14882287,30776176,6282094,11935,7753,62.3,43.3
4615,25,2,1,96.3,3460,2411,566,432271,468092,969276,155931,3581,125,47.1,100.0
4616,25,2,2,50.0,1773,1082,201,430060,468092,969276,155931,112,148,70.7,67.2
4617,25,2,3,44.6,2374,1298,224,362970,468092,969276,155931,205,171,86.8,23.2
4618,25,2,4,82.8,2111,1721,247,337081,468092,969276,155931,158,222,49.9,66.7
4619,25,2,5,83.2,1558,877,144,406930,468092,969276,155931,166,122,63.3,53.3
4620,25,2,6,60.8,2340,1570,256,291335,468092,969276,155931,152,264,52.7,74.9
4621,25,3,1,81.2,79387,46473,9967,8743522,9978213,20738077,4079337,9004,6533,44.8,16.4
4622,25,3,2,64.5,26256,16948,2226,7742025,9978213,20738077,4079337,865,1622,38.2,86.5
4623,25,3,3,92.9,95790,68902,10591,6678779,9978213,20738077,4079337,5787,2997,47.5,45.9
4624,25,3,4,65.0,47929,28779,5420,6208480,9978213,20738077,4079337,3403,3201,32.5,22.6
4625,25,3,5,51.7,61981,30551,5672,8806012,9978213,20738077,4079337,5437,4128,64.7,55.8
4626,25,3,6,83.6,44526,7414,1662,8071850,9978213,20738077,4079337,1001,451,22.9,74.3
4627,25,4,1,48.0,175197,77902,10096,26569707,33888873,72564095,14753540,11360,12090,64.8,24.4
4628,25,4,2,99.0,229495,180179,48250,6631720,33888873,72564095,14753540,43748,30069,42.8,37.5
4629,25,4,3,89.1,74363,36976,10826,20393496,33888873,72564095,14753540,7124,5311,74.8,34.4
4630,25,4,4,61.0,297062,263385,70575,27506352,33888873,72564095,14753540,23647,37518,84.7,70.9
4631,25,4,5,84.1,94113,61113,15933,32137322,33888873,72564095,14753540,13964,10653,31.9,18.1
4632,25,4,6,78.5,291877,195609,55029,29895803,33888873,72564095,14753540,47862,10270,41.3,64.9
4633,25,5,1,80.0,38450,16696,5524,5291748,7807686,17246906,2855736,2619,1015,45.2,36.1
4634,25,5,2,86.9,67038,35379,8533,6494421,7807686,17246906,2855736,6794,1465,63.3,65.9
4635,25,5,3,84.1,82612,72833,14285,7606428,7807686,17246906,2855736,10304,11070,39.6,62.4
4636,25,5,4,68.3,67139,28870,14468,6853264,7807686,17246906,2855736,4719,5550,54.1,25.7
4637,25,5,5,77.9,26146,19932,3225,6961473,7807686,17246906,2855736,3193,1415,38.9,40.2
4638,25,5,6,87.8,71515,47946,12691,7247639,7807686,17246906,2855736,6305,5107,0.0,73.0
4639,25,6,1,63.7,1272,642,155,358885,471618,932543,138915,40,76,61.2,45.3
4640,25,6,2,79.7,955,701,97,312617,471618,932543,138915,55,99,41.7,48.7
4641,25,6,3,66.8,2482,1242,430,438999,471618,932543,138915,67,167,43.8,60.0
4642,25,6,4,81.8,3960,2644,490,422950,471618,932543,138915,152,266,45.3,77.5
4643,25,6,5,81.9,3465,1417,167,384868,471618,932543,138915,350,87,34.1,46.0
4644,25,6,6,93.6,1570,1109,145,378270,471618,932543,138915,197,44,28.8,26.5
4645,25,7,1,86.5,78147,61046,13731,17293752,20059470,39726920,7298541,15001,9857,60.0,51.8
4646,25,7,2,87.6,44152,139187,28439,15028819,20059470,39726920,7298541,27339,11169,30.7,62.4
4647,25,7,3,77.9,192853,170990,28467,15372259,20059470,39726920,7298541,10707,9356,67.6,68.8
4648,25,7,4,70.2,94503,40068,10848,14525156,20059470,39726920,7298541,3510,6280,63.5,51.8
4649,25,7,5,70.6,47394,33534,4606,12692648,20059470,39726920,7298541,3159,5317,34.2,67.9
4650,25,7,6,72.8,133381,95862,31275,14066487,20059470,39726920,7298541,8637,8648,84.2,50.6
4651,25,8,1,86.5,46689,27599,5846,5742579,7323872,17419433,3830504,2868,843,59.2,67.6
4652,25,8,2,47.2,60906,42042,10486,7108199,7323872,17419433,3830504,10098,2543,65.8,53.5
4653,25,8,3,71.5,33806,28962,8971,7048027,7323872,17419433,3830504,5738,4166,23.0,70.9
4654,25,8,4,55.6,31657,27769,9151,4871096,7323872,17419433,3830504,5217,4948,53.8,56.0
4655,25,8,5,58.6,37871,23249,7365,6096322,7323872,17419433,3830504,4512,3828,42.3,40.9
4656,25,8,6,67.0,64861,57910,6877,5470202,7323872,17419433,3830504,4365,6479,61.8,87.8
4657,25,9,1,36.9,19771,12786,1937,1506410,1806766,4172727,765481,2140,2009,63.6,72.1
4658,25,9,2,40.3,18230,15251,2397,1362985,1806766,4172727,765481,2028,1336,51.5,72.3
4659,25,9,3,92.6,5650,4034,854,1290900,1806766,4172727,765481,282,523,54.9,44.0
4660,25,9,4,98.9,6337,3150,824,1136097,1806766,4172727,765481,605,379,53.4,68.0
4661,25,9,5,49.0,9688,4085,643,1706783,1806766,4172727,765481,996,353,57.1,60.2
4662,25,9,6,56.7,16339,13156,3186,1483351,1806766,4172727,765481,1483,1400,64.3,41.7
4663,25,10,1,58.8,32257,16498,3325,7625340,9705151,24039516,4093466,1210,2858,47.4,49.9
4664,25,10,2,91.1,81985,45005,9775,6631720,9705151,24039516,4093466,4724,1631,50.8,44.4
4665,25,10,3,52.3,109458,67957,11111,8365249,9705151,24039516,4093466,6338,5626,74.3,76.3
4666,25,10,4,68.1,43789,19548,4876,7381578,9705151,24039516,4093466,3421,1620,17.1,46.9
4667,25,10,5,51.5,58242,48470,16433,6315417,9705151,24039516,4093466,11681,6514,40.1,40.3
4668,25,10,6,72.6,76743,45412,12637,6134207,9705151,24039516,4093466,8981,2800,64.5,41.8
4669,25,11,1,83.0,164712,80271,24431,17858846,19638517,38042506,6642443,13773,13523,48.3,57.1
4670,25,11,2,71.7,100820,48913,14069,14535353,19638517,38042506,6642443,6268,6064,52.6,26.0
4671,25,11,3,54.0,76862,48706,5353,16098654,19638517,38042506,6642443,10748,4514,11.7,53.5
4672,25,11,4,72.3,95506,65930,21941,14922196,19638517,38042506,6642443,4253,8448,36.7,41.4
4673,25,11,5,83.9,155723,83858,21874,18543267,19638517,38042506,6642443,11177,8521,64.3,69.4
4674,25,11,6,42.4,183012,89127,29537,14240496,19638517,38042506,6642443,7919,6588,62.2,65.8
4675,25,12,1,62.4,36467,15927,5274,7256153,9874354,20902253,3668883,2302,1359,22.1,42.6
4676,25,12,2,39.8,62595,28943,7963,8178071,9874354,20902253,3668883,2540,1167,72.4,60.7
4677,25,12,3,57.3,19930,14305,2754,7240940,9874354,20902253,3668883,2311,452,59.1,36.8
4678,25,12,4,75.1,20963,15434,3105,6669771,9874354,20902253,3668883,973,2444,85.5,89.2
4679,25,12,5,36.1,72863,49496,13277,6321915,9874354,20902253,3668883,9331,2385,60.5,74.1
4680,25,12,6,80.9,63623,45333,4693,8644769,9874354,20902253,3668883,2575,5431,33.5,53.6
4681,25,13,1,56.0,130437,100476,27284,18144389,22301846,47811734,10678574,18193,16296,67.9,42.1
4682,25,13,2,79.8,67065,38755,4056,19818387,22301846,47811734,10678574,8216,5404,45.1,83.7
4683,25,13,3,71.3,207159,180906,27791,19574276,22301846,47811734,10678574,12046,13739,83.4,43.4
4684,25,13,4,41.4,79626,43136,5367,16414287,22301846,47811734,10678574,3439,4365,60.2,26.1
4685,25,13,5,81.3,53947,44081,5496,13930991,22301846,47811734,10678574,9426,6050,37.4,8.1
4686,25,13,6,70.7,139720,29102,31558,14466438,22301846,47811734,10678574,15091,7547,0.0,82.6
4687,25,14,1,49.0,214196,115977,36884,27265445,31115820,75745819,15813705,6411,14849,69.3,62.4
4688,25,14,2,48.3,180367,141626,43412,20087410,31115820,75745819,15813705,24911,13250,55.8,51.0
4689,25,14,3,43.1,253199,143785,41551,27189244,31115820,75745819,15813705,25053,10326,33.5,65.8
4690,25,14,4,63.1,142821,84767,19620,21545864,31115820,75745819,15813705,4833,3634,55.3,55.3
4691,25,14,5,70.5,356759,150111,26193,29208366,31115820,75745819,15813705,27375,5747,36.4,43.2
4692,25,14,6,92.3,178523,146167,22057,19940000,31115820,75745819,15813705,34251,23460,19.7,75.4
4693,25,15,1,93.2,8628,5064,566,529726,858597,1743987,265811,999,174,23.1,45.0
4694,25,15,2,80.6,9128,6077,842,661551,858597,1743987,265811,1246,671,32.5,72.9
4695,25,15,3,51.7,9254,6417,1664,833239,858597,1743987,265811,534,738,41.7,22.8
4696,25,15,4,82.9,8794,4954,700,702024,858597,1743987,265811,481,519,22.2,24.0
4697,25,15,5,78.9,5177,4217,1404,617071,858597,1743987,265811,893,475,67.3,88.3
4698,25,15,6,81.5,7874,5370,1613,694346,858597,1743987,265811,290,899,78.3,43.8
4699,25,16,1,87.8,4304,3278,442,696372,958768,1870294,444832,751,130,80.0,23.0
4700,25,16,2,87.8,5138,2151,366,658350,958768,1870294,444832,331,232,26.5,50.7
4701,25,16,3,92.5,4114,3238,437,632895,958768,1870294,444832,325,434,37.0,73.9
4702,25,16,4,62.3,7893,6710,715,6690069,958768,1870294,444832,610,375,33.6,49.6
4703,25,16,5,52.8,7770,28710,476,829898,958768,1870294,444832,991,765,82.2,48.5
4704,25,16,6,91.4,6282,4038,1001,917197,958768,1870294,444832,912,525,14.5,66.0
4705,25,17,1,74.4,3565,1887,532,245363,303061,747610,109458,249,200,69.7,45.5
4706,25,17,2,88.5,2855,1489,281,218817,303061,747610,109458,84,263,45.3,75.9
4707,25,17,3,96.3,3255,2241,473,214821,303061,747610,109458,195,299,53.0,70.5
4708,25,17,4,90.5,741,342,52,213234,303061,747610,109458,31,43,34.6,56.0
4709,25,17,5,36.1,2878,2574,436,261485,303061,747610,109458,205,413,86.3,63.8
4710,25,17,6,71.7,3129,1707,479,232635,303061,747610,109458,164,255,43.0,74.4
4711,25,18,1,35.5,5072,2294,597,554781,629008,1267406,190747,502,174,17.4,93.0
4712,25,18,2,51.8,6335,3167,926,398488,629008,1267406,190747,772,415,50.3,54.5
4713,25,18,3,64.5,3357,1426,144,578691,629008,1267406,190747,226,93,31.8,23.6
4714,25,18,4,90.3,3036,1739,578,606308,629008,1267406,190747,299,82,43.8,9.7
4715,25,18,5,95.8,3819,2083,332,434586,629008,1267406,190747,516,72,62.5,58.0
4716,25,18,6,97.8,2926,1387,188,538430,629008,1267406,190747,299,168,47.0,57.4
4717,25,19,1,72.7,40925,34489,4424,12653985,13200758,27610450,6046428,4107,5645,48.4,50.5
4718,25,19,2,47.3,94922,67169,8079,10836693,13200758,27610450,6046428,6030,9652,29.4,57.1
4719,25,19,3,90.8,62633,37640,12162,12518961,13200758,27610450,6046428,5552,6226,82.1,100.0
4720,25,19,4,35.3,128475,60919,7895,8527619,13200758,27610450,6046428,13574,6570,43.4,54.7
4721,25,19,5,80.6,132821,55895,10359,10589748,13200758,27610450,6046428,6535,5557,33.4,59.0
4722,25,19,6,93.6,82068,38846,7022,8106940,13200758,27610450,6046428,3605,4283,49.9,20.7
4723,25,20,1,70.0,78002,33230,4855,5302612,7341841,17762089,3251802,8242,2750,13.8,55.2
4724,25,20,2,84.8,31331,12762,1787,4573775,7341841,17762089,3251802,2619,1597,19.4,72.2
4725,25,20,3,90.4,72986,63989,7791,6173559,7341841,17762089,3251802,3932,3138,56.4,72.8
4726,25,20,4,64.6,69749,58859,13355,6819211,7341841,17762089,3251802,14299,5562,27.9,69.6
4727,25,20,5,65.8,81256,69366,8908,4769514,7341841,17762089,3251802,15942,11346,95.8,33.5
4728,25,20,6,83.6,51131,45670,8123,6328066,7341841,17762089,3251802,2773,2676,49.9,57.9
4729,25,21,1,43.6,127700,71628,9937,13838911,19901283,49575788,10798880,7500,9499,41.0,27.7
4730,25,21,2,69.3,171826,145319,43999,14583060,19901283,49575788,10798880,28467,24134,31.2,49.2
4731,25,21,3,64.6,82481,60313,7922,6585097,19901283,49575788,10798880,14720,3302,73.3,71.2
4732,25,21,4,69.7,164252,86339,9314,13132216,19901283,49575788,10798880,20254,7844,56.6,33.8
4733,25,21,5,94.3,154515,71167,17549,12656780,19901283,49575788,10798880,8716,3565,24.4,73.4
4734,25,21,6,79.9,145707,67170,21722,15661699,19901283,49575788,10798880,6165,7218,62.4,61.5
4735,25,22,1,61.8,1260,1034,261,121005,177560,386647,75655,102,61,18.8,46.3
4736,25,22,2,96.8,1375,1072,253,126329,177560,386647,75655,111,148,50.2,64.1
4737,25,22,3,85.1,1657,29511,159,166112,177560,386647,75655,165,85,34.8,69.2
4738,25,22,4,85.3,534,214,57,107233,177560,386647,75655,39,21,67.4,15.3
4739,25,22,5,53.2,609,379,68,134016,177560,386647,75655,56,54,55.6,71.1
4740,25,22,6,77.4,383,316,102,153476,177560,386647,75655,35,11,59.9,100.0
4741,25,23,1,88.6,185603,136376,40588,14604487,22889733,45838207,7639732,15323,23787,80.6,46.6
4742,25,23,2,47.0,196620,122983,35774,15754170,22889733,45838207,7639732,18126,10472,50.1,75.5
4743,25,23,3,35.1,95404,70027,18517,14746677,22889733,45838207,7639732,3521,10697,34.7,27.0
4744,25,23,4,96.3,94767,58977,6704,6690069,22889733,45838207,7639732,7431,5901,42.0,88.3
4745,25,23,5,71.5,145792,130701,34416,22387042,22889733,45838207,7639732,31884,14246,52.5,54.9
4746,25,23,6,58.8,119602,71441,19973,22145718,22889733,45838207,7639732,11013,10203,49.9,58.3
4747,25,24,1,85.5,52914,35958,11104,7315070,11343643,24164078,3796251,3967,5114,39.8,22.1
4748,25,24,2,76.6,35314,17100,2764,8031760,11343643,24164078,3796251,2001,2912,9.2,48.6
4749,25,24,3,40.3,53509,33484,5896,8892287,11343643,24164078,3796251,6859,5719,48.7,61.9
4750,25,24,4,85.1,44693,35833,10669,9062555,11343643,24164078,3796251,6998,6150,61.5,80.5
4751,25,24,5,59.6,25407,11312,3590,7664544,11343643,24164078,3796251,1974,1956,53.3,50.8
4752,25,24,6,47.4,101325,59682,14504,8162208,11343643,24164078,3796251,3506,6238,55.2,51.1
4753,25,25,1,66.75,10181,5709,1264,931336,1097028,2431846,512487,739,533,46.9,16.8
4754,25,25,2,61.6,44152,4242,611,1041494,1097028,2431846,512487,1023,762,72.1,60.6
4755,25,25,3,58.5,3383,1889,500,924115,1097028,2431846,512487,122,193,84.4,68.0
4756,25,25,4,58.2,9855,5177,1697,1054127,1097028,2431846,512487,1032,749,58.8,55.3
4757,25,25,5,52.8,5847,4401,1459,974412,1097028,2431846,512487,297,732,42.2,83.4
4758,25,25,6,35.7,4735,2600,511,1028254,1097028,2431846,512487,173,442,29.9,69.1
4759,25,26,1,42.8,378430,234918,33672,40480741,57597114,134113630,31576624,17089,32239,46.6,46.6
4760,25,26,2,74.6,151013,128252,36274,53920835,57597114,134113630,31576624,29901,13644,36.4,70.4
4761,25,26,3,97.0,353272,278622,82012,53512739,57597114,134113630,31576624,64383,14911,51.7,60.8
4762,25,26,4,98.5,504662,324437,35144,41736451,57597114,134113630,31576624,29777,46048,52.7,88.1
4763,25,26,5,47.5,137023,80933,24189,38361022,57597114,134113630,31576624,13209,9345,22.2,20.2
4764,25,26,6,85.1,549621,448679,156726,35956322,57597114,134113630,31576624,108055,62001,43.4,68.3
4765,25,27,1,43.7,16230,12018,1247,5151609,5862948,11121820,2668002,2652,1483,44.0,66.9
4766,25,27,2,65.6,25358,14008,2905,5660641,5862948,11121820,2668002,1739,1844,52.2,77.9
4767,25,27,3,93.7,13667,8410,2659,5262142,5862948,11121820,2668002,775,321,56.8,62.1
4768,25,27,4,56.2,56645,45166,8401,5220121,5862948,11121820,2668002,7183,4535,67.3,47.7
4769,25,27,5,64.5,34144,28706,6547,3553073,5862948,11121820,2668002,4596,4402,67.9,60.8
4770,25,27,6,54.4,22806,12504,1721,4363534,5862948,11121820,2668002,978,1862,56.0,85.4
4771,25,28,1,56.3,45262,129377,39516,19969915,25696384,60668177,13717836,30525,13476,19.6,56.9
4772,25,28,2,75.7,164094,85051,19101,18065395,25696384,60668177,13717836,7322,14046,26.0,6.4
4773,25,28,3,52.9,245861,120021,41879,24259048,25696384,60668177,13717836,26188,17762,58.8,77.0
4774,25,28,4,71.4,282445,156275,38381,16063511,25696384,60668177,13717836,15749,24350,43.6,22.2
4775,25,28,5,51.5,274568,244057,41601,15670044,25696384,60668177,13717836,17767,20177,50.2,49.1
4776,25,28,6,49.3,72518,65068,11441,17404260,25696384,60668177,13717836,7908,6615,45.4,84.0
4777,25,29,1,39.9,42793,21841,6757,8013620,9832903,19540207,3053653,5047,3401,59.1,27.6
4778,25,29,2,70.9,87117,45148,7570,7850571,9832903,19540207,3053653,11190,5089,62.8,74.8
4779,25,29,3,62.7,71279,60341,18303,9264594,9832903,19540207,3053653,14993,10417,76.3,39.3
4780,25,29,4,64.8,26118,18503,5105,9173022,9832903,19540207,3053653,2258,1689,74.5,44.8
4781,25,29,5,96.7,69545,51462,14947,8600124,9832903,19540207,3053653,9350,3030,56.1,60.6
4782,25,29,6,56.7,39224,22013,2728,7028832,9832903,19540207,3053653,2023,3930,76.8,34.4
4783,25,30,1,38.4,40318,27402,3953,2828826,4001698,7631173,1224819,3289,3612,68.8,66.2
4784,25,30,2,44.2,19151,11005,2491,3837278,4001698,7631173,1224819,2461,798,56.5,54.3
4785,25,30,3,62.9,9076,7577,1164,2756750,4001698,7631173,1224819,1876,411,8.1,86.9
4786,25,30,4,92.4,40602,31080,10318,3444720,4001698,7631173,1224819,6463,2266,47.8,38.5
4787,25,30,5,60.6,9990,8560,2493,3378048,4001698,7631173,1224819,1818,1406,59.0,47.5
4788,25,30,6,51.8,18048,8349,2373,3904705,4001698,7631173,1224819,430,1249,69.0,75.3
4789,25,31,1,82.9,258,146,17,81057,86064,169882,26712,16,14,48.7,53.2
4790,25,31,2,68.4,830,27048,163,6631720,86064,169882,26712,63,89,46.1,35.0
4791,25,31,3,88.9,692,543,91,59391,86064,169882,26712,37,78,51.4,44.7
4792,25,31,4,53.1,653,510,72,57609,86064,169882,26712,57,42,32.6,8.2
4793,25,31,5,36.1,798,657,154,70732,86064,169882,26712,160,23,71.9,56.1
4794,25,31,6,92.8,292,235,36,53073,86064,169882,26712,35,38,49.4,10.5
4795,25,32,1,55.7,1072,573,85,291167,370724,828524,208247,126,30,43.2,90.0
4796,25,32,2,38.6,3538,2711,385,292683,370724,828524,208247,308,278,72.6,54.1
4797,25,32,3,78.6,4121,3201,988,299691,370724,828524,208247,540,414,31.3,47.4
4798,25,32,4,80.7,2207,1029,170,271918,370724,828524,208247,230,68,65.5,84.4
4799,25,32,5,83.0,4406,2423,761,314233,370724,828524,208247,318,164,54.2,59.1
4800,25,32,6,67.85,3311,2072,439,256905,370724,828524,208247,469,288,80.0,58.3
4801,26,1,1,89.9,87284,54368,15980,14146622,15492444,29779606,5250012,12109,4824,34.0,34.9
4802,26,1,2,49.2,115389,86435,22415,10283332,15492444,29779606,5250012,15625,3552,52.3,42.1
4803,26,1,3,68.7,91767,78201,18320,14202208,15492444,29779606,5250012,13049,12587,57.2,84.9
4804,26,1,4,41.9,38480,27608,5666,9384182,15492444,29779606,5250012,4336,4500,49.9,61.7
4805,26,1,5,97.9,118526,64575,20462,10562587,15492444,29779606,5250012,5706,7303,44.0,83.8
4806,26,1,6,95.7,42680,27317,7598,15079448,15492444,29779606,5250012,3960,2005,58.1,68.1
4807,26,2,1,78.5,1589,1065,170,306813,455535,992678,134722,264,52,50.6,38.1
4808,26,2,2,44.3,804,339,104,406830,455535,992678,134722,66,46,80.5,51.3
4809,26,2,3,66.6,4411,2166,541,329272,455535,992678,134722,428,170,49.0,55.9
4810,26,2,4,37.4,3674,1876,202,404248,455535,992678,134722,158,272,22.9,29.1
4811,26,2,5,52.3,2229,942,164,442300,455535,992678,134722,128,76,3.1,50.8
4812,26,2,6,55.6,4465,2378,566,334591,455535,992678,134722,245,260,43.0,56.1
4813,26,3,1,45.9,106152,87810,12798,6253464,9576864,20313805,3443950,13296,10943,40.4,70.5
4814,26,3,2,61.2,80715,44595,10191,8400969,9576864,20313805,3443950,3228,7673,78.3,36.7
4815,26,3,3,78.1,44256,34835,10993,9140100,9576864,20313805,3443950,3356,3251,55.0,43.0
4816,26,3,4,87.7,37474,31892,5005,8632201,9576864,20313805,3443950,5555,2023,50.8,48.3
4817,26,3,5,54.8,92168,76757,13696,8777930,9576864,20313805,3443950,10215,10720,7.5,57.2
4818,26,3,6,78.3,58037,40873,9767,6301210,9576864,20313805,3443950,6760,4052,38.1,85.7
4819,26,4,1,60.9,203701,182357,18993,27139642,30848650,75051265,16793749,27361,20595,34.2,66.7
4820,26,4,2,78.7,303460,169257,47439,28021883,30848650,75051265,16793749,41081,23687,47.9,43.8
4821,26,4,3,65.0,165003,74169,24270,18829845,30848650,75051265,16793749,4602,2497,35.5,63.6
4822,26,4,4,45.1,260478,209174,23004,28949553,30848650,75051265,16793749,27903,18213,77.0,66.8
4823,26,4,5,66.4,93231,71260,13834,22803448,30848650,75051265,16793749,6993,7562,39.5,62.4
4824,26,4,6,35.5,176210,124859,34209,19292496,30848650,75051265,16793749,13703,12167,43.6,78.6
4825,26,5,1,60.8,73212,54257,13134,5447885,7340442,18324455,3011851,9688,9650,84.7,64.6
4826,26,5,2,59.0,23911,13294,3389,6308916,7340442,18324455,3011851,675,1958,65.8,63.6
4827,26,5,3,83.8,35739,30338,3669,4750694,7340442,18324455,3011851,3368,1986,83.5,59.7
4828,26,5,4,88.4,57601,37700,10961,4530165,7340442,18324455,3011851,8573,5070,42.6,56.3
4829,26,5,5,97.9,84491,54925,7015,6666921,7340442,18324455,3011851,6340,7194,35.1,74.8
4830,26,5,6,38.6,33518,27302,3294,5883959,7340442,18324455,3011851,3950,2194,51.9,47.8
4831,26,6,1,64.3,3175,1551,525,415240,426272,918796,130270,334,181,50.5,40.3
4832,26,6,2,57.1,2016,965,115,315881,426272,918796,130270,52,171,60.8,70.8
4833,26,6,3,79.4,4055,1921,375,293347,426272,918796,130270,206,184,32.9,65.2
4834,26,6,4,91.5,3330,1590,322,291174,426272,918796,130270,166,231,53.6,47.8
4835,26,6,5,44.9,1890,1471,162,263494,426272,918796,130270,169,178,35.5,83.4
4836,26,6,6,43.0,855,29102,79,351619,426272,918796,130270,39,71,48.6,49.0
4837,26,7,1,72.4,150474,76674,23549,14445820,20075432,43755821,8807894,6375,5056,26.7,19.6
4838,26,7,2,95.9,81853,70667,15552,12815801,20075432,43755821,8807894,12252,12407,45.5,55.2
4839,26,7,3,55.6,47803,85037,15689,17613972,20075432,43755821,8807894,18893,11998,44.2,71.3
4840,26,7,4,72.6,59818,32505,9353,17060915,20075432,43755821,8807894,7717,5672,39.0,52.1
4841,26,7,5,47.3,143999,112907,23263,13068151,20075432,43755821,8807894,12962,7559,41.9,93.7
4842,26,7,6,62.9,136977,85227,23429,14224350,20075432,43755821,8807894,18639,7624,43.1,46.3
4843,26,8,1,94.2,79943,60830,7705,4746375,7609913,16835145,3729779,7322,6615,24.0,48.9
4844,26,8,2,82.6,81116,47451,7482,6984226,7609913,16835145,3729779,3754,1508,50.2,23.4
4845,26,8,3,97.7,26054,10920,2584,7295645,7609913,16835145,3729779,1994,1611,48.5,52.8
4846,26,8,4,46.5,32007,25740,4449,7342700,7609913,16835145,3729779,6423,3090,61.6,45.8
4847,26,8,5,96.0,46447,41044,8844,5483066,7609913,16835145,3729779,2438,3450,46.2,63.0
4848,26,8,6,91.7,72431,55723,8093,4781156,7609913,16835145,3729779,11988,4018,35.9,76.6
4849,26,9,1,75.8,20730,13288,1521,1381081,2006595,4146810,920457,1901,1785,11.9,69.5
4850,26,9,2,49.5,21621,11084,1558,1224349,2006595,4146810,920457,704,646,55.2,75.6
4851,26,9,3,69.3,20829,12244,1600,1226022,2006595,4146810,920457,798,1523,52.8,54.8
4852,26,9,4,72.0,16840,10558,3554,1764053,2006595,4146810,920457,832,964,66.4,43.9
4853,26,9,5,36.4,18812,16138,4537,1353457,2006595,4146810,920457,1955,1082,65.6,61.0
4854,26,9,6,95.1,7912,4570,1531,1299755,2006595,4146810,920457,388,268,53.7,30.8
4855,26,10,1,60.6,27834,13408,2979,9641226,10674479,21328593,3760829,1469,1437,76.7,60.2
4856,26,10,2,52.1,86266,54809,10111,10399071,10674479,21328593,3760829,7035,5776,51.9,79.5
4857,26,10,3,60.4,110773,64580,7102,8012114,10674479,21328593,3760829,10610,10966,57.6,27.0
4858,26,10,4,58.0,55917,34889,5766,8403995,10674479,21328593,3760829,3096,4479,24.9,67.4
4859,26,10,5,68.3,24678,15199,1743,7484537,10674479,21328593,3760829,1458,2379,36.1,83.2
4860,26,10,6,36.7,78088,37631,7589,8526434,10674479,21328593,3760829,2164,3635,70.0,100.0
4861,26,11,1,82.9,187230,86284,19842,15765040,20095092,38563316,8688230,18434,4784,55.9,61.9
4862,26,11,2,88.9,36002,17047,1863,15754607,20095092,38563316,8688230,2883,1566,76.4,39.6
4863,26,11,3,39.2,159944,82812,27462,18949615,20095092,38563316,8688230,13056,9157,44.5,41.5
4864,26,11,4,77.0,169838,104406,31816,15912580,20095092,38563316,8688230,6307,14874,63.8,62.0
4865,26,11,5,47.3,77840,53311,15017,18066493,20095092,38563316,8688230,5819,9487,54.2,43.1
4866,26,11,6,88.8,39156,32048,9538,14661593,20095092,38563316,8688230,3906,3871,62.8,66.9
4867,26,12,1,67.1,86813,75723,10369,7143232,9300584,20865153,4168734,9965,9553,58.0,74.1
4868,26,12,2,74.3,78338,52022,14929,5859066,9300584,20865153,4168734,3100,7787,24.6,68.7
4869,26,12,3,82.7,32676,14886,2438,5726670,9300584,20865153,4168734,2942,1096,57.0,71.5
4870,26,12,4,48.1,93520,67093,13511,6722189,9300584,20865153,4168734,8329,4355,37.7,55.7
4871,26,12,5,93.5,67332,52550,5544,6796019,9300584,20865153,4168734,5127,1934,60.6,100.0
4872,26,12,6,96.3,71052,50536,5114,8267092,9300584,20865153,4168734,6707,2992,44.0,13.7
4873,26,13,1,79.7,67794,29447,11684,17117301,23796108,51470864,10209889,3132,3466,49.6,36.5
4874,26,13,2,46.5,130681,95527,13666,17388227,23796108,51470864,10209889,13351,16627,46.8,64.1
4875,26,13,3,90.4,83593,68388,13119,17603136,23796108,51470864,10209889,10319,12135,55.7,61.9
4876,26,13,4,58.4,117248,89700,27345,17911740,23796108,51470864,10209889,20484,12166,75.8,65.4
4877,26,13,5,96.2,74467,58323,15020,21396123,23796108,51470864,10209889,13371,8078,47.5,95.4
4878,26,13,6,49.3,56788,23177,4291,19902780,23796108,51470864,10209889,3851,2675,79.6,40.0
4879,26,14,1,95.7,234724,171172,32789,26359921,33701860,73666429,16307555,36032,10594,20.0,70.9
4880,26,14,2,68.9,127616,95987,25598,31567437,33701860,73666429,16307555,3454,12044,60.2,14.2
4881,26,14,3,93.1,147956,59855,7845,27275839,33701860,73666429,16307555,6521,4671,70.8,78.6
4882,26,14,4,66.2,260254,143874,38065,32136181,33701860,73666429,16307555,26160,14400,2.0,44.5
4883,26,14,5,92.0,120372,77972,25273,6665596,33701860,73666429,16307555,9709,3980,51.8,51.4
4884,26,14,6,93.5,336889,276740,58878,6613341,33701860,73666429,16307555,55686,18463,41.6,71.5
4885,26,15,1,83.5,2069,29447,301,719397,751309,1845581,399016,307,245,38.2,88.7
4886,26,15,2,55.7,1760,1480,255,478476,751309,1845581,399016,221,149,45.5,68.6
4887,26,15,3,55.6,8210,4685,679,497411,751309,1845581,399016,745,321,61.2,56.4
4888,26,15,4,91.4,8958,28870,949,672438,751309,1845581,399016,1071,517,24.0,82.9
4889,26,15,5,71.5,7398,4920,718,626659,751309,1845581,399016,850,384,32.3,34.0
4890,26,15,6,65.2,7083,4727,925,618850,751309,1845581,399016,836,617,64.6,72.0
4891,26,16,1,65.5,1714,1307,310,630294,861803,2025770,303604,307,154,63.4,94.9
4892,26,16,2,63.7,2279,1767,604,731887,861803,2025770,303604,299,244,69.8,35.7
4893,26,16,3,93.1,4335,2266,730,589868,861803,2025770,303604,386,191,70.9,65.2
4894,26,16,4,78.5,9515,8166,1547,534264,861803,2025770,303604,838,397,56.7,40.9
4895,26,16,5,45.9,5193,3596,1169,735670,861803,2025770,303604,560,228,37.1,70.8
4896,26,16,6,87.9,3481,1523,472,659143,861803,2025770,303604,330,224,14.5,53.2
4897,26,17,1,73.1,2110,1472,330,262416,293168,734362,157280,166,59,42.1,68.3
4898,26,17,2,55.7,44152,1569,446,185956,293168,734362,157280,199,279,42.5,46.6
4899,26,17,3,91.7,3023,1748,469,230006,293168,734362,157280,205,200,46.2,73.3
4900,26,17,4,61.0,3225,1760,228,189846,293168,734362,157280,403,99,55.2,45.5
4901,26,17,5,93.6,927,460,100,239086,293168,734362,157280,54,16,45.8,79.7
4902,26,17,6,66.1,2321,1196,185,283535,293168,734362,157280,74,141,58.2,45.2
4903,26,18,1,37.4,4157,3043,1023,331420,535513,1273163,176824,563,482,57.5,42.5
4904,26,18,2,62.4,4387,3188,415,6631720,535513,1273163,176824,345,548,37.8,58.9
4905,26,18,3,76.4,1769,1474,190,491521,535513,1273163,176824,3693,188,62.9,52.1
4906,26,18,4,36.0,2043,1440,384,509506,535513,1273163,176824,288,204,36.8,37.4
4907,26,18,5,75.0,2118,1803,624,495069,535513,1273163,176824,271,109,39.0,100.0
4908,26,18,6,42.4,3929,3249,965,338791,535513,1273163,176824,552,158,53.4,49.9
4909,26,19,1,98.8,113694,60409,19876,7312422,11773552,29140813,6300690,5587,8796,50.2,54.6
4910,26,19,2,62.1,114291,56298,6380,6631720,11773552,29140813,6300690,9249,6627,56.1,70.4
4911,26,19,3,63.2,47222,30458,10474,10619209,11773552,29140813,6300690,4022,1713,25.3,74.8
4912,26,19,4,75.3,64426,40785,14151,11500919,11773552,29140813,6300690,4770,6170,84.1,47.2
4913,26,19,5,86.4,127545,101560,11152,10449590,11773552,29140813,6300690,7360,17612,9.2,59.0
4914,26,19,6,42.8,66799,30112,10411,10645640,11773552,29140813,6300690,3859,3710,33.2,59.9
4915,26,20,1,67.1,77533,41340,13184,5547248,8532376,18475290,2425611,8249,4611,66.6,58.8
4916,26,20,2,63.2,61114,25120,6946,7344847,8532376,18475290,2425611,2540,2331,25.4,33.2
4917,26,20,3,57.3,60510,37256,11070,6515511,8532376,18475290,2425611,2452,1158,21.1,53.1
4918,26,20,4,81.9,43458,37318,11743,7845806,8532376,18475290,2425611,4670,1225,63.9,44.9
4919,26,20,5,61.9,64209,48420,5003,7441525,8532376,18475290,2425611,4328,3624,48.1,58.8
4920,26,20,6,89.3,71375,49351,13997,6582016,8532376,18475290,2425611,2966,7528,57.6,40.4
4921,26,21,1,56.1,143996,107539,25358,14823784,21756685,46797329,9837368,24034,17258,16.5,18.3
4922,26,21,2,68.0,119507,76591,18924,16497028,21756685,46797329,9837368,7614,2483,37.9,54.2
4923,26,21,3,84.2,168304,135612,22735,15642937,21756685,46797329,9837368,23891,13115,52.3,32.3
4924,26,21,4,83.4,119710,76698,20851,13896313,21756685,46797329,9837368,8327,3962,57.0,43.2
4925,26,21,5,45.7,46096,30332,9596,14137720,21756685,46797329,9837368,6096,4790,70.7,76.7
4926,26,21,6,41.7,187063,86166,10372,15620565,21756685,46797329,9837368,6173,7270,55.3,100.0
4927,26,22,1,45.4,2053,910,270,154590,179093,398503,85261,152,41,50.4,43.2
4928,26,22,2,80.3,1541,627,141,129529,179093,398503,85261,97,55,68.5,22.0
4929,26,22,3,85.7,1763,859,174,113600,179093,398503,85261,98,89,29.6,16.4
4930,26,22,4,73.3,1877,980,295,115474,179093,398503,85261,104,71,84.9,67.6
4931,26,22,5,77.9,607,409,50,150903,179093,398503,85261,64,48,41.3,30.7
4932,26,22,6,36.8,1681,933,219,167860,179093,398503,85261,190,117,60.5,31.7
4933,26,23,1,89.3,145260,130361,42487,21984500,22808753,48433939,7391473,8166,13161,78.5,67.0
4934,26,23,2,81.5,215455,157158,28977,19380781,22808753,48433939,7391473,19722,20953,63.9,56.2
4935,26,23,3,92.0,82336,69860,16832,18832832,22808753,48433939,7391473,3726,2744,32.3,61.5
4936,26,23,4,53.9,230644,185908,42683,17370476,22808753,48433939,7391473,27305,9941,22.4,56.3
4937,26,23,5,94.0,85638,75632,12334,15728169,22808753,48433939,7391473,16188,5340,41.9,43.8
4938,26,23,6,74.8,106668,61329,20970,6613341,22808753,48433939,7391473,6419,9809,57.3,59.4
4939,26,24,1,61.9,113065,60929,14188,7652650,9852953,23548028,3882875,6794,2630,50.7,99.6
4940,26,24,2,64.8,39294,25635,7892,7575615,9852953,23548028,3882875,3536,1450,54.1,62.7
4941,26,24,3,51.8,23816,21114,6599,8321495,9852953,23548028,3882875,2779,3578,21.0,39.3
4942,26,24,4,53.3,116808,68340,20595,9294988,9852953,23548028,3882875,13854,2255,62.7,35.7
4943,26,24,5,57.9,92102,73100,21988,6492839,9852953,23548028,3882875,17619,3692,34.0,43.9
4944,26,24,6,98.4,34834,17157,1908,6514418,9852953,23548028,3882875,3697,1183,49.3,28.3
4945,26,25,1,56.0,3696,3084,841,669812,1111006,2431102,478709,318,374,64.5,95.4
4946,26,25,2,95.7,5533,4585,493,954288,1111006,2431102,478709,567,185,29.8,55.5
4947,26,25,3,93.7,11104,8383,1417,966503,1111006,2431102,478709,1733,1180,41.6,33.9
4948,26,25,4,42.4,3549,2933,738,831400,1111006,2431102,478709,537,172,57.5,67.8
4949,26,25,5,96.9,10330,6053,718,773036,1111006,2431102,478709,1305,483,48.8,63.9
4950,26,25,6,58.4,3450,1830,416,6613341,1111006,2431102,478709,326,254,30.9,64.4
4951,26,26,1,59.5,687138,418861,96432,40652066,61826635,144482147,18625368,74912,64626,21.0,50.9
4952,26,26,2,55.6,669654,597393,84470,53657756,61826635,144482147,18625368,91366,40344,24.9,67.6
4953,26,26,3,63.8,431306,323217,62798,50742817,61826635,144482147,18625368,76840,42156,73.8,58.9
4954,26,26,4,97.9,129438,62211,17728,44819729,61826635,144482147,18625368,11007,8807,27.2,55.3
4955,26,26,5,78.3,407802,301810,56575,60470122,61826635,144482147,18625368,19846,25153,48.9,77.3
4956,26,26,6,38.5,393051,301928,32104,48327101,61826635,144482147,18625368,42932,45046,31.7,59.5
4957,26,27,1,57.0,18041,13902,3988,3179865,4831660,11042700,2716943,733,2019,55.3,62.6
4958,26,27,2,71.6,20401,8720,2262,3070488,4831660,11042700,2716943,468,526,54.1,27.2
4959,26,27,3,86.9,52995,29665,10100,3367713,4831660,11042700,2716943,3493,5181,46.4,18.0
4960,26,27,4,48.8,47425,22294,3340,3884104,4831660,11042700,2716943,5244,2973,74.6,66.8
4961,26,27,5,91.2,22533,16366,4077,4630394,4831660,11042700,2716943,1562,2412,31.1,50.3
4962,26,27,6,84.5,15908,10058,2180,4113704,4831660,11042700,2716943,913,1603,69.4,25.7
4963,26,28,1,61.7,126733,87824,20302,19738137,26456801,62081390,11804927,15432,12489,32.3,58.7
4964,26,28,2,68.3,153879,62976,20647,18338032,26456801,62081390,11804927,13324,7325,33.6,39.8
4965,26,28,3,64.1,51452,29926,8073,22981042,26456801,62081390,11804927,4637,2002,33.7,53.6
4966,26,28,4,56.6,278656,131365,17762,6690069,26456801,62081390,11804927,28234,15244,49.9,38.3
4967,26,28,5,40.9,131255,81566,22254,17322031,26456801,62081390,11804927,11016,7070,65.0,51.6
4968,26,28,6,68.8,154555,75086,23387,16973640,26456801,62081390,11804927,3801,12240,59.0,44.4
4969,26,29,1,58.2,37707,31289,7202,7115295,8413530,19303982,3424335,4953,4662,12.1,2.5
4970,26,29,2,63.5,32661,20928,5494,7324788,8413530,19303982,3424335,3508,776,39.0,72.4
4971,26,29,3,73.5,40710,34930,9425,5907354,8413530,19303982,3424335,5609,4851,36.9,54.2
4972,26,29,4,50.5,41272,35103,4661,7444039,8413530,19303982,3424335,2349,6144,89.4,57.0
4973,26,29,5,82.1,21110,14045,3170,6667159,8413530,19303982,3424335,2586,2313,41.1,43.2
4974,26,29,6,80.2,33220,16052,5029,5516177,8413530,19303982,3424335,1915,1723,52.6,35.7
4975,26,30,1,85.4,13749,8599,1513,3873428,3999612,7890144,1510933,624,480,52.6,50.8
4976,26,30,2,53.2,30653,23674,4606,3860366,3999612,7890144,1510933,2530,2973,49.6,75.2
4977,26,30,3,58.9,38267,20480,6237,3849299,3999612,7890144,1510933,3750,1634,70.7,87.5
4978,26,30,4,55.0,13665,10171,1262,6690069,3999612,7890144,1510933,2148,1216,49.9,40.3
4979,26,30,5,77.2,12386,9881,2244,3489396,3999612,7890144,1510933,2230,1452,62.8,51.3
4980,26,30,6,38.5,38248,22287,4690,2447396,3999612,7890144,1510933,4102,2306,74.1,100.0
4981,26,31,1,59.2,402,329,50,54247,82189,179526,26019,55,37,47.3,30.8
4982,26,31,2,49.9,363,314,48,52134,82189,179526,26019,50,26,60.4,60.7
4983,26,31,3,66.0,498,204,26,75587,82189,179526,26019,29,22,46.2,65.0
4984,26,31,4,39.0,694,422,47,58174,82189,179526,26019,64,37,26.7,79.8
4985,26,31,5,79.5,263,135,39,72204,82189,179526,26019,21,20,52.4,50.9
4986,26,31,6,60.3,615,305,44,76027,82189,179526,26019,33,11,29.2,62.7
4987,26,32,1,90.4,3305,2405,271,334815,425189,835538,171587,446,191,32.8,71.1
4988,26,32,2,51.6,44152,2678,487,282819,425189,835538,171587,514,440,80.3,45.8
4989,26,32,3,55.2,3407,2552,408,351201,425189,835538,171587,390,125,59.0,48.4
4990,26,32,4,76.6,3168,1907,660,299741,425189,835538,171587,459,122,58.0,28.4
4991,26,32,5,76.0,792,661,69,362605,425189,835538,171587,49,75,46.2,54.5
4992,26,32,6,74.9,2118,1388,444,331993,425189,835538,171587,176,109,71.0,38.3
4993,27,1,1,87.9,117618,93428,14653,10664871,14290214,30063717,6901534,4941,4860,56.2,47.8
4994,27,1,2,96.8,120510,73558,13528,9736812,14290214,30063717,6901534,10514,6470,61.4,24.8
4995,27,1,3,64.7,136719,94719,16307,9095563,14290214,30063717,6901534,17001,12850,48.8,47.5
4996,27,1,4,42.8,87153,37343,7203,11653065,14290214,30063717,6901534,4661,6463,43.7,84.0
4997,27,1,5,62.6,146265,73626,8699,9001086,14290214,30063717,6901534,10924,5076,33.2,44.1
4998,27,1,6,58.0,66206,39620,8411,9726024,14290214,30063717,6901534,9128,2238,64.0,61.3
4999,27,2,1,69.3,1211,982,175,366234,458179,880094,200451,177,126,47.0,64.1
5000,27,2,2,75.6,2336,1251,352,405091,458179,880094,200451,198,110,48.2,64.9
5001,27,2,3,81.0,2134,959,286,340563,458179,880094,200451,98,166,52.0,74.7
5002,27,2,4,96.7,1010,548,106,347716,458179,880094,200451,40,50,27.5,65.1
5003,27,2,5,60.1,2787,1291,393,447807,458179,880094,200451,264,185,20.3,56.6
5004,27,2,6,66.0,1775,1388,278,420818,458179,880094,200451,323,234,44.6,57.0
5005,27,3,1,56.8,72618,59678,14021,6903423,10079105,21400581,4745043,4123,1815,38.7,63.3
5006,27,3,2,62.2,34918,24072,6990,8643934,10079105,21400581,4745043,3239,1301,14.6,41.9
5007,27,3,3,89.5,91666,76696,14258,6585097,10079105,21400581,4745043,5515,5596,49.4,33.9
5008,27,3,4,86.3,18113,7476,995,7123697,10079105,21400581,4745043,1469,779,55.6,26.5
5009,27,3,5,87.9,104124,91749,25017,9483477,10079105,21400581,4745043,16774,3138,33.2,78.8
5010,27,3,6,67.7,49490,37547,4022,6374346,10079105,21400581,4745043,4005,5515,41.9,40.3
5011,27,4,1,73.0,290706,211640,26076,24089027,37003007,72105439,16993309,31418,26275,81.3,50.8
5012,27,4,2,36.8,112078,73603,7699,23600587,37003007,72105439,16993309,11193,12160,47.5,76.0
5013,27,4,3,59.8,271229,216552,37682,22483395,37003007,72105439,16993309,52351,25501,49.4,34.7
5014,27,4,4,76.9,155808,127675,24951,24764839,37003007,72105439,16993309,20721,16763,26.8,68.3
5015,27,4,5,39.1,288265,137508,18553,23116702,37003007,72105439,16993309,7690,13178,56.6,37.4
5016,27,4,6,75.4,292591,141872,18273,28252606,37003007,72105439,16993309,22223,9644,54.4,99.8
5017,27,5,1,88.7,58146,48863,11561,5589726,8038863,17639019,3393776,10696,2146,57.9,62.8
5018,27,5,2,81.5,39310,26765,7854,7232724,8038863,17639019,3393776,1988,3105,31.4,53.9
5019,27,5,3,78.5,49199,33948,6627,7322322,8038863,17639019,3393776,7512,1273,32.6,38.5
5020,27,5,4,83.7,69633,34687,6576,7567268,8038863,17639019,3393776,1837,1656,49.3,33.8
5021,27,5,5,45.4,47624,28420,7410,7868788,8038863,17639019,3393776,2637,4170,59.1,71.4
5022,27,5,6,66.0,17344,8669,3012,6748892,8038863,17639019,3393776,781,795,55.3,57.2
5023,27,6,1,92.5,4328,3385,503,240777,401143,936610,207694,642,567,42.3,39.2
5024,27,6,2,85.6,4666,2303,387,315430,401143,936610,207694,374,251,50.8,97.8
5025,27,6,3,54.7,1878,1032,217,284905,401143,936610,207694,194,78,29.2,36.7
5026,27,6,4,70.5,1330,992,188,277805,401143,936610,207694,197,131,67.6,75.0
5027,27,6,5,81.2,1570,1324,211,337095,401143,936610,207694,184,198,41.1,89.3
5028,27,6,6,60.2,4163,2244,446,285454,401143,936610,207694,507,169,52.4,55.9
5029,27,7,1,44.3,41793,29447,6345,15294146,19689015,42267638,8280594,2584,975,57.1,70.8
5030,27,7,2,89.8,45283,20644,5676,17568649,19689015,42267638,8280594,5096,2233,35.6,54.0
5031,27,7,3,84.8,192940,114781,37958,14783440,19689015,42267638,8280594,15759,8844,49.1,72.1
5032,27,7,4,84.3,175674,117624,35436,13472525,19689015,42267638,8280594,15246,10237,78.9,60.6
5033,27,7,5,39.2,90613,56379,5861,15265720,19689015,42267638,8280594,8496,2628,20.2,43.8
5034,27,7,6,45.1,42214,36739,11725,14442061,19689015,42267638,8280594,7114,4006,37.7,31.3
5035,27,8,1,66.75,55363,27499,3819,4846721,7385043,15935158,3382258,2971,1182,59.1,32.1
5036,27,8,2,70.4,44152,29618,7817,5250759,7385043,15935158,3382258,6204,2966,49.4,35.0
5037,27,8,3,55.2,45447,21786,4527,5681839,7385043,15935158,3382258,2223,3245,61.8,42.2
5038,27,8,4,44.2,26928,23384,5439,5990852,7385043,15935158,3382258,5059,1704,31.4,41.1
5039,27,8,5,92.1,72720,38068,8525,5437810,7385043,15935158,3382258,6728,3114,69.1,28.7
5040,27,8,6,78.5,50616,23149,7917,6253711,7385043,15935158,3382258,5135,3492,30.0,58.0
5041,27,9,1,62.8,11824,7486,1091,1370824,1967382,4336449,878928,759,597,70.3,71.7
5042,27,9,2,36.1,13881,8488,2304,1691247,1967382,4336449,878928,1471,1246,59.4,44.3
5043,27,9,3,72.8,20744,15578,1698,1368698,1967382,4336449,878928,1825,877,19.4,45.7
5044,27,9,4,63.6,19970,9584,3001,1365140,1967382,4336449,878928,2217,433,29.5,68.5
5045,27,9,5,62.3,9783,6543,1336,1284861,1967382,4336449,878928,1302,234,42.1,64.5
5046,27,9,6,75.6,18255,15646,1918,1255860,1967382,4336449,878928,3798,1828,53.1,72.0
5047,27,10,1,61.7,101615,75397,8738,9195663,10553926,22752840,4892678,13034,2356,64.9,35.7
5048,27,10,2,77.3,34109,13809,4082,9361824,10553926,22752840,4892678,3008,2228,72.1,32.1
5049,27,10,3,59.6,62856,29511,7693,8488994,10553926,22752840,4892678,2290,4180,45.6,52.8
5050,27,10,4,86.5,69611,37038,7077,10014670,10553926,22752840,4892678,1875,5505,69.3,62.8
5051,27,10,5,94.2,104194,88207,11527,9897054,10553926,22752840,4892678,4767,14324,29.3,46.6
5052,27,10,6,74.7,48893,25661,4562,9623304,10553926,22752840,4892678,2554,2123,56.7,19.2
5053,27,11,1,64.1,39545,24086,4985,14439960,19947575,42305708,5833835,2483,1108,60.1,50.1
5054,27,11,2,45.1,103745,66600,11369,17231729,19947575,42305708,5833835,8963,10852,29.6,61.7
5055,27,11,3,80.9,47803,35840,6882,17853224,19947575,42305708,5833835,4938,3687,51.9,72.0
5056,27,11,4,58.1,132336,115797,35694,14509317,19947575,42305708,5833835,6423,16372,61.5,1.5
5057,27,11,5,94.5,95831,40382,6070,18769273,19947575,42305708,5833835,7089,4172,50.9,55.4
5058,27,11,6,66.7,150732,111888,19475,17256643,19947575,42305708,5833835,21256,13151,82.5,12.7
5059,27,12,1,56.8,69391,56424,7698,8584335,9496176,21352434,4567059,9873,10082,64.8,63.3
5060,27,12,2,61.9,65859,46611,15322,6530686,9496176,21352434,4567059,10815,8235,76.8,54.8
5061,27,12,3,47.3,91271,49265,11337,7837057,9496176,21352434,4567059,8164,7702,28.4,84.5
5062,27,12,4,61.9,19628,9296,1647,7794179,9496176,21352434,4567059,2210,1539,29.5,31.2
5063,27,12,5,39.9,86023,59204,17943,6789802,9496176,21352434,4567059,12377,3466,26.7,63.0
5064,27,12,6,56.3,35287,28403,8463,7261673,9496176,21352434,4567059,2859,1491,26.8,54.2
5065,27,13,1,97.6,119955,94663,18411,17030397,23424723,47259758,7363706,15396,4657,58.9,70.4
5066,27,13,2,59.6,103419,53114,14429,19164646,23424723,47259758,7363706,8315,3675,51.0,58.3
5067,27,13,3,90.7,182395,123282,30540,19233080,23424723,47259758,7363706,24389,21271,65.6,51.7
5068,27,13,4,89.2,177803,107509,31719,16939040,23424723,47259758,7363706,8368,7860,56.1,77.9
5069,27,13,5,76.7,175219,127897,30288,15809370,23424723,47259758,7363706,10642,5549,24.1,45.2
5070,27,13,6,36.4,250275,210633,32658,22826339,23424723,47259758,7363706,48600,14602,41.3,53.6
5071,27,14,1,79.8,45262,200309,33369,30329175,31136039,77426114,11927673,20481,17067,50.4,42.7
5072,27,14,2,78.1,202301,113896,20767,30386812,31136039,77426114,11927673,7365,7842,18.5,75.1
5073,27,14,3,54.9,188527,153202,30182,18961821,31136039,77426114,11927673,12629,22946,66.2,45.9
5074,27,14,4,79.6,340183,196462,53807,26147454,31136039,77426114,11927673,35768,35136,22.6,32.9
5075,27,14,5,72.2,346100,295272,30410,26173767,31136039,77426114,11927673,15247,22595,50.2,62.2
5076,27,14,6,94.0,123283,89685,31207,28258953,31136039,77426114,11927673,14835,6603,67.9,90.4
5077,27,15,1,61.9,2347,1890,370,752269,795817,1921194,403522,407,71,70.9,62.5
5078,27,15,2,35.2,4598,3725,944,490181,795817,1921194,403522,522,329,31.1,75.7
5079,27,15,3,68.9,4384,2334,424,492306,795817,1921194,403522,570,406,50.1,24.7
5080,27,15,4,58.4,8265,6936,2240,536291,795817,1921194,403522,1573,363,53.2,8.7
5081,27,15,5,37.1,6564,3219,509,614014,795817,1921194,403522,353,245,70.4,79.4
5082,27,15,6,36.6,5119,29102,848,709298,795817,1921194,403522,260,189,59.3,63.5
5083,27,16,1,37.7,3150,1676,179,561579,836985,1927193,467357,279,134,66.0,24.9
5084,27,16,2,48.8,5682,2803,675,778289,836985,1927193,467357,491,412,23.4,9.0
5085,27,16,3,62.8,3257,1586,371,719745,836985,1927193,467357,206,204,42.6,63.8
5086,27,16,4,55.1,9948,8520,1444,667744,836985,1927193,467357,1063,823,41.8,38.3
5087,27,16,5,95.5,9861,4110,784,783152,836985,1927193,467357,618,299,86.3,77.1
5088,27,16,6,55.2,6264,4371,1065,6613341,836985,1927193,467357,606,321,62.9,56.5
5089,27,17,1,55.8,1345,972,267,316087,337188,733593,113074,185,72,4.6,45.5
5090,27,17,2,38.1,1431,1223,188,229912,337188,733593,113074,200,215,42.1,31.9
5091,27,17,3,59.1,3222,2104,602,323419,337188,733593,113074,215,206,21.9,53.3
5092,27,17,4,65.5,665,510,75,305609,337188,733593,113074,37,85,28.3,64.3
5093,27,17,5,44.6,761,632,206,252510,337188,733593,113074,147,56,34.8,22.7
5094,27,17,6,98.1,2408,1384,348,296202,337188,733593,113074,282,64,68.6,53.8
5095,27,18,1,52.8,1673,29447,260,358476,562442,1259791,261093,197,139,56.4,77.2
5096,27,18,2,45.8,5289,2303,588,523579,562442,1259791,261093,347,158,77.8,44.4
5097,27,18,3,62.4,1744,1143,359,446983,562442,1259791,261093,236,60,78.1,82.0
5098,27,18,4,63.3,1662,1308,323,488982,562442,1259791,261093,282,53,64.3,65.1
5099,27,18,5,54.3,1123,608,169,343986,562442,1259791,261093,112,56,41.4,87.1
5100,27,18,6,49.8,5067,3240,921,493962,562442,1259791,261093,194,191,28.6,31.1
5101,27,19,1,44.2,69414,49019,16523,10668113,12549458,28138890,3805040,10671,8188,64.7,59.4
5102,27,19,2,93.8,86514,59023,16279,9363944,12549458,28138890,3805040,5522,3191,72.1,54.3
5103,27,19,3,90.7,128697,75510,20034,10193313,12549458,28138890,3805040,4018,8805,47.3,50.7
5104,27,19,4,64.5,56496,43424,7463,9231443,12549458,28138890,3805040,7191,4283,56.4,60.3
5105,27,19,5,90.0,32487,20672,6498,11687201,12549458,28138890,3805040,4365,712,53.8,43.2
5106,27,19,6,95.7,110815,49648,10440,7784517,12549458,28138890,3805040,3360,4111,52.7,40.7
5107,27,20,1,88.7,83641,56298,7831,6171363,7610055,18237582,3482307,9293,7693,31.2,45.5
5108,27,20,2,60.0,29826,21542,6840,5755100,7610055,18237582,3482307,1381,2492,37.9,61.8
5109,27,20,3,90.5,22919,20368,2104,4690604,7610055,18237582,3482307,4335,1085,19.5,64.6
5110,27,20,4,86.2,65664,31065,6109,6184365,7610055,18237582,3482307,4770,1941,29.8,58.2
5111,27,20,5,55.8,86966,39837,7302,7090617,7610055,18237582,3482307,7777,5353,56.1,74.4
5112,27,20,6,59.6,32085,17677,4938,7036618,7610055,18237582,3482307,4054,2437,64.8,55.4
5113,27,21,1,67.3,174654,115947,39917,15506180,21115048,46302432,9245764,21497,9971,69.8,57.0
5114,27,21,2,66.0,95513,47021,13584,13033280,21115048,46302432,9245764,11162,8258,13.7,41.5
5115,27,21,3,97.4,77372,64350,10875,17372776,21115048,46302432,9245764,9983,7650,66.7,51.3
5116,27,21,4,39.3,75530,42681,6438,15780892,21115048,46302432,9245764,8655,6156,18.4,64.2
5117,27,21,5,75.7,195121,114513,21625,13416320,21115048,46302432,9245764,13035,19924,50.3,49.3
5118,27,21,6,93.8,55309,22998,6960,18543541,21115048,46302432,9245764,1868,1713,60.4,49.5
5119,27,22,1,74.5,2000,29447,489,132887,192110,434101,71802,252,241,40.4,55.5
5120,27,22,2,53.6,1216,1005,171,127184,192110,434101,71802,107,130,42.9,62.4
5121,27,22,3,78.9,1092,980,226,6585097,192110,434101,71802,120,145,47.8,37.5
5122,27,22,4,85.6,1301,802,215,172291,192110,434101,71802,189,114,52.8,68.7
5123,27,22,5,49.4,1587,1330,179,116813,192110,434101,71802,278,168,45.5,71.6
5124,27,22,6,43.5,1140,986,164,6613341,192110,434101,71802,101,125,31.7,56.8
5125,27,23,1,44.9,68969,48176,9012,14545016,21872555,45108659,7391477,11614,5102,31.8,54.4
5126,27,23,2,96.7,195923,164151,27041,18345476,21872555,45108659,7391477,34750,13830,55.1,76.6
5127,27,23,3,72.3,147854,72553,18616,17079077,21872555,45108659,7391477,13960,5519,49.5,82.4
5128,27,23,4,84.8,107033,57208,7390,19298357,21872555,45108659,7391477,12988,7233,38.2,62.0
5129,27,23,5,80.3,110206,90737,30459,15896001,21872555,45108659,7391477,8235,4774,36.2,61.4
5130,27,23,6,94.7,196546,141553,19498,21325301,21872555,45108659,7391477,30721,25067,69.8,47.2
5131,27,24,1,35.6,90692,70162,10985,6625532,9794678,24225039,4869743,17468,5445,31.2,74.4
5132,27,24,2,71.8,43815,22951,5964,5890232,9794678,24225039,4869743,3024,2390,80.2,58.4
5133,27,24,3,62.5,56716,44060,9724,8959595,9794678,24225039,4869743,10643,7105,46.3,6.9
5134,27,24,4,61.5,85470,42065,12276,8288788,9794678,24225039,4869743,5823,7167,55.7,17.2
5135,27,24,5,61.4,84069,60646,18349,6829012,9794678,24225039,4869743,15067,4042,35.3,44.1
5136,27,24,6,90.5,55583,22859,4218,8588373,9794678,24225039,4869743,4570,3186,55.1,37.5
5137,27,25,1,72.7,11628,6197,1403,841513,1217426,2419776,492012,1517,550,53.5,50.0
5138,27,25,2,73.4,10781,5081,945,1048148,1217426,2419776,492012,320,760,72.5,31.8
5139,27,25,3,49.9,7763,4705,1619,1149467,1217426,2419776,492012,513,308,52.2,82.1
5140,27,25,4,67.2,9463,3916,1277,1089435,1217426,2419776,492012,489,139,65.6,80.4
5141,27,25,5,98.1,6661,3378,963,1060105,1217426,2419776,492012,393,565,27.2,61.2
5142,27,25,6,38.0,2353,1784,537,864688,1217426,2419776,492012,208,275,79.5,1.4
5143,27,26,1,91.5,119029,86248,27748,62410233,64412286,133792272,20906817,7295,12311,24.3,40.2
5144,27,26,2,43.5,693723,327991,96077,38885695,64412286,133792272,20906817,68005,48054,53.1,62.6
5145,27,26,3,87.5,649060,291982,62678,54287257,64412286,133792272,20906817,68417,10502,69.2,68.1
5146,27,26,4,39.6,507776,400776,101426,43968974,64412286,133792272,20906817,27488,32476,44.1,71.8
5147,27,26,5,51.6,242707,112363,23451,49259492,64412286,133792272,20906817,26978,6433,34.8,31.4
5148,27,26,6,94.2,185857,117100,40228,44613135,64412286,133792272,20906817,20251,16992,71.0,71.1
5149,27,27,1,52.0,18363,14382,3189,4626087,5857240,12566612,2514833,1358,572,16.0,55.4
5150,27,27,2,82.3,44152,25588,4567,3625393,5857240,12566612,2514833,4628,1464,51.7,30.3
5151,27,27,3,71.5,38636,32657,9379,4380111,5857240,12566612,2514833,6751,1238,29.2,51.9
5152,27,27,4,71.4,38150,17373,5737,4117786,5857240,12566612,2514833,2626,2821,81.0,80.5
5153,27,27,5,55.9,16775,14196,2884,4928819,5857240,12566612,2514833,2304,2010,50.2,37.0
5154,27,27,6,76.6,13028,11501,1390,4231003,5857240,12566612,2514833,2112,759,66.4,75.3
5155,27,28,1,46.9,100351,89623,10219,15162068,24401592,60873695,8084562,8797,13136,68.0,40.5
5156,27,28,2,90.9,226003,116916,28817,17445112,24401592,60873695,8084562,24087,6140,39.5,56.3
5157,27,28,3,73.0,186984,121464,23092,21774681,24401592,60873695,8084562,21545,13212,35.8,33.4
5158,27,28,4,37.4,56868,41108,5342,20133319,24401592,60873695,8084562,3022,3247,32.9,35.7
5159,27,28,5,80.9,102439,58529,17322,20451814,24401592,60873695,8084562,5553,4043,50.2,77.2
5160,27,28,6,52.0,261559,127704,33081,18038073,24401592,60873695,8084562,8512,10177,50.4,77.0
5161,27,29,1,58.7,71445,57475,19886,5566434,8436565,18703804,4035649,9249,2895,67.5,47.1
5162,27,29,2,95.1,54459,24098,4335,8000348,8436565,18703804,4035649,3578,4250,26.7,39.8
5163,27,29,3,54.7,73950,30960,8944,8184681,8436565,18703804,4035649,3644,1820,39.6,63.8
5164,27,29,4,39.8,45753,38783,13473,5233417,8436565,18703804,4035649,6239,3959,40.7,69.5
5165,27,29,5,84.9,61016,25769,6732,5780156,8436565,18703804,4035649,4327,1242,72.8,67.9
5166,27,29,6,37.6,62222,45423,9370,8231587,8436565,18703804,4035649,4796,7455,75.2,25.8
5167,27,30,1,48.1,21057,9821,2025,2484693,3391365,8181843,1452895,729,619,81.4,57.4
5168,27,30,2,61.5,25935,19381,3978,2699286,3391365,8181843,1452895,2929,3110,50.2,43.4
5169,27,30,3,69.5,24344,18725,5595,2932840,3391365,8181843,1452895,4656,1766,17.8,62.5
5170,27,30,4,45.2,23677,19177,2029,6690069,3391365,8181843,1452895,1604,1980,69.8,73.8
5171,27,30,5,76.6,44553,5779,1186,2496209,3391365,8181843,1452895,1168,800,38.9,81.7
5172,27,30,6,38.3,10524,5760,1452,2453572,3391365,8181843,1452895,710,1012,34.9,45.4
5173,27,31,1,84.8,515,430,143,69496,85817,181074,38088,84,61,55.4,24.8
5174,27,31,2,96.5,805,612,87,54809,85817,181074,38088,81,88,77.1,38.2
5175,27,31,3,64.3,692,576,129,74110,85817,181074,38088,112,35,57.9,51.4
5176,27,31,4,40.2,604,457,61,59281,85817,181074,38088,89,73,44.5,49.9
5177,27,31,5,48.8,242,192,66,68145,85817,181074,38088,21,10,51.7,43.6
5178,27,31,6,54.5,347,163,30,54413,85817,181074,38088,27,23,35.6,0.0
5179,27,32,1,38.8,3435,1852,424,323581,443017,879971,175241,368,198,72.4,47.5
5180,27,32,2,40.0,3781,2013,606,394737,443017,879971,175241,141,83,26.5,70.9
5181,27,32,3,43.8,2121,878,298,418151,443017,879971,175241,112,75,18.8,87.6
5182,27,32,4,89.4,2264,1215,334,401925,443017,879971,175241,94,71,56.9,35.1
5183,27,32,5,95.2,2005,1191,124,416740,443017,879971,175241,75,163,35.4,34.1
5184,27,32,6,67.85,3969,2126,662,402767,443017,879971,175241,186,252,84.3,74.3
5185,28,1,1,80.9,59915,53840,15173,12623430,13519124,32004081,4348551,5284,1879,80.3,51.1
5186,28,1,2,48.1,62725,43871,5848,12778456,13519124,32004081,4348551,8354,2167,65.4,56.9
5187,28,1,3,72.5,62525,55939,12941,12619037,13519124,32004081,4348551,9855,9532,34.9,31.3
5188,28,1,4,72.3,72455,31011,8280,11269454,13519124,32004081,4348551,1580,2721,64.9,92.4
5189,28,1,5,48.1,158203,131034,43078,8864335,13519124,32004081,4348551,26808,16433,43.5,46.0
5190,28,1,6,63.6,71883,37419,7348,10646215,13519124,32004081,4348551,7629,4311,46.4,47.5
5191,28,2,1,66.75,1160,814,199,366484,462144,927473,157012,64,64,27.2,45.9
5192,28,2,2,82.0,901,382,80,294838,462144,927473,157012,81,48,56.5,83.2
5193,28,2,3,94.9,1591,716,87,422490,462144,927473,157012,39,50,61.9,45.8
5194,28,2,4,80.6,3601,2272,697,360696,462144,927473,157012,170,284,22.7,52.8
5195,28,2,5,90.6,3762,1625,200,423901,462144,927473,157012,223,218,38.1,43.1
5196,28,2,6,80.4,2490,2031,273,312310,462144,927473,157012,368,339,50.8,56.1
5197,28,3,1,40.9,96376,56823,11296,6633746,10469226,19814414,3697133,6843,4183,29.4,54.5
5198,28,3,2,74.8,45355,29587,10326,6631720,10469226,19814414,3697133,4224,4895,66.8,43.6
5199,28,3,3,52.2,20807,12754,3003,9256803,10469226,19814414,3697133,1162,560,54.0,19.9
5200,28,3,4,72.1,63818,55206,17675,9763515,10469226,19814414,3697133,7548,2239,54.5,18.8
5201,28,3,5,69.2,49984,23902,2588,6733761,10469226,19814414,3697133,4197,1753,33.3,49.3
5202,28,3,6,64.5,53987,46371,10539,6427262,10469226,19814414,3697133,3720,2899,93.5,83.0
5203,28,4,1,74.2,264993,29447,21341,32450181,34394795,78235565,15796365,26844,24453,49.4,27.2
5204,28,4,2,96.0,242150,174676,39784,27278755,34394795,78235565,15796365,31192,20267,43.4,31.9
5205,28,4,3,47.6,322753,207435,42047,6585097,34394795,78235565,15796365,13536,35329,44.0,74.8
5206,28,4,4,39.4,124127,94508,15736,25743505,34394795,78235565,15796365,15235,16053,61.1,46.9
5207,28,4,5,98.7,278788,219614,49273,24081705,34394795,78235565,15796365,42552,35408,32.1,88.0
5208,28,4,6,60.3,370908,310789,58399,20804693,34394795,78235565,15796365,72739,44673,25.0,73.8
5209,28,5,1,82.2,72830,32002,4380,6169983,8723302,17598861,4103313,1664,1215,29.4,85.9
5210,28,5,2,85.2,56231,24523,3203,6338633,8723302,17598861,4103313,4924,907,45.0,54.2
5211,28,5,3,50.9,50425,23733,6427,7608115,8723302,17598861,4103313,1200,3957,54.2,60.7
5212,28,5,4,88.6,85855,51544,16910,7504657,8723302,17598861,4103313,9550,9061,47.6,64.3
5213,28,5,5,54.0,29487,12781,3550,6809396,8723302,17598861,4103313,954,1304,54.2,54.3
5214,28,5,6,53.2,63553,26437,3255,6301724,8723302,17598861,4103313,5975,2181,92.8,72.9
5215,28,6,1,80.8,2368,1423,189,370971,390180,884494,217332,349,188,48.4,25.8
5216,28,6,2,52.3,2821,2159,548,276557,390180,884494,217332,510,159,73.0,52.0
5217,28,6,3,79.5,1636,1209,376,381160,390180,884494,217332,237,57,50.2,42.6
5218,28,6,4,93.5,1465,1294,384,299270,390180,884494,217332,216,219,42.0,58.8
5219,28,6,5,88.2,3561,2973,616,346041,390180,884494,217332,628,228,53.0,49.3
5220,28,6,6,69.2,939,519,112,355789,390180,884494,217332,63,51,58.6,29.1
5221,28,7,1,78.9,137031,84673,9894,17399645,19340510,39012043,9196549,6119,7014,60.4,100.0
5222,28,7,2,71.6,168527,87504,16672,16841093,19340510,39012043,9196549,7253,7204,65.2,30.7
5223,28,7,3,54.1,175505,76261,12197,15677416,19340510,39012043,9196549,6189,10125,35.5,68.8
5224,28,7,4,78.1,43073,32596,7560,15459340,19340510,39012043,9196549,4794,5495,60.5,47.8
5225,28,7,5,81.4,204349,106038,35798,15980416,19340510,39012043,9196549,11272,13106,57.6,63.3
5226,28,7,6,55.6,153880,97712,18696,16920122,19340510,39012043,9196549,9250,8649,34.3,48.7
5227,28,8,1,80.2,25316,21252,7006,5781234,8633666,15958008,3154773,1683,3339,69.8,42.8
5228,28,8,2,98.5,37636,28640,6036,6870365,8633666,15958008,3154773,2803,1723,24.2,46.9
5229,28,8,3,74.9,14996,9355,3234,8332093,8633666,15958008,3154773,1692,875,59.3,63.8
5230,28,8,4,51.9,34281,30814,9102,7527210,8633666,15958008,3154773,6298,4075,36.9,7.3
5231,28,8,5,72.4,50521,20924,3953,7953691,8633666,15958008,3154773,4337,1724,86.0,41.6
5232,28,8,6,59.2,43067,36471,6832,5961030,8633666,15958008,3154773,2916,3896,51.5,51.3
5233,28,9,1,36.0,7356,4373,532,1535082,2161976,4542469,772082,897,522,71.5,61.7
5234,28,9,2,80.8,44152,7219,2281,1747185,2161976,4542469,772082,1035,701,42.1,58.9
5235,28,9,3,71.0,13862,6199,912,2109679,2161976,4542469,772082,780,695,66.8,50.7
5236,28,9,4,55.1,16921,11994,3123,1397807,2161976,4542469,772082,1276,1882,37.9,62.1
5237,28,9,5,77.0,8458,3899,754,1378647,2161976,4542469,772082,913,469,70.2,58.7
5238,28,9,6,78.2,14863,9050,1930,1950359,2161976,4542469,772082,1612,1118,59.6,28.7
5239,28,10,1,37.5,65866,43683,11324,7357147,9985560,23829877,5282350,4442,4570,51.9,48.0
5240,28,10,2,57.3,65751,34829,8856,9509163,9985560,23829877,5282350,7869,2896,49.1,18.3
5241,28,10,3,94.7,100545,65958,16082,8604458,9985560,23829877,5282350,4808,5714,68.3,78.8
5242,28,10,4,49.4,57079,51056,7919,6926372,9985560,23829877,5282350,11214,4450,31.7,91.0
5243,28,10,5,39.8,90497,73202,9997,8124529,9985560,23829877,5282350,8398,2610,49.1,38.8
5244,28,10,6,78.1,28560,25347,6289,9513270,9985560,23829877,5282350,6319,4420,34.4,41.6
5245,28,11,1,86.8,161756,66745,8497,17440719,18064828,40189879,7844031,5135,8947,55.1,83.4
5246,28,11,2,85.9,44101,24404,7123,17248178,18064828,40189879,7844031,5684,3523,52.9,47.3
5247,28,11,3,72.7,92334,63474,10089,14188204,18064828,40189879,7844031,14272,7347,63.9,75.6
5248,28,11,4,74.6,102756,60638,14809,11663587,18064828,40189879,7844031,14546,5340,35.6,58.2
5249,28,11,5,62.7,155662,112242,30604,6665596,18064828,40189879,7844031,13992,11262,49.0,44.0
5250,28,11,6,62.1,114992,89873,31233,13378642,18064828,40189879,7844031,7937,10668,33.5,50.1
5251,28,12,1,41.1,53951,33644,3635,10173103,10684906,22293048,3552299,4544,2379,56.1,41.6
5252,28,12,2,98.7,68648,52689,17584,8776314,10684906,22293048,3552299,3854,6009,46.0,44.0
5253,28,12,3,64.0,74031,31854,9272,7833267,10684906,22293048,3552299,3096,5595,68.3,53.8
5254,28,12,4,66.4,44638,10994,3473,9518712,10684906,22293048,3552299,1330,1817,44.2,99.3
5255,28,12,5,70.6,93921,50407,9928,7121388,10684906,22293048,3552299,9159,7714,28.7,73.7
5256,28,12,6,80.3,44526,21089,5779,7988678,10684906,22293048,3552299,3110,1059,46.8,62.4
5257,28,13,1,54.1,103230,55312,17769,23067203,24753588,52754877,6980119,5840,5830,74.7,100.0
5258,28,13,2,57.9,218301,105052,18581,16232024,24753588,52754877,6980119,13657,3629,62.9,53.0
5259,28,13,3,54.5,105441,66643,16591,22916537,24753588,52754877,6980119,13657,8141,21.0,19.7
5260,28,13,4,58.1,234480,126586,22618,17625416,24753588,52754877,6980119,26154,22504,47.8,69.1
5261,28,13,5,36.6,207398,158021,28576,20659152,24753588,52754877,6980119,39037,12050,27.3,78.5
5262,28,13,6,71.3,157801,101496,26412,23082998,24753588,52754877,6980119,5337,8934,39.4,73.3
5263,28,14,1,60.1,122434,105141,23758,24778028,36459114,71184901,14133077,16793,5567,38.9,67.6
5264,28,14,2,35.3,116835,58531,20013,26082810,36459114,71184901,14133077,4273,4742,16.9,35.7
5265,28,14,3,51.6,303354,263064,61282,26757517,36459114,71184901,14133077,54492,14326,72.4,81.4
5266,28,14,4,66.5,162215,123770,13348,6690069,36459114,71184901,14133077,7778,17103,51.3,59.4
5267,28,14,5,65.9,222851,28710,37312,22725839,36459114,71184901,14133077,27734,9506,56.3,99.3
5268,28,14,6,92.7,87421,52485,7791,33607310,36459114,71184901,14133077,5225,3021,23.5,61.0
5269,28,15,1,58.0,8147,6126,1946,724741,885174,1727083,258292,466,545,57.1,57.8
5270,28,15,2,95.4,2309,1607,280,785164,885174,1727083,258292,130,89,66.4,6.0
5271,28,15,3,65.8,2507,1809,458,6585097,885174,1727083,258292,298,188,25.4,65.0
5272,28,15,4,45.5,4486,2151,252,626796,885174,1727083,258292,459,127,33.6,63.5
5273,28,15,5,45.8,7451,5040,1549,707103,885174,1727083,258292,831,379,54.3,43.5
5274,28,15,6,89.8,7861,3895,1036,677389,885174,1727083,258292,3520,245,13.8,49.9
5275,28,16,1,71.6,7796,4635,1398,672668,998157,1959296,473571,505,149,54.3,96.6
5276,28,16,2,37.0,4614,2898,914,741185,998157,1959296,473571,232,307,43.1,76.9
5277,28,16,3,57.9,6463,2672,821,882461,998157,1959296,473571,424,446,8.6,84.1
5278,28,16,4,78.6,3310,2405,387,696335,998157,1959296,473571,466,196,72.1,25.0
5279,28,16,5,36.4,5115,2578,809,878195,998157,1959296,473571,501,349,18.3,53.5
5280,28,16,6,56.5,6469,4718,1081,794302,998157,1959296,473571,930,266,70.7,38.2
5281,28,17,1,48.7,3253,1904,622,289304,295609,722319,134972,227,217,38.9,13.4
5282,28,17,2,42.4,660,377,72,190757,295609,722319,134972,76,52,59.3,29.7
5283,28,17,3,43.4,1619,849,222,200369,295609,722319,134972,149,135,46.7,53.1
5284,28,17,4,58.9,1236,700,199,284664,295609,722319,134972,36,67,56.9,71.1
5285,28,17,5,41.0,950,628,167,217742,295609,722319,134972,132,44,50.2,59.7
5286,28,17,6,95.6,2685,2036,373,246278,295609,722319,134972,274,310,37.2,83.4
5287,28,18,1,66.4,5086,2200,737,504390,563887,1337368,298471,532,352,57.1,71.4
5288,28,18,2,45.9,4776,2341,663,550587,563887,1337368,298471,491,320,50.2,32.7
5289,28,18,3,72.1,5562,4292,1409,6585097,563887,1337368,298471,769,739,68.6,70.1
5290,28,18,4,78.3,2183,915,240,551670,563887,1337368,298471,187,38,62.6,40.1
5291,28,18,5,47.7,6353,3364,547,420761,563887,1337368,298471,366,162,50.2,76.4
5292,28,18,6,61.7,5999,2814,672,530801,563887,1337368,298471,234,94,66.7,67.0
5293,28,19,1,88.1,93388,49677,14950,10498794,12447080,28320035,6111020,5242,1691,48.7,67.2
5294,28,19,2,51.1,56087,30909,6558,10422491,12447080,28320035,6111020,3159,4297,46.4,37.0
5295,28,19,3,83.3,100637,48497,5183,11213583,12447080,28320035,6111020,6483,7564,54.3,53.9
5296,28,19,4,66.2,86414,41491,10605,10800358,12447080,28320035,6111020,3532,4040,70.5,82.5
5297,28,19,5,58.1,115782,89586,9514,10680260,12447080,28320035,6111020,21358,10109,71.8,81.5
5298,28,19,6,52.2,102263,43277,13167,8717093,12447080,28320035,6111020,10677,3789,55.0,17.4
5299,28,20,1,88.5,72572,58789,20308,6048469,8307414,18057320,2844402,6768,4372,44.1,48.5
5300,28,20,2,93.5,88990,63576,16736,6783941,8307414,18057320,2844402,5201,9602,39.6,16.8
5301,28,20,3,67.1,42775,35189,11874,5663116,8307414,18057320,2844402,7757,4278,26.9,42.6
5302,28,20,4,65.1,44638,11540,1201,7350616,8307414,18057320,2844402,1028,1723,54.7,41.8
5303,28,20,5,75.8,43989,17616,4498,6413071,8307414,18057320,2844402,4343,1718,76.2,45.8
5304,28,20,6,71.9,79764,53941,10880,7685077,8307414,18057320,2844402,12395,2726,81.8,71.6
5305,28,21,1,41.0,122122,101663,32692,15754139,21466562,45795858,8118027,23432,5974,44.2,51.7
5306,28,21,2,65.7,236600,109449,16775,20882425,21466562,45795858,8118027,11108,10720,55.8,39.1
5307,28,21,3,68.0,168721,138938,28644,16942842,21466562,45795858,8118027,11376,9430,38.6,35.5
5308,28,21,4,48.7,73618,33708,11625,20748549,21466562,45795858,8118027,6142,2322,32.8,74.3
5309,28,21,5,38.1,111529,92672,24442,13635368,21466562,45795858,8118027,11474,11723,1.6,52.3
5310,28,21,6,67.5,221084,191924,50286,19759282,21466562,45795858,8118027,44711,14189,69.6,45.1
5311,28,22,1,46.5,635,473,136,147760,208802,430572,75911,55,84,43.6,66.0
5312,28,22,2,93.4,1755,1274,273,134162,208802,430572,75911,120,97,41.1,62.9
5313,28,22,3,98.0,1414,1027,171,129969,208802,430572,75911,53,87,70.9,47.1
5314,28,22,4,96.6,954,720,244,186792,208802,430572,75911,153,32,41.5,47.0
5315,28,22,5,45.2,1590,1040,281,140970,208802,430572,75911,236,40,34.6,62.8
5316,28,22,6,58.2,1977,1243,398,181333,208802,430572,75911,120,58,30.3,42.8
5317,28,23,1,42.7,193156,157081,20596,14796743,21820040,44897182,8745830,12249,9397,51.8,18.3
5318,28,23,2,86.1,200893,109610,37330,16498224,21820040,44897182,8745830,7719,14778,57.4,70.2
5319,28,23,3,73.5,76410,33941,11774,6585097,21820040,44897182,8745830,7362,2832,59.4,65.6
5320,28,23,4,90.6,109621,46319,11145,16314265,21820040,44897182,8745830,3776,6182,21.5,61.5
5321,28,23,5,42.1,62508,28525,8160,19083916,21820040,44897182,8745830,3361,3071,37.5,50.8
5322,28,23,6,47.3,54811,39161,6941,18841256,21820040,44897182,8745830,8289,2224,29.8,82.5
5323,28,24,1,81.7,112871,79749,14690,8583923,11217547,22886306,4485631,19913,7568,27.8,41.6
5324,28,24,2,65.2,86650,47693,16335,10771301,11217547,22886306,4485631,10074,3524,61.0,33.7
5325,28,24,3,69.3,52035,39379,8270,10279357,11217547,22886306,4485631,8407,4481,31.5,45.4
5326,28,24,4,89.3,74433,46265,11192,8147859,11217547,22886306,4485631,3518,3541,25.3,46.4
5327,28,24,5,53.6,54243,41159,14367,9595614,11217547,22886306,4485631,3211,4506,65.1,34.8
5328,28,24,6,83.4,85053,74433,8162,9376206,11217547,22886306,4485631,15597,4631,40.7,34.9
5329,28,25,1,46.5,4986,29447,575,1173547,1210773,2519451,471958,242,188,40.1,34.5
5330,28,25,2,58.0,5525,4212,452,951775,1210773,2519451,471958,317,447,40.4,67.4
5331,28,25,3,93.5,9101,5873,1984,1012504,1210773,2519451,471958,1018,719,59.5,68.8
5332,28,25,4,35.1,9715,4376,1308,730522,1210773,2519451,471958,335,222,44.9,72.0
5333,28,25,5,49.9,7987,3281,1038,913171,1210773,2519451,471958,797,431,87.5,71.4
5334,28,25,6,60.1,9296,5326,1106,979893,1210773,2519451,471958,281,863,69.7,95.3
5335,28,26,1,98.1,679421,406571,41285,46678137,58862479,135759592,27853946,78394,72819,33.7,34.5
5336,28,26,2,80.3,413392,278973,61878,57226621,58862479,135759592,27853946,32858,16039,40.3,50.0
5337,28,26,3,72.3,585627,238172,24105,42759136,58862479,135759592,27853946,30548,23379,41.9,68.3
5338,28,26,4,45.6,536752,263096,80391,47997194,58862479,135759592,27853946,40637,17236,23.2,34.4
5339,28,26,5,81.8,259554,183948,41603,44013869,58862479,135759592,27853946,27071,15390,34.7,69.7
5340,28,26,6,89.0,647463,282361,64806,42171276,58862479,135759592,27853946,59652,33291,75.0,39.7
5341,28,27,1,96.7,22031,9955,2578,5342803,5685741,11487467,1948235,2390,930,47.2,53.7
5342,28,27,2,46.0,13160,9456,1785,4758102,5685741,11487467,1948235,972,952,69.1,18.2
5343,28,27,3,39.2,57162,42748,9583,5383049,5685741,11487467,1948235,7310,7309,49.1,48.0
5344,28,27,4,87.4,35480,24237,4946,4057413,5685741,11487467,1948235,4801,3022,79.4,63.6
5345,28,27,5,45.7,44553,37155,11766,4804494,5685741,11487467,1948235,2108,2790,55.9,61.8
5346,28,27,6,58.1,26029,21382,4681,4850120,5685741,11487467,1948235,2939,834,37.9,35.4
5347,28,28,1,65.7,210553,94761,27188,23229095,24934799,58579357,8616920,7809,16708,51.7,78.0
5348,28,28,2,57.1,265906,176479,55033,18358849,24934799,58579357,8616920,43329,15960,51.4,47.0
5349,28,28,3,38.6,151103,29511,20610,18290068,24934799,58579357,8616920,5302,7557,48.8,74.3
5350,28,28,4,73.5,129078,55634,17488,19171855,24934799,58579357,8616920,9402,2830,65.5,81.0
5351,28,28,5,89.6,281859,206385,63151,15190523,24934799,58579357,8616920,37079,29995,54.2,97.3
5352,28,28,6,77.0,250510,142337,40421,16062277,24934799,58579357,8616920,25808,22827,64.0,0.0
5353,28,29,1,81.0,36584,24764,6169,9190172,9501417,18266537,4496794,2992,810,36.7,54.8
5354,28,29,2,60.5,54870,40507,6232,7239930,9501417,18266537,4496794,3781,3572,42.6,59.4
5355,28,29,3,87.3,18976,16660,5821,8689906,9501417,18266537,4496794,3184,2295,51.5,66.9
5356,28,29,4,55.4,24469,16489,4984,6760116,9501417,18266537,4496794,3400,2644,61.0,45.1
5357,28,29,5,87.5,55076,37447,9431,8132449,9501417,18266537,4496794,5484,4505,63.6,35.9
5358,28,29,6,96.5,66184,43384,12820,6439538,9501417,18266537,4496794,6220,5860,75.6,34.6
5359,28,30,1,66.7,39574,33158,8672,2920166,4053061,8410862,1772093,4450,2027,60.4,56.3
5360,28,30,2,39.3,13384,5787,1120,3820810,4053061,8410862,1772093,950,795,65.0,23.2
5361,28,30,3,55.2,24952,16240,3225,3027772,4053061,8410862,1772093,2042,2189,59.2,72.4
5362,28,30,4,92.7,9954,7090,1069,2545600,4053061,8410862,1772093,1562,1141,48.5,59.1
5363,28,30,5,39.6,25677,12668,1982,2783897,4053061,8410862,1772093,3141,1747,53.6,53.1
5364,28,30,6,90.8,28655,16581,2192,3774092,4053061,8410862,1772093,2706,1614,44.1,100.0
5365,28,31,1,88.5,45262,29447,22,58471,87185,186454,26615,46,22,67.9,71.1
5366,28,31,2,69.5,537,306,68,55450,87185,186454,26615,27,54,58.4,85.9
5367,28,31,3,92.8,681,530,176,74454,87185,186454,26615,56,54,66.8,32.1
5368,28,31,4,51.0,659,464,105,61710,87185,186454,26615,79,54,68.6,72.3
5369,28,31,5,53.6,44553,407,116,66061,87185,186454,26615,49,40,58.3,54.5
5370,28,31,6,78.6,840,450,83,63710,87185,186454,26615,88,58,63.8,50.3
5371,28,32,1,77.0,1015,475,86,267229,360299,888465,207587,113,19,79.5,54.8
5372,28,32,2,35.9,4152,2134,328,333571,360299,888465,207587,399,86,50.4,35.0
5373,28,32,3,92.4,1009,717,176,6585097,360299,888465,207587,159,77,54.1,51.1
5374,28,32,4,57.2,2153,953,208,335779,360299,888465,207587,75,120,53.7,31.3
5375,28,32,5,63.3,4343,1952,652,319489,360299,888465,207587,129,285,49.7,46.9
5376,28,32,6,74.9,1988,1093,286,301488,360299,888465,207587,213,176,37.4,70.2
5377,29,1,1,95.0,128832,74706,23373,10942977,14149784,30971975,5790192,17664,4779,38.2,32.4
5378,29,1,2,47.9,40558,23855,6047,12061047,14149784,30971975,5790192,4181,2082,44.9,56.5
5379,29,1,3,47.2,113011,51308,5951,13674891,14149784,30971975,5790192,6879,2090,49.2,42.8
5380,29,1,4,51.3,113712,47365,9590,10919952,14149784,30971975,5790192,3651,7956,53.0,48.7
5381,29,1,5,49.2,110722,96852,12530,12404490,14149784,30971975,5790192,22683,3266,50.2,52.6
5382,29,1,6,50.7,122073,104294,14472,10999619,14149784,30971975,5790192,8545,4005,51.1,79.3
5383,29,2,1,45.9,1859,1467,365,309006,470193,980797,153926,312,127,41.1,87.7
5384,29,2,2,37.2,3286,1996,392,309267,470193,980797,153926,238,240,6.2,22.0
5385,29,2,3,38.2,1380,916,198,417686,470193,980797,153926,190,29,46.4,49.1
5386,29,2,4,97.0,4526,3744,1024,454827,470193,980797,153926,272,229,61.1,27.1
5387,29,2,5,69.8,2756,2443,693,423400,470193,980797,153926,181,373,67.2,51.0
5388,29,2,6,53.2,1854,1155,276,409105,470193,980797,153926,80,72,41.3,70.0
5389,29,3,1,82.8,24115,17041,3762,7586311,9119200,21922382,4549229,2948,702,69.3,38.4
5390,29,3,2,65.6,75355,33273,3579,7702045,9119200,21922382,4549229,5889,5563,81.2,42.0
5391,29,3,3,48.8,82879,35975,7087,6585097,9119200,21922382,4549229,3741,4164,58.3,44.5
5392,29,3,4,37.3,44638,71400,19370,7515547,9119200,21922382,4549229,10708,9760,40.9,76.9
5393,29,3,5,50.2,101320,80583,17662,7025308,9119200,21922382,4549229,13928,6750,67.8,51.9
5394,29,3,6,39.4,60139,39921,7091,7440176,9119200,21922382,4549229,5863,3495,76.9,75.8
5395,29,4,1,97.3,105274,47088,15433,27167636,35775450,70946135,13654722,8069,5560,57.1,49.9
5396,29,4,2,66.8,347976,312430,46547,21872018,35775450,70946135,13654722,44458,33116,25.1,64.0
5397,29,4,3,91.6,263290,203821,37071,32860002,35775450,70946135,13654722,14181,36592,58.8,13.2
5398,29,4,4,70.3,297257,254124,80412,35048513,35775450,70946135,13654722,43371,24019,40.5,66.8
5399,29,4,5,77.6,176137,84531,15610,25877095,35775450,70946135,13654722,18941,6927,37.3,33.8
5400,29,4,6,45.4,328458,287535,51200,33469289,35775450,70946135,13654722,35331,19868,89.6,11.4
5401,29,5,1,80.9,35321,22088,6992,4893732,7540528,16715796,3218828,5261,2688,48.3,65.7
5402,29,5,2,79.5,48480,26321,7944,7047858,7540528,16715796,3218828,6397,1334,59.6,100.0
5403,29,5,3,40.2,36735,23849,4648,4796380,7540528,16715796,3218828,5268,2238,18.7,70.1
5404,29,5,4,36.6,64089,56376,16863,5008588,7540528,16715796,3218828,2990,5808,67.4,41.3
5405,29,5,5,49.5,16004,12746,2622,6746705,7540528,16715796,3218828,1967,1827,39.8,63.9
5406,29,5,6,61.5,52796,26746,4922,7256930,7540528,16715796,3218828,1848,3677,59.6,18.8
5407,29,6,1,51.6,45262,1622,259,289825,478052,943804,209806,232,199,32.0,68.9
5408,29,6,2,98.9,925,549,55,376310,478052,943804,209806,128,76,59.8,60.4
5409,29,6,3,35.4,3818,2958,417,305034,478052,943804,209806,174,394,31.2,65.1
5410,29,6,4,73.2,2200,1398,279,435478,478052,943804,209806,317,171,29.6,62.3
5411,29,6,5,67.6,4323,3508,1021,315089,478052,943804,209806,532,302,61.4,41.2
5412,29,6,6,37.1,1309,667,120,446132,478052,943804,209806,62,76,51.9,76.0
5413,29,7,1,74.3,152969,74575,19691,14260818,19865265,39961213,6615666,10608,4251,60.1,83.3
5414,29,7,2,86.9,132711,63219,17622,14682197,19865265,39961213,6615666,10536,6666,84.0,45.6
5415,29,7,3,61.0,139188,70384,18064,19405212,19865265,39961213,6615666,13821,9711,29.8,71.7
5416,29,7,4,48.1,126970,108464,14013,14378346,19865265,39961213,6615666,6499,3304,50.6,33.7
5417,29,7,5,64.4,163776,115854,27307,15270315,19865265,39961213,6615666,7927,9652,70.9,70.6
5418,29,7,6,86.3,182530,159498,33669,17479450,19865265,39961213,6615666,29254,14393,36.6,41.4
5419,29,8,1,62.9,79744,47526,14941,6056783,7313414,16800497,3542201,11330,3726,42.8,99.8
5420,29,8,2,91.8,69320,42876,6751,4891714,7313414,16800497,3542201,3115,4637,21.5,35.3
5421,29,8,3,44.0,67365,54030,10617,5390307,7313414,16800497,3542201,3860,5839,49.1,63.5
5422,29,8,4,88.2,37155,22073,4809,5284715,7313414,16800497,3542201,2360,1617,45.8,69.4
5423,29,8,5,94.6,65692,31604,4403,5657425,7313414,16800497,3542201,2133,4307,47.2,42.0
5424,29,8,6,97.2,19543,16179,2955,6283914,7313414,16800497,3542201,3336,2430,26.4,85.0
5425,29,9,1,82.7,19015,15084,4329,1475266,2010359,4518754,895203,3208,2091,38.3,44.7
5426,29,9,2,59.5,18334,27048,3119,1702972,2010359,4518754,895203,2049,884,32.8,48.8
5427,29,9,3,91.4,5169,3793,1185,1318475,2010359,4518754,895203,301,176,43.5,74.9
5428,29,9,4,48.3,44638,8855,2682,1658066,2010359,4518754,895203,1204,911,43.7,73.0
5429,29,9,5,89.7,6133,3000,631,1573493,2010359,4518754,895203,352,124,66.7,62.8
5430,29,9,6,40.4,6578,29102,927,1904080,2010359,4518754,895203,599,200,53.2,77.8
5431,29,10,1,93.2,54553,37143,6566,6005754,9976444,22256390,4956726,5993,5035,86.2,60.6
5432,29,10,2,41.3,106930,82343,11693,6811812,9976444,22256390,4956726,20092,10211,41.9,40.2
5433,29,10,3,38.7,54713,33824,6333,9641840,9976444,22256390,4956726,6788,5626,38.0,19.0
5434,29,10,4,88.0,46248,27844,6404,9328619,9976444,22256390,4956726,6375,2696,32.1,40.4
5435,29,10,5,42.7,50279,29221,10076,9610680,9976444,22256390,4956726,1932,4613,50.0,73.9
5436,29,10,6,54.3,38318,24209,7101,7801545,9976444,22256390,4956726,4812,1877,31.3,53.1
5437,29,11,1,53.7,185711,148170,45167,15184171,16932240,37496804,7115083,7785,12516,72.1,42.5
5438,29,11,2,72.9,194879,152654,23949,13180943,16932240,37496804,7115083,35841,20700,22.2,16.9
5439,29,11,3,80.0,42631,21416,2793,16563935,16932240,37496804,7115083,4863,3101,35.0,36.2
5440,29,11,4,74.9,198784,92337,15449,12781851,16932240,37496804,7115083,14971,14589,41.8,92.8
5441,29,11,5,36.2,85012,35155,4654,11799905,16932240,37496804,7115083,3681,1986,75.5,51.8
5442,29,11,6,65.4,90260,77522,23016,14519771,16932240,37496804,7115083,11645,4619,45.0,53.2
5443,29,12,1,55.0,23764,12872,2124,8870211,9773166,22162016,3586836,1178,747,43.0,33.6
5444,29,12,2,63.1,64863,32747,7466,8415555,9773166,22162016,3586836,6906,1241,52.8,49.1
5445,29,12,3,80.1,66277,45507,12892,7023466,9773166,22162016,3586836,10185,4191,48.1,85.2
5446,29,12,4,91.9,86132,60533,20609,8845764,9773166,22162016,3586836,9547,6235,14.0,24.3
5447,29,12,5,74.5,98014,42132,14573,7266928,9773166,22162016,3586836,10301,1907,34.5,65.5
5448,29,12,6,93.7,41436,33048,5626,8891569,9773166,22162016,3586836,7328,1107,59.0,53.1
5449,29,13,1,44.1,198102,151274,20215,19567922,23277427,47545337,8871520,11343,24808,42.1,44.0
5450,29,13,2,58.2,234188,106023,33468,14373890,23277427,47545337,8871520,20709,18771,61.5,57.2
5451,29,13,3,50.1,176438,158079,25133,15819997,23277427,47545337,8871520,21465,23136,68.8,49.3
5452,29,13,4,41.8,121350,97584,25477,16741016,23277427,47545337,8871520,10971,17335,69.6,70.6
5453,29,13,5,42.9,106011,92109,25896,14150900,23277427,47545337,8871520,20281,11175,52.7,40.1
5454,29,13,6,89.5,253607,208593,58159,20489042,23277427,47545337,8871520,28682,29091,68.3,56.1
5455,29,14,1,37.8,109589,63326,22054,25223191,32223905,73566028,10491399,10514,3965,70.2,36.5
5456,29,14,2,72.1,342092,222809,27123,27431421,32223905,73566028,10491399,50823,19427,56.0,38.7
5457,29,14,3,85.8,77634,68117,21466,6585097,32223905,73566028,10491399,6847,7830,72.8,66.1
5458,29,14,4,56.1,346697,199739,23830,22067021,32223905,73566028,10491399,37440,34511,37.0,23.1
5459,29,14,5,87.7,322726,208393,43010,28591068,32223905,73566028,10491399,14193,26423,49.6,44.4
5460,29,14,6,63.0,226378,145683,19975,23460265,32223905,73566028,10491399,8846,20384,100.0,81.4
5461,29,15,1,94.2,45262,6259,875,829010,916540,1815962,262347,1344,1110,51.0,31.5
5462,29,15,2,80.3,2413,1047,169,648526,916540,1815962,262347,131,133,45.3,6.4
5463,29,15,3,36.3,8038,4632,1153,880982,916540,1815962,262347,642,523,43.8,60.3
5464,29,15,4,84.5,3789,1589,494,881433,916540,1815962,262347,117,225,48.9,79.4
5465,29,15,5,44.2,3703,3178,653,802392,916540,1815962,262347,491,267,20.1,31.5
5466,29,15,6,84.8,7137,4410,1184,586226,916540,1815962,262347,926,187,51.9,40.4
5467,29,16,1,69.6,4632,4048,956,603815,977491,1893606,391837,943,490,50.4,43.8
5468,29,16,2,66.7,2200,1373,265,732757,977491,1893606,391837,122,130,45.6,34.6
5469,29,16,3,97.7,2107,1788,229,750751,977491,1893606,391837,190,279,47.6,80.0
5470,29,16,4,82.5,1892,1398,278,669932,977491,1893606,391837,104,115,58.2,46.0
5471,29,16,5,61.3,4157,2779,762,674638,977491,1893606,391837,373,157,34.3,61.1
5472,29,16,6,86.7,4764,2283,407,864206,977491,1893606,391837,406,115,26.9,59.3
5473,29,17,1,89.5,1086,950,274,203527,336945,701686,120146,131,120,10.3,77.6
5474,29,17,2,57.7,3429,2256,498,222418,336945,701686,120146,429,364,36.5,34.2
5475,29,17,3,55.6,3319,1575,335,230696,336945,701686,120146,376,140,58.2,38.8
5476,29,17,4,46.7,2939,1749,576,294564,336945,701686,120146,392,227,59.9,34.4
5477,29,17,5,90.3,3270,2606,664,212806,336945,701686,120146,275,186,44.7,55.6
5478,29,17,6,48.9,604,258,72,311125,336945,701686,120146,18,31,29.5,44.7
5479,29,18,1,47.2,2612,1376,210,565952,580854,1354782,185480,75,92,62.1,42.3
5480,29,18,2,40.4,2298,1963,531,416262,580854,1354782,185480,390,104,91.4,44.3
5481,29,18,3,57.2,2838,2376,363,404520,580854,1354782,185480,333,145,29.6,44.0
5482,29,18,4,70.4,3127,2682,552,504289,580854,1354782,185480,244,394,56.0,50.8
5483,29,18,5,86.4,2007,1368,252,472748,580854,1354782,185480,86,220,21.0,80.0
5484,29,18,6,47.3,2086,1376,403,475066,580854,1354782,185480,324,58,68.2,52.4
5485,29,19,1,85.3,44506,37232,3870,8096237,12296162,28420122,4637073,5593,5917,53.1,26.7
5486,29,19,2,79.7,87015,70260,24326,8530411,12296162,28420122,4637073,9670,4290,60.4,8.5
5487,29,19,3,36.8,50369,39267,8785,10454362,12296162,28420122,4637073,2421,4694,36.9,32.6
5488,29,19,4,62.1,49713,24362,8505,8980624,12296162,28420122,4637073,1280,3926,71.7,51.2
5489,29,19,5,38.0,38029,25622,3107,10002977,12296162,28420122,4637073,3958,2908,45.2,50.6
5490,29,19,6,61.6,70790,43878,8655,8609413,12296162,28420122,4637073,7725,2578,26.3,66.4
5491,29,20,1,93.6,73514,30911,9200,5328633,8815195,18069364,3743806,1768,3253,33.3,60.4
5492,29,20,2,82.8,19329,17016,4338,7450353,8815195,18069364,3743806,3887,2723,36.2,24.6
5493,29,20,3,77.6,36998,30751,8329,6098644,8815195,18069364,3743806,7599,3684,46.5,44.5
5494,29,20,4,38.3,27323,14276,4519,5736987,8815195,18069364,3743806,922,2196,56.5,31.8
5495,29,20,5,89.2,89908,66418,8784,5643951,8815195,18069364,3743806,7608,9967,25.8,18.7
5496,29,20,6,82.6,55087,42468,8210,6974619,8815195,18069364,3743806,2487,2673,71.7,71.6
5497,29,21,1,43.1,187616,93757,14927,19911501,24140786,46166168,7754940,22281,4812,51.4,63.9
5498,29,21,2,55.9,93841,67888,22674,14561874,24140786,46166168,7754940,8589,8379,54.8,63.4
5499,29,21,3,66.3,141810,111913,25633,18231922,24140786,46166168,7754940,25814,5788,52.7,40.9
5500,29,21,4,58.2,219809,130720,36749,21274764,24140786,46166168,7754940,25267,11080,63.7,79.7
5501,29,21,5,94.7,115290,28710,18027,16153260,24140786,46166168,7754940,6759,9411,60.3,73.2
5502,29,21,6,47.4,44526,73169,13820,22908799,24140786,46166168,7754940,15259,3244,47.4,75.7
5503,29,22,1,83.7,1905,1085,289,173758,194368,391343,58071,210,39,37.0,33.6
5504,29,22,2,49.3,1378,1059,259,121266,194368,391343,58071,79,137,40.6,23.1
5505,29,22,3,38.6,1148,765,227,190287,194368,391343,58071,144,84,16.6,13.9
5506,29,22,4,69.8,1199,590,170,139162,194368,391343,58071,101,92,67.0,62.8
5507,29,22,5,92.2,437,259,26,158899,194368,391343,58071,39,24,69.5,68.6
5508,29,22,6,96.8,1937,1038,205,128890,194368,391343,58071,173,47,68.0,60.6
5509,29,23,1,81.5,70184,32248,5895,21545326,22674150,46986668,6283069,2662,3944,18.8,56.1
5510,29,23,2,62.9,39758,27048,8358,20643004,22674150,46986668,6283069,8021,5945,29.9,57.4
5511,29,23,3,40.4,92717,64048,6856,20444748,22674150,46986668,6283069,10960,11309,55.9,3.5
5512,29,23,4,98.2,231814,163680,39778,14492009,22674150,46986668,6283069,31502,5817,25.2,58.7
5513,29,23,5,74.0,107460,60073,17244,17285450,22674150,46986668,6283069,5319,6441,46.7,44.1
5514,29,23,6,74.7,151250,70674,23366,21970913,22674150,46986668,6283069,14228,10304,43.1,73.2
5515,29,24,1,77.5,24421,17340,3965,6022624,9977715,21934827,3646215,2158,1142,45.3,66.9
5516,29,24,2,91.8,40074,31556,6522,9297818,9977715,21934827,3646215,4758,3938,42.0,72.6
5517,29,24,3,43.1,63974,53110,16568,8890918,9977715,21934827,3646215,4605,2330,43.2,77.2
5518,29,24,4,67.4,88146,28870,20813,7202205,9977715,21934827,3646215,14276,11771,28.4,51.2
5519,29,24,5,82.9,63998,44596,11236,9220230,9977715,21934827,3646215,10303,3317,40.5,45.9
5520,29,24,6,96.2,43012,24296,4507,7324707,9977715,21934827,3646215,5400,4154,28.1,33.4
5521,29,25,1,39.6,12166,10911,2368,850578,1137851,2337444,442771,2498,952,44.7,71.7
5522,29,25,2,50.7,8043,5232,686,687178,1137851,2337444,442771,3454,734,44.1,54.5
5523,29,25,3,67.1,10104,7118,1068,915398,1137851,2337444,442771,970,1071,20.6,48.2
5524,29,25,4,52.7,6810,5088,826,916353,1137851,2337444,442771,718,846,50.3,47.8
5525,29,25,5,39.8,11082,7730,1699,888366,1137851,2337444,442771,1283,870,49.2,59.5
5526,29,25,6,98.8,2075,1513,350,959903,1137851,2337444,442771,79,50,84.5,42.8
5527,29,26,1,44.9,551789,454518,151604,38237695,63066039,131451526,25723887,88096,26761,71.7,87.4
5528,29,26,2,80.0,524647,454825,143688,47344780,63066039,131451526,25723887,64153,46982,65.7,47.8
5529,29,26,3,73.2,157650,87294,21637,41941700,63066039,131451526,25723887,5923,10483,26.1,55.3
5530,29,26,4,63.1,692567,545151,151935,56191100,63066039,131451526,25723887,30587,84337,68.0,34.8
5531,29,26,5,35.9,356405,234238,52570,60190738,63066039,131451526,25723887,47066,34748,40.6,19.6
5532,29,26,6,51.6,554037,452749,54354,44791405,63066039,131451526,25723887,87377,69374,0.0,75.4
5533,29,27,1,73.7,28275,24099,3778,4975915,5904355,12182518,1625707,4360,1411,37.1,39.1
5534,29,27,2,90.4,19739,8589,2173,4006834,5904355,12182518,1625707,1771,1345,34.0,63.4
5535,29,27,3,53.2,12379,29511,2684,4813392,5904355,12182518,1625707,1798,1168,49.1,66.2
5536,29,27,4,55.3,22926,15558,3394,4918933,5904355,12182518,1625707,2505,1181,31.7,56.4
5537,29,27,5,60.6,33874,28710,3167,4251231,5904355,12182518,1625707,3887,3063,28.6,42.3
5538,29,27,6,81.9,19841,9039,3072,4218262,5904355,12182518,1625707,682,927,45.3,55.9
5539,29,28,1,89.9,143264,111621,25382,23983413,24851046,55487458,8208938,26769,7488,94.2,69.5
5540,29,28,2,49.1,138725,96736,30651,6631720,24851046,55487458,8208938,19176,7052,76.0,29.3
5541,29,28,3,38.1,96608,72558,23109,18368572,24851046,55487458,8208938,10263,4228,34.4,34.7
5542,29,28,4,63.1,279511,246883,76312,20781910,24851046,55487458,8208938,56087,14679,63.4,53.5
5543,29,28,5,79.7,176033,89832,11239,19148976,24851046,55487458,8208938,6067,5808,50.2,89.0
5544,29,28,6,40.3,294424,144024,43864,19004996,24851046,55487458,8208938,17459,19376,68.0,39.8
5545,29,29,1,50.9,34841,15142,3687,6383858,8232967,18255298,2883172,3323,884,93.2,34.1
5546,29,29,2,54.2,16555,9788,2989,5642302,8232967,18255298,2883172,1407,550,66.1,57.0
5547,29,29,3,90.2,87105,76446,8959,6989189,8232967,18255298,2883172,15858,6319,77.1,61.8
5548,29,29,4,97.6,66140,53589,14344,6589094,8232967,18255298,2883172,8836,7469,49.9,29.3
5549,29,29,5,38.8,78579,60689,11803,6504640,8232967,18255298,2883172,8359,8922,28.6,43.6
5550,29,29,6,91.4,19793,8079,2253,5902763,8232967,18255298,2883172,1905,1394,74.9,50.1
5551,29,30,1,61.8,38757,21506,6076,3292659,3807052,8161638,1528330,5292,1587,64.2,50.3
5552,29,30,2,73.1,31205,13585,2593,3395441,3807052,8161638,1528330,2509,2010,51.5,83.4
5553,29,30,3,83.3,18780,8676,1255,2684213,3807052,8161638,1528330,1778,731,33.6,81.7
5554,29,30,4,93.8,33855,29103,6562,2616451,3807052,8161638,1528330,4726,2075,42.6,53.9
5555,29,30,5,68.8,38626,26840,8021,3138075,3807052,8161638,1528330,3431,2080,29.0,72.9
5556,29,30,6,61.6,37646,19300,2574,3566967,3807052,8161638,1528330,3948,1434,74.0,82.2
5557,29,31,1,53.3,569,344,79,58766,83531,165039,39328,44,58,31.5,40.9
5558,29,31,2,45.3,182,79,25,58895,83531,165039,39328,17,13,37.8,28.4
5559,29,31,3,69.5,289,241,26,59604,83531,165039,39328,46,33,69.3,60.2
5560,29,31,4,41.2,538,28870,77,78456,83531,165039,39328,44,34,14.3,53.5
5561,29,31,5,70.1,604,458,93,68011,83531,165039,39328,55,16,46.5,46.9
5562,29,31,6,42.1,770,433,45,62602,83531,165039,39328,86,77,63.9,51.8
5563,29,32,1,45.7,2240,1274,265,351750,374742,841734,144548,72,119,65.6,57.4
5564,29,32,2,78.9,2620,1153,302,357798,374742,841734,144548,250,106,48.4,60.7
5565,29,32,3,97.8,4494,2109,338,302346,374742,841734,144548,437,87,78.7,61.8
5566,29,32,4,85.2,1713,1372,374,268370,374742,841734,144548,139,192,93.4,39.5
5567,29,32,5,64.3,3782,2007,342,315720,374742,841734,144548,272,226,39.1,39.8
5568,29,32,6,60.7,4304,3104,533,329935,374742,841734,144548,712,295,50.4,48.0
5569,30,1,1,96.7,74877,45142,15448,15400675,15895157,32748612,5956686,3524,6514,33.3,62.1
5570,30,1,2,58.0,44152,49498,5536,10453338,15895157,32748612,5956686,4202,8699,52.6,48.5
5571,30,1,3,62.8,102784,64180,11290,6585097,15895157,32748612,5956686,4276,4340,32.9,43.6
5572,30,1,4,63.9,56809,25083,5341,12684071,15895157,32748612,5956686,3112,1231,27.9,65.3
5573,30,1,5,53.2,154696,133567,28399,10689765,15895157,32748612,5956686,22898,20514,54.1,77.4
5574,30,1,6,79.6,45612,25000,8570,12492571,15895157,32748612,5956686,3324,2674,64.7,48.9
5575,30,2,1,65.3,1400,29447,215,338860,430559,991269,134258,181,69,96.7,56.1
5576,30,2,2,42.5,2256,1454,156,345956,430559,991269,134258,307,170,63.3,74.4
5577,30,2,3,44.1,2660,1364,228,271908,430559,991269,134258,74,68,50.6,40.4
5578,30,2,4,88.4,4079,2503,534,264158,430559,991269,134258,612,278,57.5,78.3
5579,30,2,5,75.9,2515,1494,165,345806,430559,991269,134258,311,58,80.3,2.1
5580,30,2,6,62.2,1703,1073,128,388837,430559,991269,134258,96,128,64.2,59.9
5581,30,3,1,89.8,66831,49821,9561,8526388,10197066,20962807,4918986,11225,4665,23.7,76.8
5582,30,3,2,84.2,68499,40819,13976,8796915,10197066,20962807,4918986,5444,5017,81.1,49.5
5583,30,3,3,72.4,67646,52670,12753,7772719,10197066,20962807,4918986,8524,4384,40.8,38.9
5584,30,3,4,44.3,78747,49018,14909,6437213,10197066,20962807,4918986,4488,8383,55.8,32.0
5585,30,3,5,72.8,34622,28284,6717,8958659,10197066,20962807,4918986,3823,2245,34.5,29.8
5586,30,3,6,43.5,92517,78569,25503,9083210,10197066,20962807,4918986,8236,11757,70.3,46.1
5587,30,4,1,40.7,109923,44895,13852,27618746,33224788,77471266,14657908,2673,3864,57.5,68.2
5588,30,4,2,81.6,325772,234642,60520,30135812,33224788,77471266,14657908,38760,41139,83.6,89.5
5589,30,4,3,71.5,266799,184729,20552,30949805,33224788,77471266,14657908,39872,32139,30.2,35.0
5590,30,4,4,55.3,343428,203157,50529,21097167,33224788,77471266,14657908,27764,22069,54.0,42.8
5591,30,4,5,95.3,277264,144323,15490,28174393,33224788,77471266,14657908,26251,11707,42.4,51.9
5592,30,4,6,59.7,102610,80868,24978,30432603,33224788,77471266,14657908,9117,13118,72.8,10.7
5593,30,5,1,64.9,64685,40072,7079,5698087,8301255,17552477,2568164,8147,1826,53.1,0.0
5594,30,5,2,77.5,84482,40900,11524,7354612,8301255,17552477,2568164,9803,2974,22.8,60.8
5595,30,5,3,98.1,49958,32659,7587,7904299,8301255,17552477,2568164,3433,2187,54.2,86.9
5596,30,5,4,76.6,69667,50785,7463,6434258,8301255,17552477,2568164,9645,8053,65.5,63.8
5597,30,5,5,57.2,47883,31322,6142,7587609,8301255,17552477,2568164,1715,4008,25.3,43.1
5598,30,5,6,98.3,38489,25586,8307,7399709,8301255,17552477,2568164,5642,876,47.3,22.5
5599,30,6,1,37.5,2646,1917,359,381857,395129,947246,184282,441,197,67.3,51.8
5600,30,6,2,98.7,2790,2118,451,354063,395129,947246,184282,444,365,72.9,45.1
5601,30,6,3,88.5,4148,2547,572,6585097,395129,947246,184282,146,249,40.2,49.6
5602,30,6,4,71.8,1432,846,135,297601,395129,947246,184282,89,43,49.0,23.7
5603,30,6,5,69.9,1223,541,158,303950,395129,947246,184282,28,69,63.6,94.7
5604,30,6,6,76.5,1989,1305,277,260466,395129,947246,184282,157,219,49.8,67.3
5605,30,7,1,63.2,134268,63202,11513,19646780,20127570,43439250,7407605,4761,4723,49.8,48.2
5606,30,7,2,71.0,74790,39484,7760,18955416,20127570,43439250,7407605,8140,5643,49.1,55.6
5607,30,7,3,46.8,47803,108493,24915,17088271,20127570,43439250,7407605,11980,13430,75.5,25.2
5608,30,7,4,85.3,44234,22471,4174,16042876,20127570,43439250,7407605,3518,3060,60.8,48.8
5609,30,7,5,40.5,64471,50729,13271,18779981,20127570,43439250,7407605,4209,4322,59.5,91.1
5610,30,7,6,57.7,173098,116386,17316,17818565,20127570,43439250,7407605,10358,14450,25.1,89.7
5611,30,8,1,44.1,33317,23127,4993,6196508,7070889,16705685,3937617,1500,1755,63.4,70.8
5612,30,8,2,47.3,46526,19872,4077,5783773,7070889,16705685,3937617,2625,863,45.9,47.1
5613,30,8,3,56.8,70507,55307,10243,5108389,7070889,16705685,3937617,7287,2953,83.7,15.1
5614,30,8,4,63.0,61142,45392,11835,5042393,7070889,16705685,3937617,7098,6454,72.6,48.5
5615,30,8,5,69.7,68166,58112,17153,5957966,7070889,16705685,3937617,4325,7369,81.9,50.8
5616,30,8,6,83.1,59660,38817,10003,4243668,7070889,16705685,3937617,6826,2288,21.9,25.7
5617,30,9,1,59.5,4505,2862,579,1784085,2110526,4277574,608884,667,304,100.0,76.5
5618,30,9,2,71.8,14975,9750,2159,1688094,2110526,4277574,608884,742,1657,41.6,63.4
5619,30,9,3,66.6,21214,11897,3309,1826112,2110526,4277574,608884,2645,2114,87.0,57.2
5620,30,9,4,91.5,13239,7803,1917,1706225,2110526,4277574,608884,1612,1081,35.4,65.5
5621,30,9,5,92.7,12600,9537,1187,1985212,2110526,4277574,608884,1825,1667,28.0,38.6
5622,30,9,6,48.7,12226,6211,1854,1337655,2110526,4277574,608884,1393,1079,35.0,60.3
5623,30,10,1,47.7,60711,51867,14353,8342232,9616033,21546277,5239259,11746,6425,50.1,43.0
5624,30,10,2,57.8,48972,28128,9515,8120022,9616033,21546277,5239259,5245,4288,52.6,61.4
5625,30,10,3,54.6,59133,51377,7463,8483483,9616033,21546277,5239259,4896,3962,52.3,51.9
5626,30,10,4,43.4,19531,15233,1648,8377382,9616033,21546277,5239259,1758,2092,26.6,98.2
5627,30,10,5,93.4,112201,60087,16913,6302932,9616033,21546277,5239259,8440,3064,3.2,51.4
5628,30,10,6,36.5,62629,43082,11218,6502448,9616033,21546277,5239259,4846,4948,27.0,39.3
5629,30,11,1,52.4,103137,84772,26461,12608476,16496527,40053342,6395377,16174,3334,69.1,64.4
5630,30,11,2,36.3,151512,27048,31163,10342057,16496527,40053342,6395377,21034,18320,70.2,26.2
5631,30,11,3,42.3,55563,47207,9459,10602245,16496527,40053342,6395377,3693,4698,51.1,36.1
5632,30,11,4,39.1,65042,57832,12044,15264180,16496527,40053342,6395377,4263,3204,42.8,69.3
5633,30,11,5,91.5,184072,88199,25102,11935907,16496527,40053342,6395377,7210,13277,62.3,34.8
5634,30,11,6,41.9,185105,137249,41841,13687708,16496527,40053342,6395377,20462,7435,51.6,60.2
5635,30,12,1,59.7,88119,69171,19996,7699836,9917805,21257954,4380571,9051,10490,33.2,72.7
5636,30,12,2,91.7,63553,50652,17515,6293632,9917805,21257954,4380571,10230,3864,67.1,100.0
5637,30,12,3,58.7,66556,56755,11524,6016866,9917805,21257954,4380571,7523,8536,0.0,68.4
5638,30,12,4,90.7,36044,29406,3658,6175851,9917805,21257954,4380571,6902,4258,57.6,78.0
5639,30,12,5,59.1,22724,12244,1441,6665596,9917805,21257954,4380571,2951,1468,7.3,53.5
5640,30,12,6,52.6,20583,15757,3880,7159268,9917805,21257954,4380571,3298,1780,38.1,7.6
5641,30,13,1,95.2,134791,66098,22722,17207781,21804486,52549620,7982529,6293,2430,49.7,37.1
5642,30,13,2,38.6,186900,108012,25517,20428620,21804486,52549620,7982529,16557,13568,55.8,57.3
5643,30,13,3,84.9,223249,163502,53137,20158350,21804486,52549620,7982529,33737,7230,13.7,61.0
5644,30,13,4,65.5,183344,104149,33869,17806103,21804486,52549620,7982529,13866,6253,49.9,37.6
5645,30,13,5,82.6,168511,139288,20249,13392024,21804486,52549620,7982529,30775,15597,22.5,43.7
5646,30,13,6,76.9,75886,66053,13524,18369158,21804486,52549620,7982529,3721,2589,67.8,36.6
5647,30,14,1,83.8,289409,185667,26466,23126919,30281374,76964223,15882652,31837,11870,52.8,69.5
5648,30,14,2,64.7,132006,58737,12543,28098188,30281374,76964223,15882652,9040,4328,39.7,94.2
5649,30,14,3,37.2,308843,238804,27487,27338625,30281374,76964223,15882652,40225,20246,35.5,86.7
5650,30,14,4,77.7,319114,273626,73782,26353531,30281374,76964223,15882652,28031,44381,44.5,81.2
5651,30,14,5,98.0,103259,78072,20071,26021142,30281374,76964223,15882652,13551,4653,28.1,47.1
5652,30,14,6,94.4,317350,132696,37073,21971568,30281374,76964223,15882652,24001,16145,42.9,47.0
5653,30,15,1,57.1,7300,29447,1221,640718,840230,1748887,263080,696,280,87.1,44.9
5654,30,15,2,63.9,8171,5333,1706,539782,840230,1748887,263080,680,254,45.1,48.6
5655,30,15,3,62.6,8539,4572,624,676842,840230,1748887,263080,267,470,81.3,75.4
5656,30,15,4,50.1,1604,1003,255,561163,840230,1748887,263080,78,110,53.6,38.6
5657,30,15,5,53.2,44553,5357,754,746729,840230,1748887,263080,594,265,40.4,71.8
5658,30,15,6,97.5,5806,4823,1155,771428,840230,1748887,263080,764,323,39.7,63.9
5659,30,16,1,60.5,6991,5365,575,626899,954546,2075319,285598,391,709,11.7,37.5
5660,30,16,2,49.3,4794,3614,944,595232,954546,2075319,285598,893,218,30.6,55.9
5661,30,16,3,37.3,9406,7819,1879,779222,954546,2075319,285598,1563,1284,52.2,56.0
5662,30,16,4,90.7,5538,3121,785,644737,954546,2075319,285598,389,339,83.3,59.9
5663,30,16,5,95.6,2087,934,153,862667,954546,2075319,285598,144,122,68.9,89.6
5664,30,16,6,80.1,10162,6625,1712,752160,954546,2075319,285598,761,787,71.4,64.5
5665,30,17,1,63.7,2125,1002,138,206522,312285,716851,108598,60,55,59.7,83.3
5666,30,17,2,41.1,2122,1097,367,203725,312285,716851,108598,134,144,50.2,80.1
5667,30,17,3,64.7,1979,1318,147,295333,312285,716851,108598,92,201,64.1,63.2
5668,30,17,4,78.3,1610,690,111,258551,312285,716851,108598,125,49,44.6,72.8
5669,30,17,5,48.1,3447,1816,388,231926,312285,716851,108598,281,215,64.7,11.9
5670,30,17,6,68.8,2068,1402,151,289068,312285,716851,108598,132,188,49.3,49.0
5671,30,18,1,71.6,5880,29447,748,452037,607359,1222821,300538,764,540,51.1,69.6
5672,30,18,2,57.3,2971,2458,801,537118,607359,1222821,300538,432,331,42.6,54.6
5673,30,18,3,41.1,6009,5362,1537,564635,607359,1222821,300538,272,507,51.9,37.8
5674,30,18,4,45.2,44638,1010,210,551735,607359,1222821,300538,135,121,34.2,72.5
5675,30,18,5,35.0,1808,1276,444,464857,607359,1222821,300538,94,105,49.2,80.2
5676,30,18,6,94.5,2266,1888,374,415618,607359,1222821,300538,150,109,20.7,59.8
5677,30,19,1,77.7,130476,87368,12317,8957274,11488907,28883883,3724192,10238,7534,40.8,47.2
5678,30,19,2,88.1,132425,93290,27873,10530035,11488907,28883883,3724192,15302,12488,71.5,41.6
5679,30,19,3,74.2,40472,29123,9332,9771055,11488907,28883883,3724192,3351,4751,58.2,73.7
5680,30,19,4,86.3,72037,28948,3543,7288870,11488907,28883883,3724192,6773,4375,63.0,68.9
5681,30,19,5,78.0,128495,73339,23093,7956819,11488907,28883883,3724192,6132,6441,57.4,39.3
5682,30,19,6,51.1,104109,60073,17123,10444788,11488907,28883883,3724192,5417,9769,71.2,42.4
5683,30,20,1,98.8,42707,19234,2463,7041467,8530617,17558654,3080868,1159,1084,71.1,52.5
5684,30,20,2,74.5,56951,42803,9852,6489286,8530617,17558654,3080868,4597,1896,53.7,22.1
5685,30,20,3,79.9,16719,13475,3726,5530122,8530617,17558654,3080868,3307,1055,90.6,60.0
5686,30,20,4,65.5,24845,12505,4210,5527849,8530617,17558654,3080868,2240,946,62.9,66.9
5687,30,20,5,36.2,56702,40646,12339,6530237,8530617,17558654,3080868,3749,6834,37.6,56.9
5688,30,20,6,74.8,39891,17626,3384,5978447,8530617,17558654,3080868,1985,1608,49.9,61.5
5689,30,21,1,52.0,102233,79219,13367,17579492,19743103,50396187,9739657,9656,6016,53.2,82.1
5690,30,21,2,45.7,159178,116652,29949,15312031,19743103,50396187,9739657,13756,6133,49.2,65.3
5691,30,21,3,54.7,54632,48666,7448,13396567,19743103,50396187,9739657,10416,1771,75.1,47.3
5692,30,21,4,74.8,94936,83315,22847,15868218,19743103,50396187,9739657,10450,6157,63.0,35.0
5693,30,21,5,55.7,177198,125069,15898,14615326,19743103,50396187,9739657,25796,13524,54.0,45.0
5694,30,21,6,56.4,133648,88024,20304,12894282,19743103,50396187,9739657,7281,14051,40.0,32.6
5695,30,22,1,58.9,468,310,91,159970,203666,418433,69511,54,44,50.4,42.8
5696,30,22,2,43.3,1286,964,189,163078,203666,418433,69511,80,102,31.8,16.4
5697,30,22,3,78.4,1713,1472,342,150527,203666,418433,69511,182,194,75.3,75.1
5698,30,22,4,53.5,1719,1316,159,169182,203666,418433,69511,81,164,45.2,46.9
5699,30,22,5,64.5,1167,983,167,166829,203666,418433,69511,245,164,56.4,39.1
5700,30,22,6,36.7,1433,771,237,142164,203666,418433,69511,59,49,62.7,51.1
5701,30,23,1,48.4,170153,129290,44608,20136376,22346246,44005557,8789629,9447,18252,33.9,79.7
5702,30,23,2,43.6,218886,186470,26669,16926584,22346246,44005557,8789629,41155,14562,55.1,14.8
5703,30,23,3,36.7,60137,45715,10742,13701612,22346246,44005557,8789629,7119,7031,37.3,56.4
5704,30,23,4,65.6,194635,130711,39057,19763779,22346246,44005557,8789629,23045,17666,10.3,76.4
5705,30,23,5,94.9,102682,68035,11489,15210872,22346246,44005557,8789629,9044,4120,41.8,49.9
5706,30,23,6,93.6,167912,125718,31608,16748008,22346246,44005557,8789629,26999,20814,45.7,42.1
5707,30,24,1,90.2,92670,60010,19101,7471108,10194475,23004050,3446210,4915,6019,77.9,80.6
5708,30,24,2,96.7,96866,60820,8758,9114141,10194475,23004050,3446210,8301,2552,63.9,88.8
5709,30,24,3,53.3,50390,45001,7068,6597028,10194475,23004050,3446210,9604,6825,35.0,62.1
5710,30,24,4,71.0,68184,56454,18638,8002027,10194475,23004050,3446210,6835,6677,34.9,76.7
5711,30,24,5,46.9,104465,63229,6516,7817947,10194475,23004050,3446210,15001,8944,48.3,49.0
5712,30,24,6,75.9,54116,33481,3394,6949962,10194475,23004050,3446210,4984,2692,46.5,58.6
5713,30,25,1,35.1,10030,8306,2203,663112,1035357,2449285,424031,525,249,70.7,57.4
5714,30,25,2,49.0,4675,2739,313,727041,1035357,2449285,424031,592,151,46.6,59.8
5715,30,25,3,53.5,47803,2188,263,757684,1035357,2449285,424031,245,384,75.5,76.7
5716,30,25,4,58.1,12297,8687,2900,6690069,1035357,2449285,424031,2094,1402,24.1,27.0
5717,30,25,5,67.6,4948,3378,1038,682588,1035357,2449285,424031,476,192,69.1,96.1
5718,30,25,6,73.6,11964,8039,2423,808658,1035357,2449285,424031,838,1127,56.2,59.6
5719,30,26,1,58.8,546872,323818,53819,37821073,62921985,134312211,27048696,47309,43450,57.9,62.5
5720,30,26,2,70.6,218666,126846,43088,39353861,62921985,134312211,27048696,18455,21592,76.2,50.6
5721,30,26,3,55.5,642086,294897,62462,42732830,62921985,134312211,27048696,70227,38868,49.5,75.6
5722,30,26,4,86.0,435315,310406,70800,52540645,62921985,134312211,27048696,20641,15086,53.2,28.0
5723,30,26,5,46.8,129573,52374,12186,6665596,62921985,134312211,27048696,4072,3090,64.3,54.3
5724,30,26,6,60.3,688181,392066,75822,47862676,62921985,134312211,27048696,92498,66457,66.3,69.7
5725,30,27,1,48.6,13724,6060,1552,4127369,5216795,12496064,2315808,924,618,36.9,66.2
5726,30,27,2,60.5,28137,17530,1990,4930442,5216795,12496064,2315808,2346,2803,55.6,72.5
5727,30,27,3,67.7,43174,20698,6744,5000152,5216795,12496064,2315808,1596,1711,77.4,82.6
5728,30,27,4,35.4,48749,25746,5587,4265852,5216795,12496064,2315808,5742,4517,38.2,35.7
5729,30,27,5,85.0,44962,34291,4606,3854333,5216795,12496064,2315808,4244,2890,42.1,89.8
5730,30,27,6,90.2,28384,20023,3524,3494814,5216795,12496064,2315808,3495,640,41.3,100.0
5731,30,28,1,54.1,228686,185303,36542,20971262,27250564,58917969,11422471,15866,23609,67.7,77.5
5732,30,28,2,81.9,266484,211406,28913,24710883,27250564,58917969,11422471,39343,22297,80.9,60.4
5733,30,28,3,37.8,171619,152514,41102,23461024,27250564,58917969,11422471,20967,6092,75.7,65.7
5734,30,28,4,53.1,139893,113044,26579,19666269,27250564,58917969,11422471,10892,8707,52.2,23.1
5735,30,28,5,38.3,198906,101906,14696,22359174,27250564,58917969,11422471,10689,5318,45.1,43.7
5736,30,28,6,79.7,208721,88502,29492,22746180,27250564,58917969,11422471,6490,15538,11.6,9.9
5737,30,29,1,80.4,39294,33269,11560,5459502,8967284,18261860,4559213,2277,5284,32.2,25.3
5738,30,29,2,56.4,82484,49774,10296,7892913,8967284,18261860,4559213,11900,8957,68.6,65.0
5739,30,29,3,74.4,68284,50073,7546,7802101,8967284,18261860,4559213,7489,3630,41.1,88.3
5740,30,29,4,57.2,43682,34373,7225,8291425,8967284,18261860,4559213,6284,1294,56.8,79.6
5741,30,29,5,75.4,63635,48878,13776,8483076,8967284,18261860,4559213,6764,6194,50.4,30.3
5742,30,29,6,67.9,43990,19447,5693,8253847,8967284,18261860,4559213,1972,871,47.7,39.2
5743,30,30,1,71.6,39993,34686,9580,3062608,3422833,7775236,1519490,3519,4299,27.4,62.0
5744,30,30,2,55.7,27182,12932,2166,2873819,3422833,7775236,1519490,1749,858,70.6,52.3
5745,30,30,3,84.8,33709,27165,7789,3337600,3422833,7775236,1519490,2629,4407,47.7,29.2
5746,30,30,4,40.6,15230,10767,3552,6690069,3422833,7775236,1519490,1486,590,47.4,71.4
5747,30,30,5,92.0,11312,8767,2977,3106683,3422833,7775236,1519490,1229,941,50.2,47.7
5748,30,30,6,71.0,29448,18207,5312,2201968,3422833,7775236,1519490,4311,746,41.2,100.0
5749,30,31,1,94.3,449,254,45,46836,73841,188762,35613,18,29,65.3,14.9
5750,30,31,2,35.3,566,484,159,52076,73841,188762,35613,58,33,56.2,68.8
5751,30,31,3,51.2,851,726,140,45271,73841,188762,35613,108,87,33.2,79.4
5752,30,31,4,81.3,297,124,34,45274,73841,188762,35613,24,8,53.7,72.4
5753,30,31,5,75.4,894,792,122,55975,73841,188762,35613,123,53,46.8,67.7
5754,30,31,6,68.0,839,405,135,49007,73841,188762,35613,84,65,32.7,29.5
5755,30,32,1,62.1,828,544,84,252696,393449,834054,154445,63,45,34.6,64.2
5756,30,32,2,69.1,3446,1669,262,280451,393449,834054,154445,181,252,79.4,56.3
5757,30,32,3,70.7,3410,1695,175,325316,393449,834054,154445,125,68,50.7,86.9
5758,30,32,4,96.0,3148,2117,482,299203,393449,834054,154445,377,182,46.4,36.2
5759,30,32,5,64.5,2599,2228,271,313800,393449,834054,154445,478,263,35.8,18.7
5760,30,32,6,49.4,4446,2773,598,340816,393449,834054,154445,484,484,37.5,54.8
5761,31,1,1,49.6,82080,62243,7741,13840905,14251152,30357101,6406267,15260,4858,56.9,59.5
5762,31,1,2,43.7,62825,27920,8467,11655769,14251152,30357101,6406267,6948,2243,32.7,72.1
5763,31,1,3,64.7,160590,110948,13030,12601620,14251152,30357101,6406267,15350,15444,65.7,60.7
5764,31,1,4,81.4,160093,119525,26922,8834750,14251152,30357101,6406267,22873,11211,33.3,26.1
5765,31,1,5,80.9,49518,34593,5521,8837002,14251152,30357101,6406267,8163,4426,51.6,79.9
5766,31,1,6,58.6,116317,58594,15923,11496627,14251152,30357101,6406267,10680,9798,33.9,34.5
5767,31,2,1,60.8,825,531,132,429361,478731,995666,194715,83,53,40.0,62.7
5768,31,2,2,98.5,2206,1851,265,418950,478731,995666,194715,176,149,52.3,100.0
5769,31,2,3,39.1,1659,854,206,327570,478731,995666,194715,203,27,26.5,15.2
5770,31,2,4,36.5,2366,1130,152,302150,478731,995666,194715,221,55,14.9,25.6
5771,31,2,5,43.2,3823,2545,379,341011,478731,995666,194715,133,262,35.3,41.3
5772,31,2,6,55.4,2890,1201,189,396513,478731,995666,194715,292,170,41.5,42.3
5773,31,3,1,59.6,39510,27109,3014,7456851,9141865,21959490,2994111,5501,1683,50.6,60.4
5774,31,3,2,70.6,32080,18109,6201,8616023,9141865,21959490,2994111,2958,2664,50.5,43.8
5775,31,3,3,86.5,31154,19054,3138,6123215,9141865,21959490,2994111,2127,1613,39.9,72.8
5776,31,3,4,42.3,32797,20713,6348,6755066,9141865,21959490,2994111,1772,1598,97.1,99.0
5777,31,3,5,37.9,26734,13021,3233,5515337,9141865,21959490,2994111,1643,1928,70.8,87.5
5778,31,3,6,62.5,44526,51195,12801,6003720,9141865,21959490,2994111,12692,1751,56.3,49.9
5779,31,4,1,39.4,265663,160402,49029,24932067,35297614,73414926,11272860,38752,5919,48.8,52.3
5780,31,4,2,65.2,264399,158318,29374,33743410,35297614,73414926,11272860,18307,7608,43.8,67.8
5781,31,4,3,73.9,170114,83259,28530,24161608,35297614,73414926,11272860,19729,14503,54.8,61.6
5782,31,4,4,78.5,68836,52771,11505,32824266,35297614,73414926,11272860,6063,2690,35.2,64.8
5783,31,4,5,59.3,106266,85194,21211,27611688,35297614,73414926,11272860,7850,8140,30.8,57.3
5784,31,4,6,69.0,318888,188313,62181,25120696,35297614,73414926,11272860,10781,26466,74.2,50.5
5785,31,5,1,59.7,73821,58052,15144,5658467,7076008,17189882,2554274,13424,2719,50.2,40.8
5786,31,5,2,91.5,73527,63462,17829,4814292,7076008,17189882,2554274,13733,9646,36.4,52.2
5787,31,5,3,85.5,45816,29511,2033,6284125,7076008,17189882,2554274,1811,2614,12.5,46.5
5788,31,5,4,39.7,36694,29294,8797,5313527,7076008,17189882,2554274,2516,1298,45.5,63.1
5789,31,5,5,79.0,23183,15619,4697,5674296,7076008,17189882,2554274,2019,538,28.2,50.9
5790,31,5,6,63.5,21414,16028,3701,6613341,7076008,17189882,2554274,1963,2525,62.7,90.7
5791,31,6,1,58.3,1933,1099,382,332207,426036,916723,215981,264,92,75.5,63.1
5792,31,6,2,85.3,4645,27048,490,317769,426036,916723,215981,402,426,92.1,55.7
5793,31,6,3,50.6,4262,2460,723,354789,426036,916723,215981,482,363,59.7,84.1
5794,31,6,4,66.5,3270,2647,871,326313,426036,916723,215981,214,437,66.2,76.0
5795,31,6,5,37.4,865,522,157,6665596,426036,916723,215981,128,64,35.2,37.4
5796,31,6,6,85.9,856,491,72,299616,426036,916723,215981,104,37,19.4,70.0
5797,31,7,1,89.5,153948,109582,33534,17896403,18604793,41895478,7766192,15068,13234,47.6,81.8
5798,31,7,2,36.9,118196,87837,22261,15916850,18604793,41895478,7766192,13068,11897,30.4,91.2
5799,31,7,3,77.7,43218,38890,5442,13033082,18604793,41895478,7766192,8317,4050,35.2,28.9
5800,31,7,4,40.0,62808,30291,5461,6690069,18604793,41895478,7766192,5695,4875,48.4,75.4
5801,31,7,5,57.1,122010,67934,23614,17494396,18604793,41895478,7766192,14523,7915,15.4,51.6
5802,31,7,6,97.3,56631,35135,9250,12412991,18604793,41895478,7766192,4259,1349,31.4,28.2
5803,31,8,1,63.0,41410,24721,7257,4754229,7606415,16654500,3292152,3208,1706,36.0,29.5
5804,31,8,2,54.5,82105,69153,8138,6736178,7606415,16654500,3292152,16198,3467,17.2,46.0
5805,31,8,3,91.6,47803,35163,7760,6600364,7606415,16654500,3292152,6400,1965,54.9,19.0
5806,31,8,4,80.4,55953,26666,8141,5785198,7606415,16654500,3292152,3337,3841,32.2,25.0
5807,31,8,5,90.0,31111,21090,5724,5870753,7606415,16654500,3292152,3030,2657,54.5,35.6
5808,31,8,6,61.5,72842,49397,8083,6955512,7606415,16654500,3292152,8616,4416,52.5,26.1
5809,31,9,1,75.5,20683,14319,3589,1572484,2128983,4477886,822385,750,1023,50.0,27.6
5810,31,9,2,55.6,11510,7062,1571,1734024,2128983,4477886,822385,423,1030,56.8,44.5
5811,31,9,3,90.3,13442,29511,1316,1723381,2128983,4477886,822385,1378,1055,56.4,36.7
5812,31,9,4,52.8,7807,5908,1276,1856310,2128983,4477886,822385,722,492,65.6,32.5
5813,31,9,5,46.1,7549,4487,856,2034032,2128983,4477886,822385,878,353,34.5,0.0
5814,31,9,6,43.7,7723,3741,1295,1387032,2128983,4477886,822385,859,295,31.7,69.1
5815,31,10,1,46.2,77255,64280,21872,7200498,11255404,21781195,3429840,4841,11452,58.4,70.4
5816,31,10,2,54.0,95314,41633,7549,7238196,11255404,21781195,3429840,8780,5756,45.1,53.2
5817,31,10,3,73.0,68045,61062,14612,9837912,11255404,21781195,3429840,13460,9222,70.4,72.2
5818,31,10,4,82.6,40965,34963,8315,7172055,11255404,21781195,3429840,8098,4732,52.3,37.1
5819,31,10,5,48.5,60582,44416,13026,9610920,11255404,21781195,3429840,6473,3102,46.8,36.5
5820,31,10,6,86.8,27342,29102,3930,10165498,11255404,21781195,3429840,3974,3796,63.2,66.3
5821,31,11,1,60.8,149098,108049,34952,15063655,19815306,41349503,7030635,21577,8139,41.2,55.1
5822,31,11,2,96.6,44180,39661,12323,18512191,19815306,41349503,7030635,7787,5801,39.4,40.6
5823,31,11,3,87.6,119623,80893,10215,12800432,19815306,41349503,7030635,7961,8908,59.6,22.1
5824,31,11,4,65.9,200465,94127,28476,12347542,19815306,41349503,7030635,23482,10608,41.3,56.2
5825,31,11,5,45.9,185458,137269,29602,17737831,19815306,41349503,7030635,13507,6011,48.6,23.2
5826,31,11,6,87.1,195338,89771,30992,15042042,19815306,41349503,7030635,15169,5432,51.9,42.4
5827,31,12,1,40.6,87427,61521,12332,7386979,10165747,20849581,3189228,8873,10622,34.6,52.6
5828,31,12,2,62.0,30889,19581,3523,7599727,10165747,20849581,3189228,2566,897,47.4,46.5
5829,31,12,3,42.9,63731,48228,10557,8994502,10165747,20849581,3189228,8543,8148,52.4,49.7
5830,31,12,4,88.0,35829,28969,3744,7336898,10165747,20849581,3189228,4160,4400,31.9,48.5
5831,31,12,5,89.2,44553,29592,7663,7944421,10165747,20849581,3189228,5795,2157,52.9,3.1
5832,31,12,6,41.1,55210,26237,7907,7272058,10165747,20849581,3189228,4830,1048,36.6,73.0
5833,31,13,1,80.0,254747,123839,20996,15363803,23644818,48471234,11630936,10045,16285,91.6,52.0
5834,31,13,2,45.4,133175,97434,20756,22488445,23644818,48471234,11630936,8123,6007,41.9,70.5
5835,31,13,3,83.9,237087,196078,53781,20787869,23644818,48471234,11630936,48043,11424,39.8,62.0
5836,31,13,4,85.6,236104,157325,27423,14999007,23644818,48471234,11630936,26029,16381,60.7,94.9
5837,31,13,5,71.9,96035,43300,5088,16653749,23644818,48471234,11630936,6763,2571,38.2,84.1
5838,31,13,6,82.4,222675,106104,29703,21291854,23644818,48471234,11630936,20900,15952,46.0,61.1
5839,31,14,1,68.4,71907,50964,8880,22394357,36120854,73189438,17119711,9955,2442,53.5,86.3
5840,31,14,2,49.2,290602,235325,47988,27445192,36120854,73189438,17119711,41924,34364,20.6,52.0
5841,31,14,3,35.4,124530,97693,9788,21688234,36120854,73189438,17119711,16381,6974,44.9,35.5
5842,31,14,4,49.4,78863,44131,13826,24444331,36120854,73189438,17119711,9243,5131,38.6,58.0
5843,31,14,5,49.2,226300,95702,23710,30769441,36120854,73189438,17119711,5885,8956,54.2,79.0
5844,31,14,6,36.3,249798,197149,37276,34903249,36120854,73189438,17119711,42768,27661,87.4,39.9
5845,31,15,1,92.6,4605,3307,897,546416,856126,1799918,335389,170,297,49.9,74.4
5846,31,15,2,81.1,5074,3677,1193,794588,856126,1799918,335389,191,484,95.8,46.7
5847,31,15,3,50.5,1564,1369,380,729843,856126,1799918,335389,193,183,46.4,80.4
5848,31,15,4,90.7,7489,6419,1460,704731,856126,1799918,335389,543,786,87.9,68.9
5849,31,15,5,75.1,2409,1723,600,6665596,856126,1799918,335389,165,69,59.7,61.3
5850,31,15,6,46.3,2504,1919,250,637601,856126,1799918,335389,281,292,49.9,69.9
5851,31,16,1,92.9,45262,3243,658,785628,960224,1952164,470630,463,448,79.2,21.6
5852,31,16,2,70.7,44152,2091,700,697087,960224,1952164,470630,416,252,50.4,50.8
5853,31,16,3,56.8,3993,2168,751,687647,960224,1952164,470630,130,227,70.4,62.6
5854,31,16,4,67.5,9243,4488,605,615258,960224,1952164,470630,244,646,54.8,75.2
5855,31,16,5,71.0,1938,1026,115,866131,960224,1952164,470630,3749,131,43.6,84.7
5856,31,16,6,43.8,4559,3701,755,705186,960224,1952164,470630,456,622,70.0,49.8
5857,31,17,1,76.6,3481,2865,500,284756,333135,715086,125278,675,229,28.0,63.4
5858,31,17,2,48.5,1547,855,145,222576,333135,715086,125278,167,96,59.1,76.5
5859,31,17,3,50.0,2610,1105,311,299851,333135,715086,125278,221,48,85.7,49.8
5860,31,17,4,80.3,1878,755,139,211832,333135,715086,125278,48,90,45.4,82.9
5861,31,17,5,36.2,1229,997,285,310721,333135,715086,125278,87,177,70.5,63.4
5862,31,17,6,38.9,1265,29102,143,284637,333135,715086,125278,84,74,43.0,21.6
5863,31,18,1,62.5,6253,3310,732,472189,565344,1304150,204246,386,124,54.2,62.5
5864,31,18,2,64.5,2919,1777,203,526623,565344,1304150,204246,441,129,25.3,43.6
5865,31,18,3,45.9,5768,3106,427,383486,565344,1304150,204246,163,444,61.9,76.5
5866,31,18,4,46.0,5636,2535,275,391046,565344,1304150,204246,602,152,29.3,56.8
5867,31,18,5,73.4,1420,995,291,410464,565344,1304150,204246,186,132,37.8,29.0
5868,31,18,6,79.2,3479,1709,295,372221,565344,1304150,204246,210,294,63.2,55.6
5869,31,19,1,45.1,99857,72180,19327,8697858,11948002,29150468,5194514,4375,2268,36.8,31.6
5870,31,19,2,89.3,114910,88886,17871,8606338,11948002,29150468,5194514,10040,14447,54.4,52.8
5871,31,19,3,66.5,89601,70162,16341,7486555,11948002,29150468,5194514,17231,9605,47.5,77.4
5872,31,19,4,77.5,51951,24061,7461,8259603,11948002,29150468,5194514,2056,2661,38.3,49.3
5873,31,19,5,37.5,44553,79772,21915,8210690,11948002,29150468,5194514,9163,13982,55.6,82.4
5874,31,19,6,80.7,72452,59205,17112,11462863,11948002,29150468,5194514,13059,9705,68.0,47.5
5875,31,20,1,65.4,57209,51425,6693,7002049,8263237,18586143,2612882,6845,3803,59.1,41.8
5876,31,20,2,81.5,70411,43231,4784,6279160,8263237,18586143,2612882,6052,4455,39.8,61.9
5877,31,20,3,54.0,62829,41130,12871,7852415,8263237,18586143,2612882,3451,4217,43.1,70.3
5878,31,20,4,44.2,49780,29379,9574,7648499,8263237,18586143,2612882,5154,4119,48.9,42.7
5879,31,20,5,36.4,65411,28710,14834,5039893,8263237,18586143,2612882,7955,2059,40.9,36.7
5880,31,20,6,57.5,23652,18947,4478,6424121,8263237,18586143,2612882,1321,3353,7.2,30.3
5881,31,21,1,42.9,172701,103946,24280,17147089,19469292,46553590,10884251,22000,17644,15.8,69.3
5882,31,21,2,59.5,152282,88902,22464,17643607,19469292,46553590,10884251,12921,13110,44.7,90.9
5883,31,21,3,60.0,43624,28846,8140,12439753,19469292,46553590,10884251,4464,4699,33.5,45.1
5884,31,21,4,50.8,183169,83797,10976,15242963,19469292,46553590,10884251,7539,8203,66.5,7.5
5885,31,21,5,58.2,222553,180786,52185,11719412,19469292,46553590,10884251,12105,10784,52.0,83.1
5886,31,21,6,37.4,202164,102341,31437,17764517,19469292,46553590,10884251,6389,11938,43.9,39.0
5887,31,22,1,66.7,1324,1088,184,153632,182766,403454,74275,160,33,57.7,62.8
5888,31,22,2,37.8,1314,1030,147,6631720,182766,403454,74275,76,151,52.1,29.1
5889,31,22,3,39.9,1739,883,191,134526,182766,403454,74275,114,121,50.5,74.1
5890,31,22,4,65.2,661,570,123,115877,182766,403454,74275,64,36,38.5,62.8
5891,31,22,5,43.9,550,262,47,119869,182766,403454,74275,15,38,54.1,21.8
5892,31,22,6,89.2,1270,817,122,109951,182766,403454,74275,190,130,38.0,42.3
5893,31,23,1,73.1,164459,133577,30164,18102431,20250532,46122004,8608054,31525,16734,46.1,36.2
5894,31,23,2,50.6,147232,60219,7922,16377057,20250532,46122004,8608054,10898,8932,59.7,52.0
5895,31,23,3,37.5,229370,133471,32042,12807597,20250532,46122004,8608054,11420,14230,66.9,54.4
5896,31,23,4,71.8,41344,33870,6865,17819381,20250532,46122004,8608054,4726,2731,48.7,25.7
5897,31,23,5,94.1,126462,89538,8960,17750340,20250532,46122004,8608054,16558,5791,52.3,48.3
5898,31,23,6,67.5,44526,104669,11593,14905658,20250532,46122004,8608054,25194,5306,55.3,68.3
5899,31,24,1,62.8,41844,37183,5973,7156654,11509777,22494865,3759516,5873,4349,67.8,62.9
5900,31,24,2,51.2,64811,26063,5717,9560754,11509777,22494865,3759516,3817,4684,44.5,48.2
5901,31,24,3,77.2,117681,60395,19063,9095944,11509777,22494865,3759516,8101,7131,76.8,48.8
5902,31,24,4,69.5,43161,31330,5048,9171113,11509777,22494865,3759516,5103,4577,47.3,29.8
5903,31,24,5,45.3,98442,67547,17189,8289238,11509777,22494865,3759516,15633,2500,44.1,39.5
5904,31,24,6,47.4,77621,39454,12615,9025504,11509777,22494865,3759516,7112,3688,61.2,56.1
5905,31,25,1,65.2,4025,2970,993,1120403,1218140,2281345,525748,462,436,45.4,60.6
5906,31,25,2,56.5,9949,4549,885,1000605,1218140,2281345,525748,1094,236,75.7,44.5
5907,31,25,3,85.9,10629,6005,1999,1040980,1218140,2281345,525748,683,989,25.7,15.2
5908,31,25,4,84.7,4588,2267,621,756185,1218140,2281345,525748,313,390,42.8,64.3
5909,31,25,5,50.3,8109,4099,839,1097886,1218140,2281345,525748,845,330,52.9,67.6
5910,31,25,6,53.7,11830,5501,1596,886199,1218140,2281345,525748,1179,545,40.7,53.8
5911,31,26,1,65.2,478418,368478,43060,50643922,56307779,138203738,31320938,76695,48231,41.1,50.1
5912,31,26,2,81.1,422050,325723,98041,36980896,56307779,138203738,31320938,76815,10649,28.3,66.9
5913,31,26,3,76.3,371681,295194,30265,54546018,56307779,138203738,31320938,15874,43185,42.1,39.7
5914,31,26,4,38.4,456639,385256,90088,37999579,56307779,138203738,31320938,76042,60743,35.1,89.6
5915,31,26,5,92.8,360757,209445,50456,51424990,56307779,138203738,31320938,36576,11167,61.9,38.7
5916,31,26,6,54.5,610375,281615,40872,49340296,56307779,138203738,31320938,64090,19642,42.9,65.8
5917,31,27,1,59.3,21486,12131,2138,4206416,5200671,12230681,1761845,2145,1483,45.0,70.9
5918,31,27,2,47.8,15534,7011,1662,3893739,5200671,12230681,1761845,1657,507,55.3,94.1
5919,31,27,3,79.2,47803,46993,15989,4481182,5200671,12230681,1761845,5733,1854,77.6,52.9
5920,31,27,4,83.7,28222,20554,4777,3401165,5200671,12230681,1761845,2237,2865,50.5,50.5
5921,31,27,5,70.8,52585,41982,13321,4281017,5200671,12230681,1761845,9675,7422,41.1,57.9
5922,31,27,6,96.8,11283,8675,1141,3380113,5200671,12230681,1761845,626,1308,42.1,62.0
5923,31,28,1,45.1,211733,132064,35102,20922518,24367644,56481889,9786118,25900,7283,30.6,25.7
5924,31,28,2,80.8,133010,81633,19492,6631720,24367644,56481889,9786118,13038,10314,65.4,18.9
5925,31,28,3,64.8,81131,46637,11450,23537272,24367644,56481889,9786118,3876,1935,46.4,0.0
5926,31,28,4,90.6,58886,31582,8983,18779650,24367644,56481889,9786118,4601,5669,38.9,43.6
5927,31,28,5,76.7,286047,142835,34665,16187732,24367644,56481889,9786118,12708,9601,80.1,76.8
5928,31,28,6,92.1,149578,121128,12397,20066775,24367644,56481889,9786118,15921,20923,49.9,52.4
5929,31,29,1,85.3,34473,23845,5761,9301592,9827546,20654445,4521948,2460,858,62.9,32.6
5930,31,29,2,81.0,26031,18436,5232,6787597,9827546,20654445,4521948,1196,1808,48.0,52.3
5931,31,29,3,47.6,30630,18174,2828,8342833,9827546,20654445,4521948,3296,899,58.1,45.3
5932,31,29,4,50.3,32185,18739,2516,6968384,9827546,20654445,4521948,3298,862,68.3,65.0
5933,31,29,5,70.5,73338,52991,12836,7578996,9827546,20654445,4521948,8280,6582,38.9,29.1
5934,31,29,6,49.7,32840,25116,5650,6271315,9827546,20654445,4521948,3377,1452,48.7,68.7
5935,31,30,1,87.1,12243,10287,2294,2704367,3432279,7610728,1629429,2071,1189,50.0,46.2
5936,31,30,2,45.2,6873,4727,1356,2946264,3432279,7610728,1629429,537,250,51.5,53.5
5937,31,30,3,48.3,17491,10795,2227,2380691,3432279,7610728,1629429,2098,1067,19.9,60.9
5938,31,30,4,97.3,37825,22135,3636,2757303,3432279,7610728,1629429,3832,1730,49.9,47.6
5939,31,30,5,80.5,34365,29051,5620,2433112,3432279,7610728,1629429,3014,4948,65.7,43.2
5940,31,30,6,35.4,18820,9756,1111,6613341,3432279,7610728,1629429,2382,1581,22.5,81.9
5941,31,31,1,48.8,825,645,75,49817,75228,175101,27888,111,39,84.7,35.4
5942,31,31,2,77.3,374,204,30,45891,75228,175101,27888,38,20,20.6,69.5
5943,31,31,3,64.7,463,260,39,59780,75228,175101,27888,23,33,39.0,41.7
5944,31,31,4,43.1,713,543,157,45529,75228,175101,27888,74,69,45.0,63.5
5945,31,31,5,67.4,253,108,12,64869,75228,175101,27888,7,8,40.8,30.6
5946,31,31,6,57.5,708,441,125,65670,75228,175101,27888,73,34,75.3,35.4
5947,31,32,1,36.9,3044,2277,366,279484,399139,927521,165699,560,295,60.6,41.1
5948,31,32,2,55.9,868,735,225,336615,399139,927521,165699,61,108,25.6,61.4
5949,31,32,3,71.2,1317,1067,237,281033,399139,927521,165699,185,179,30.8,62.9
5950,31,32,4,89.6,2489,997,238,280855,399139,927521,165699,80,84,56.7,17.4
5951,31,32,5,75.0,1582,711,157,386491,399139,927521,165699,76,67,49.6,47.6
5952,31,32,6,52.3,2963,2044,416,376104,399139,927521,165699,504,339,79.2,59.0
5953,32,1,1,76.2,107057,81864,11736,9029739,15035064,30875901,5957518,17478,12961,68.3,28.4
5954,32,1,2,88.4,34449,21242,2321,13547814,15035064,30875901,5957518,4877,2902,56.8,8.5
5955,32,1,3,57.0,142582,92240,13044,6585097,15035064,30875901,5957518,14854,4752,71.9,41.7
5956,32,1,4,39.8,70435,54982,9007,10801174,15035064,30875901,5957518,9519,6111,53.0,57.8
5957,32,1,5,60.3,100275,88812,29833,13691431,15035064,30875901,5957518,14321,8126,55.0,92.3
5958,32,1,6,76.6,104855,82695,25814,10438525,15035064,30875901,5957518,18199,3149,50.8,30.4
5959,32,2,1,46.4,3041,2028,203,381503,392198,989253,140316,123,162,65.5,55.9
5960,32,2,2,97.7,4470,2152,482,282070,392198,989253,140316,420,196,68.1,42.5
5961,32,2,3,88.9,2199,1919,588,267255,392198,989253,140316,383,112,51.8,53.2
5962,32,2,4,88.1,1700,842,84,242728,392198,989253,140316,149,88,76.7,97.7
5963,32,2,5,58.7,1901,864,199,248653,392198,989253,140316,51,64,48.8,48.6
5964,32,2,6,35.4,2377,1735,354,346950,392198,989253,140316,353,114,43.7,35.3
5965,32,3,1,91.7,82816,73750,24054,7223379,9643602,21111180,3321058,14437,3174,64.7,100.0
5966,32,3,2,44.1,66359,27994,3196,9376521,9643602,21111180,3321058,5757,1376,95.0,36.0
5967,32,3,3,58.0,104510,46272,8236,7326186,9643602,21111180,3321058,10956,8316,47.2,38.3
5968,32,3,4,41.4,92951,73241,9484,5999243,9643602,21111180,3321058,12462,6632,43.5,54.5
5969,32,3,5,66.8,29776,20127,5056,6665596,9643602,21111180,3321058,1288,3183,49.5,65.1
5970,32,3,6,78.5,50396,23429,6688,7900858,9643602,21111180,3321058,4090,2440,69.0,32.8
5971,32,4,1,61.3,246023,144694,41991,35650873,37421779,77815621,12121588,33961,18513,42.2,26.7
5972,32,4,2,85.0,230857,109461,31813,27230015,37421779,77815621,12121588,15367,10483,34.4,100.0
5973,32,4,3,70.2,372399,203765,28264,35388631,37421779,77815621,12121588,21722,16281,37.4,50.8
5974,32,4,4,91.7,322032,201712,42966,34467520,37421779,77815621,12121588,47483,35460,38.5,55.8
5975,32,4,5,78.7,139734,56616,14531,30500372,37421779,77815621,12121588,11653,10051,52.4,68.6
5976,32,4,6,45.0,229191,106709,18515,34918873,37421779,77815621,12121588,19735,16555,31.8,56.2
5977,32,5,1,90.0,35274,18567,5049,5471586,7227442,16679103,2610431,2389,3014,22.1,46.3
5978,32,5,2,47.2,46742,21442,6552,6007933,7227442,16679103,2610431,4404,3853,49.2,65.1
5979,32,5,3,59.4,27626,11243,1480,6943849,7227442,16679103,2610431,1129,1129,52.6,54.6
5980,32,5,4,60.9,77573,58281,11833,6126790,7227442,16679103,2610431,5984,8738,52.6,57.8
5981,32,5,5,45.5,40809,26966,5833,5695456,7227442,16679103,2610431,5484,2266,31.6,57.9
5982,32,5,6,83.2,78996,33700,7568,4871346,7227442,16679103,2610431,7163,1838,62.1,71.9
5983,32,6,1,51.3,2793,1307,342,275833,403099,896518,138083,153,80,29.0,50.3
5984,32,6,2,59.0,2866,2389,477,337916,403099,896518,138083,432,418,57.7,87.9
5985,32,6,3,89.8,1751,942,148,296679,403099,896518,138083,197,35,40.1,32.2
5986,32,6,4,37.3,1113,694,179,358348,403099,896518,138083,46,116,44.2,55.7
5987,32,6,5,76.5,854,562,65,271175,403099,896518,138083,53,80,67.8,52.4
5988,32,6,6,87.7,3138,1606,343,392819,403099,896518,138083,194,234,64.2,46.7
5989,32,7,1,91.9,68771,50933,8674,16774107,20786625,41143735,8519245,6785,7878,48.3,34.8
5990,32,7,2,77.9,107124,45038,9905,19133075,20786625,41143735,8519245,5988,2738,48.0,100.0
5991,32,7,3,69.1,137833,118195,24847,16046611,20786625,41143735,8519245,28864,17223,72.7,24.7
5992,32,7,4,75.1,66221,43377,11418,13485017,20786625,41143735,8519245,4249,2600,54.0,72.8
5993,32,7,5,86.0,190482,98452,15158,16356620,20786625,41143735,8519245,19122,15639,48.7,49.0
5994,32,7,6,82.3,210469,134626,37212,15481872,20786625,41143735,8519245,8155,17057,46.8,58.5
5995,32,8,1,88.0,74849,51891,9756,7108720,7659894,16635364,3860081,3238,2639,47.5,61.2
5996,32,8,2,82.6,23168,13659,1568,4834652,7659894,16635364,3860081,695,1120,74.8,46.7
5997,32,8,3,70.9,77602,50603,8230,5573339,7659894,16635364,3860081,7783,7616,16.7,55.7
5998,32,8,4,52.5,23564,15217,3484,6669164,7659894,16635364,3860081,2851,1918,55.1,100.0
5999,32,8,5,85.2,62026,44605,11682,7408712,7659894,16635364,3860081,2906,4199,41.2,56.2
6000,32,8,6,43.9,19349,11908,1295,5218213,7659894,16635364,3860081,811,1481,36.1,67.3
6001,32,9,1,47.3,6565,5591,1349,1678254,1851381,4041876,1011997,710,678,47.0,77.6
6002,32,9,2,58.2,8266,3862,767,1147793,1851381,4041876,1011997,456,232,78.7,39.5
6003,32,9,3,91.9,10982,5799,1228,1379235,1851381,4041876,1011997,1322,174,16.1,80.8
6004,32,9,4,50.1,14838,9930,1234,1371540,1851381,4041876,1011997,1378,1287,54.2,62.3
6005,32,9,5,54.4,11557,7783,1452,1407762,1851381,4041876,1011997,1529,977,25.8,99.0
6006,32,9,6,84.5,6430,4930,1521,1272670,1851381,4041876,1011997,1147,531,24.5,64.4
6007,32,10,1,42.0,81868,50006,15357,8978694,10725859,23178181,4231580,12004,7199,60.5,52.0
6008,32,10,2,89.1,60367,34352,9695,6501422,10725859,23178181,4231580,2026,5934,50.2,100.0
6009,32,10,3,85.1,72468,44851,6805,6585097,10725859,23178181,4231580,4394,2323,67.0,100.0
6010,32,10,4,48.6,107503,64707,19298,6607298,10725859,23178181,4231580,7453,4949,45.8,43.9
6011,32,10,5,63.4,27586,13512,3106,6453345,10725859,23178181,4231580,1931,1768,35.3,78.7
6012,32,10,6,94.1,45064,31070,8744,8111147,10725859,23178181,4231580,6376,3996,58.8,53.1
6013,32,11,1,46.0,176052,118992,27688,15711173,18444491,42117882,5735327,27770,7220,62.7,38.9
6014,32,11,2,94.6,165211,117016,28226,16837531,18444491,42117882,5735327,27402,7230,93.1,68.1
6015,32,11,3,42.4,56286,44807,11383,17794416,18444491,42117882,5735327,8162,2044,49.9,72.0
6016,32,11,4,91.2,34504,30848,4389,6690069,18444491,42117882,5735327,5807,4485,71.6,11.8
6017,32,11,5,53.1,87003,60502,13230,17094116,18444491,42117882,5735327,3808,2312,64.0,59.3
6018,32,11,6,59.0,69018,46266,4673,15941022,18444491,42117882,5735327,6121,1436,43.4,27.9
6019,32,12,1,93.2,34523,18231,2191,6366214,10108566,21683562,3728483,1408,1757,63.8,79.8
6020,32,12,2,76.2,74581,53543,8095,7609878,10108566,21683562,3728483,9250,6023,50.2,39.0
6021,32,12,3,35.2,22179,14575,3328,8163825,10108566,21683562,3728483,990,836,45.0,51.7
6022,32,12,4,37.8,35563,24583,2805,9385035,10108566,21683562,3728483,1759,2442,30.3,51.8
6023,32,12,5,69.2,99729,80578,26142,6422116,10108566,21683562,3728483,15915,9450,13.7,55.1
6024,32,12,6,84.6,40127,24801,5858,8391601,10108566,21683562,3728483,5435,4444,49.9,37.0
6025,32,13,1,81.1,105587,63077,13378,22052221,23204753,50024736,8399011,9416,10326,65.2,58.4
6026,32,13,2,61.8,190905,149322,47940,20683776,23204753,50024736,8399011,21015,20808,50.2,62.6
6027,32,13,3,67.4,184491,104209,20363,15508577,23204753,50024736,8399011,16922,6466,43.7,73.2
6028,32,13,4,47.1,94052,39564,7438,22580800,23204753,50024736,8399011,6716,1322,41.6,44.7
6029,32,13,5,93.8,134130,111885,38067,14312384,23204753,50024736,8399011,6872,6709,46.8,79.4
6030,32,13,6,71.6,156504,96577,14308,21088119,23204753,50024736,8399011,21297,12140,36.4,35.6
6031,32,14,1,97.0,299474,187880,45185,30023232,32537983,68297450,11501734,32870,18748,43.3,89.6
6032,32,14,2,58.4,283668,128171,19380,30280606,32537983,68297450,11501734,10985,19910,71.8,27.6
6033,32,14,3,47.1,47803,71602,21759,30681743,32537983,68297450,11501734,3736,10189,35.5,39.8
6034,32,14,4,69.4,271768,200051,35785,25206814,32537983,68297450,11501734,47037,29521,50.6,55.5
6035,32,14,5,76.1,67093,48709,8164,20376782,32537983,68297450,11501734,3195,7137,50.2,54.2
6036,32,14,6,70.9,319273,275798,80962,30987941,32537983,68297450,11501734,23293,17721,30.7,84.7
6037,32,15,1,59.1,6463,5262,1733,533241,878370,1864525,374374,589,371,46.9,38.9
6038,32,15,2,85.8,44152,3834,977,593290,878370,1864525,374374,636,320,64.6,57.1
6039,32,15,3,81.7,9158,6692,972,581536,878370,1864525,374374,980,785,39.2,36.3
6040,32,15,4,92.4,8957,3917,1299,831509,878370,1864525,374374,358,203,47.3,29.4
6041,32,15,5,38.0,5509,4225,1119,566097,878370,1864525,374374,584,464,34.0,60.6
6042,32,15,6,68.2,5250,2336,558,6613341,878370,1864525,374374,227,114,26.6,49.5
6043,32,16,1,98.3,6773,5153,1371,880584,996788,1972518,351302,457,683,54.2,42.9
6044,32,16,2,94.2,6183,2610,463,774401,996788,1972518,351302,503,233,47.4,57.6
6045,32,16,3,53.9,5908,3441,1122,965499,996788,1972518,351302,607,121,70.2,52.7
6046,32,16,4,48.3,8613,3451,610,800598,996788,1972518,351302,832,270,69.6,54.3
6047,32,16,5,80.6,8910,4423,990,750319,996788,1972518,351302,855,629,36.4,43.1
6048,32,16,6,86.7,7468,5229,1520,857584,996788,1972518,351302,983,844,51.8,52.4
6049,32,17,1,59.6,1691,845,198,186921,308894,702534,100993,198,48,41.6,59.9
6050,32,17,2,70.9,1782,1219,371,212534,308894,702534,100993,273,185,45.0,53.5
6051,32,17,3,92.3,3029,2498,636,266888,308894,702534,100993,182,89,67.6,66.1
6052,32,17,4,44.7,1339,686,177,260238,308894,702534,100993,54,64,70.2,43.7
6053,32,17,5,92.0,2794,2289,312,6665596,308894,702534,100993,353,192,61.7,10.4
6054,32,17,6,82.7,1829,856,159,273811,308894,702534,100993,184,27,69.8,69.6
6055,32,18,1,47.4,45262,2206,554,505492,617450,1243473,298820,173,381,44.3,86.0
6056,32,18,2,72.8,2840,2116,292,581390,617450,1243473,298820,254,319,41.7,46.3
6057,32,18,3,94.7,5305,3840,388,438098,617450,1243473,298820,597,240,33.8,51.8
6058,32,18,4,41.5,4241,3679,721,422245,617450,1243473,298820,243,450,36.6,58.0
6059,32,18,5,48.5,5351,3392,895,590076,617450,1243473,298820,625,448,79.0,70.6
6060,32,18,6,94.5,3750,2264,722,520874,617450,1243473,298820,118,175,48.3,92.3
6061,32,19,1,63.9,84859,57259,10876,9459218,11215015,28402680,6328063,8882,6951,38.2,47.4
6062,32,19,2,87.9,65074,40837,11501,10195233,11215015,28402680,6328063,8390,3374,34.4,66.9
6063,32,19,3,81.7,89408,42317,5863,8613709,11215015,28402680,6328063,5787,3523,95.6,6.0
6064,32,19,4,64.7,132641,119074,31204,8535571,11215015,28402680,6328063,24652,5018,65.0,77.8
6065,32,19,5,61.4,133735,118384,33819,10403986,11215015,28402680,6328063,8478,12746,56.0,81.9
6066,32,19,6,79.7,32454,28414,5087,9697025,11215015,28402680,6328063,6021,1668,57.3,34.5
6067,32,20,1,42.5,77513,49111,5936,6706245,7870220,18665807,2415832,9182,6659,62.5,57.3
6068,32,20,2,77.8,25943,13501,1814,6649591,7870220,18665807,2415832,922,725,41.6,42.9
6069,32,20,3,86.6,81801,44492,15060,4987208,7870220,18665807,2415832,3161,4853,52.8,26.0
6070,32,20,4,56.3,19160,14588,4282,6873331,7870220,18665807,2415832,1964,593,60.2,57.5
6071,32,20,5,53.7,44553,15878,3997,6899919,7870220,18665807,2415832,2322,730,30.5,10.4
6072,32,20,6,37.0,65847,51670,6237,5458516,7870220,18665807,2415832,11832,2700,49.9,19.2
6073,32,21,1,58.3,152530,137089,18721,18082589,20459462,48125420,7485460,32870,11928,65.1,54.1
6074,32,21,2,45.2,77131,62688,11071,19797144,20459462,48125420,7485460,10272,6013,66.0,67.0
6075,32,21,3,53.8,47803,54948,18550,19111397,20459462,48125420,7485460,9869,7992,60.0,63.0
6076,32,21,4,79.8,88192,47256,8260,19169673,20459462,48125420,7485460,6710,1821,72.9,99.8
6077,32,21,5,77.7,237712,103581,20928,14557049,20459462,48125420,7485460,24280,17391,44.1,57.1
6078,32,21,6,65.5,189795,114549,17445,14627086,20459462,48125420,7485460,6297,14019,61.3,78.3
6079,32,22,1,45.0,953,742,163,165495,182683,426389,94559,133,34,46.0,61.4
6080,32,22,2,66.7,1448,1127,219,138157,182683,426389,94559,131,74,39.4,60.7
6081,32,22,3,78.6,367,268,35,161710,182683,426389,94559,52,25,77.7,53.0
6082,32,22,4,48.6,2056,1741,470,113108,182683,426389,94559,345,261,48.9,54.6
6083,32,22,5,52.1,1866,1097,201,156402,182683,426389,94559,198,166,58.5,62.4
6084,32,22,6,78.4,468,242,29,171289,182683,426389,94559,15,17,36.8,41.4
6085,32,23,1,47.9,181188,84051,22665,15577508,22647856,48952236,8056404,15016,5060,82.9,73.3
6086,32,23,2,81.9,51733,39030,12592,17717881,22647856,48952236,8056404,3845,2311,35.1,38.9
6087,32,23,3,67.8,185163,154773,26716,19036089,22647856,48952236,8056404,26554,15680,35.4,35.0
6088,32,23,4,85.5,201325,98367,22503,17413115,22647856,48952236,8056404,21114,6086,73.4,81.2
6089,32,23,5,90.3,165851,104932,32622,21293839,22647856,48952236,8056404,9051,10759,56.8,59.0
6090,32,23,6,71.1,159710,74683,8534,21700076,22647856,48952236,8056404,4369,4780,34.6,76.5
6091,32,24,1,98.7,72118,53838,7646,7502332,9619401,22916147,4380582,4900,7777,85.1,29.1
6092,32,24,2,82.2,61279,44618,12914,8019440,9619401,22916147,4380582,5350,4258,39.9,54.5
6093,32,24,3,55.4,112868,29511,21678,6410360,9619401,22916147,4380582,6442,10578,62.8,40.7
6094,32,24,4,94.0,78100,63421,21857,6699505,9619401,22916147,4380582,15431,6961,29.8,89.9
6095,32,24,5,66.8,104337,65898,16336,7735462,9619401,22916147,4380582,12291,8345,13.3,58.1
6096,32,24,6,58.9,101593,54473,16239,8166304,9619401,22916147,4380582,8315,8263,69.7,57.9
6097,32,25,1,71.1,11843,7781,1757,755596,1059585,2512905,483704,1867,1130,65.0,63.8
6098,32,25,2,62.2,7108,5724,1980,1019888,1059585,2512905,483704,852,829,21.4,42.7
6099,32,25,3,88.6,4329,2094,260,1035830,1059585,2512905,483704,433,305,66.0,54.2
6100,32,25,4,70.0,5302,3071,832,877656,1059585,2512905,483704,685,449,41.7,59.8
6101,32,25,5,94.4,44553,6275,1557,885307,1059585,2512905,483704,1084,344,56.0,36.6
6102,32,25,6,59.1,44526,2937,986,826471,1059585,2512905,483704,297,220,35.7,58.4
6103,32,26,1,82.9,249836,145874,16073,35193599,56881940,141769140,28324331,10752,20001,39.9,43.0
6104,32,26,2,48.9,418811,267563,82231,53773232,56881940,141769140,28324331,33881,46066,33.2,66.2
6105,32,26,3,37.8,161913,88941,24208,43093994,56881940,141769140,28324331,11672,11984,76.1,68.6
6106,32,26,4,57.3,659072,460646,55851,49140018,56881940,141769140,28324331,82349,59447,24.6,32.4
6107,32,26,5,86.1,269014,218843,37594,40619252,56881940,141769140,28324331,32741,12656,36.6,78.7
6108,32,26,6,82.9,573143,345266,56562,55355044,56881940,141769140,28324331,35718,21956,69.2,58.9
6109,32,27,1,55.7,39168,16717,4315,4408362,5970599,11640074,2278339,2594,2507,55.6,43.1
6110,32,27,2,81.8,48483,22302,2837,5832216,5970599,11640074,2278339,4434,1867,41.2,38.2
6111,32,27,3,98.7,47803,18911,4196,5374438,5970599,11640074,2278339,4041,1402,43.7,63.5
6112,32,27,4,36.5,33703,25005,5602,5318498,5970599,11640074,2278339,4738,4180,68.3,72.8
6113,32,27,5,93.1,30477,21027,2876,5254204,5970599,11640074,2278339,1084,3644,73.2,72.6
6114,32,27,6,89.8,13540,6852,1349,5406627,5970599,11640074,2278339,1200,1056,75.6,33.0
6115,32,28,1,88.7,252226,163442,27871,16682314,26542338,62329977,10269687,30126,22997,34.2,76.7
6116,32,28,2,86.1,172013,141063,21772,23790980,26542338,62329977,10269687,34405,12649,18.1,100.0
6117,32,28,3,95.1,241155,205877,64288,18034885,26542338,62329977,10269687,3693,27993,63.7,31.0
6118,32,28,4,66.3,132865,80504,20753,22731332,26542338,62329977,10269687,9347,6502,55.6,76.2
6119,32,28,5,89.4,157775,103650,21622,25814904,26542338,62329977,10269687,8636,11245,33.3,15.2
6120,32,28,6,38.4,150205,93443,25052,23819268,26542338,62329977,10269687,15203,16434,30.7,71.0
6121,32,29,1,89.7,92248,79430,10007,8261919,8819743,20614562,3357066,18109,8770,74.6,61.6
6122,32,29,2,70.1,47985,24800,8014,6111561,8819743,20614562,3357066,1578,1693,70.4,44.9
6123,32,29,3,53.3,53097,46173,5748,6458933,8819743,20614562,3357066,5728,2195,86.1,48.9
6124,32,29,4,64.5,23465,10182,3324,5633245,8819743,20614562,3357066,2460,716,69.8,82.4
6125,32,29,5,94.6,83228,72483,23320,8071630,8819743,20614562,3357066,6882,5820,64.2,72.3
6126,32,29,6,94.0,78723,70235,17995,6152367,8819743,20614562,3357066,9524,2460,49.9,23.8
6127,32,30,1,71.5,25653,14760,3636,2348804,3627268,8532358,1672264,829,1718,50.7,85.4
6128,32,30,2,80.0,26073,16671,4946,2393301,3627268,8532358,1672264,2495,556,43.5,90.3
6129,32,30,3,79.7,38891,33579,8853,3227641,3627268,8532358,1672264,2910,4801,53.7,82.5
6130,32,30,4,38.0,32473,24085,3848,3488914,3627268,8532358,1672264,4327,3445,73.3,91.6
6131,32,30,5,70.6,44553,14194,3490,3053185,3627268,8532358,1672264,3186,1447,72.3,61.0
6132,32,30,6,50.7,40771,17211,3149,3094105,3627268,8532358,1672264,1572,736,41.2,61.9
6133,32,31,1,42.0,45262,610,117,74190,87528,179238,30298,143,82,64.9,54.1
6134,32,31,2,81.2,254,199,38,72958,87528,179238,30298,45,30,45.1,75.6
6135,32,31,3,62.4,636,279,96,83349,87528,179238,30298,21,10,33.5,74.6
6136,32,31,4,39.8,585,275,72,70004,87528,179238,30298,36,17,64.4,8.4
6137,32,31,5,77.7,499,386,99,6665596,87528,179238,30298,77,48,54.8,63.5
6138,32,31,6,81.1,798,588,192,79221,87528,179238,30298,104,27,77.6,55.4
6139,32,32,1,89.0,3104,2393,359,289277,389057,897665,161044,585,378,68.6,65.4
6140,32,32,2,59.6,4009,3578,470,256509,389057,897665,161044,229,347,70.7,23.4
6141,32,32,3,69.2,1445,603,96,237251,389057,897665,161044,84,60,44.1,65.6
6142,32,32,4,52.7,1400,1205,304,246113,389057,897665,161044,210,202,86.8,60.9
6143,32,32,5,70.6,4091,3074,519,260860,389057,897665,161044,620,491,47.3,70.2
6144,32,32,6,64.5,3494,3071,807,296135,389057,897665,161044,430,239,71.1,94.9
6145,33,1,1,55.1,74846,57093,18766,14509463,15722815,31181449,5846646,9829,3856,47.6,56.2
6146,33,1,2,40.2,44152,33538,7117,12035674,15722815,31181449,5846646,3844,2591,31.3,64.6
6147,33,1,3,77.4,97001,62184,17921,9801962,15722815,31181449,5846646,8398,6049,69.5,57.2
6148,33,1,4,95.1,117113,88740,10445,9703958,15722815,31181449,5846646,20070,11039,57.1,55.0
6149,33,1,5,54.8,59833,33394,6516,10138254,15722815,31181449,5846646,5290,4060,41.5,37.8
6150,33,1,6,58.5,120209,100259,23289,10328162,15722815,31181449,5846646,17096,4139,19.3,49.3
6151,33,2,1,92.8,1440,1141,152,349175,455262,891810,136639,70,132,44.6,49.2
6152,33,2,2,70.1,4563,2370,812,423830,455262,891810,136639,348,401,32.0,85.3
6153,33,2,3,77.7,1179,1040,196,273359,455262,891810,136639,230,49,72.5,54.2
6154,33,2,4,76.6,1305,526,154,443099,455262,891810,136639,95,30,45.0,62.1
6155,33,2,5,41.1,3706,2485,368,342799,455262,891810,136639,510,175,31.7,69.9
6156,33,2,6,59.5,3879,3271,1121,392186,455262,891810,136639,739,474,64.5,45.0
6157,33,3,1,61.6,45703,27489,5653,7617803,8934533,20557847,3212672,1615,4459,52.4,70.3
6158,33,3,2,52.6,28645,24047,6065,6631720,8934533,20557847,3212672,2598,3182,47.5,54.4
6159,33,3,3,48.9,26465,19818,2424,5791143,8934533,20557847,3212672,3918,1225,44.3,42.3
6160,33,3,4,89.6,92416,28870,15617,5826647,8934533,20557847,3212672,5703,5181,42.5,20.4
6161,33,3,5,39.6,44553,34002,10447,7725496,8934533,20557847,3212672,8045,2927,23.2,35.1
6162,33,3,6,61.1,93590,76744,25842,6578153,8934533,20557847,3212672,11431,9210,53.9,33.2
6163,33,4,1,38.2,241484,206332,43575,26242378,34000091,73166156,12961503,41488,8069,62.1,44.0
6164,33,4,2,74.4,63426,52589,7805,22402690,34000091,73166156,12961503,8647,3487,77.2,78.6
6165,33,4,3,95.8,155156,71483,22991,29885102,34000091,73166156,12961503,14653,9499,74.0,67.9
6166,33,4,4,74.2,333598,28870,36971,25504864,34000091,73166156,12961503,21228,11731,39.0,44.2
6167,33,4,5,83.9,259211,107963,25389,24491250,34000091,73166156,12961503,11845,3679,56.3,50.7
6168,33,4,6,68.0,139161,120775,14979,21517242,34000091,73166156,12961503,27101,7658,26.6,78.2
6169,33,5,1,95.4,18234,15801,4694,7269842,7891584,17888571,2759147,1013,2095,37.7,15.8
6170,33,5,2,84.7,24349,16835,3255,7223021,7891584,17888571,2759147,977,512,68.8,49.3
6171,33,5,3,87.3,74659,39807,7558,6680633,7891584,17888571,2759147,6677,3875,60.4,58.1
6172,33,5,4,53.7,41793,30403,10330,6037803,7891584,17888571,2759147,6171,5031,42.0,43.8
6173,33,5,5,72.6,41177,18447,5848,5057286,7891584,17888571,2759147,3153,1154,60.0,59.7
6174,33,5,6,71.1,38417,34158,9415,5323145,7891584,17888571,2759147,3802,3547,36.2,54.1
6175,33,6,1,73.3,823,404,57,335238,401669,989455,155085,34,42,44.4,18.7
6176,33,6,2,40.6,2372,1926,523,378815,401669,989455,155085,151,216,60.6,32.7
6177,33,6,3,50.8,2178,1358,378,290143,401669,989455,155085,175,74,29.3,55.3
6178,33,6,4,93.9,2865,2400,659,260878,401669,989455,155085,584,134,60.0,34.0
6179,33,6,5,79.8,3506,1660,450,340133,401669,989455,155085,247,220,45.1,44.4
6180,33,6,6,96.4,907,382,44,280974,401669,989455,155085,86,40,35.9,52.2
6181,33,7,1,60.7,151583,76469,13790,14216253,17928415,42471740,6623151,6978,3056,25.4,15.6
6182,33,7,2,73.1,111800,63604,11148,12008082,17928415,42471740,6623151,6274,4745,81.5,39.8
6183,33,7,3,46.0,136160,104169,29215,10757751,17928415,42471740,6623151,21852,16125,24.7,55.7
6184,33,7,4,51.7,168891,90026,17263,15058745,17928415,42471740,6623151,20767,10096,54.8,61.8
6185,33,7,5,97.3,159588,121693,29102,15591472,17928415,42471740,6623151,10888,13811,49.6,67.8
6186,33,7,6,62.4,142669,90002,24859,6613341,17928415,42471740,6623151,5544,15108,31.9,85.7
6187,33,8,1,90.6,45262,52644,10883,5065576,8150944,17091169,3491873,11045,9236,64.4,50.4
6188,33,8,2,82.2,38575,29725,4242,5843141,8150944,17091169,3491873,4444,4499,77.9,32.4
6189,33,8,3,80.7,53682,29434,3015,5926184,8150944,17091169,3491873,6130,4501,29.3,11.3
6190,33,8,4,94.1,82069,72507,19232,5935146,8150944,17091169,3491873,6319,11251,76.2,64.3
6191,33,8,5,78.2,46824,41282,6595,6687782,8150944,17091169,3491873,8442,2592,17.0,77.7
6192,33,8,6,94.8,47375,32195,9219,6086686,8150944,17091169,3491873,2887,4467,33.3,72.1
6193,33,9,1,49.3,5238,2910,416,1450823,1989647,4472342,696018,645,108,43.7,51.9
6194,33,9,2,39.1,44152,7251,1558,1602031,1989647,4472342,696018,1408,817,22.2,49.8
6195,33,9,3,45.4,17159,11561,3481,1803905,1989647,4472342,696018,1830,2008,38.5,79.6
6196,33,9,4,63.3,6751,3520,362,1194232,1989647,4472342,696018,268,302,100.0,0.0
6197,33,9,5,37.5,19985,10447,1704,1549296,1989647,4472342,696018,1065,1239,38.3,54.4
6198,33,9,6,45.7,16261,8979,1448,1217702,1989647,4472342,696018,889,479,36.5,45.2
6199,33,10,1,46.3,35027,24712,2888,5962850,9822512,23899479,4227172,4936,2495,38.6,57.1
6200,33,10,2,75.6,72422,61304,14050,6073053,9822512,23899479,4227172,3926,5181,28.9,11.5
6201,33,10,3,50.8,42023,33918,8272,8019084,9822512,23899479,4227172,6182,2617,54.3,65.2
6202,33,10,4,82.9,98005,73182,21777,8186570,9822512,23899479,4227172,15400,4280,66.3,13.5
6203,33,10,5,67.0,19700,15352,1794,6440422,9822512,23899479,4227172,3690,972,47.8,75.0
6204,33,10,6,49.5,56605,50450,10680,7741447,9822512,23899479,4227172,12251,1524,51.7,25.8
6205,33,11,1,52.4,162856,96045,10984,14796548,18296081,41569853,6653371,15981,5967,50.4,71.6
6206,33,11,2,51.6,172570,102915,10293,14156051,18296081,41569853,6653371,21778,14626,55.2,70.6
6207,33,11,3,85.5,76587,52027,7233,13755226,18296081,41569853,6653371,8500,1663,35.1,30.0
6208,33,11,4,71.0,186105,107089,18968,14115349,18296081,41569853,6653371,10675,12810,18.8,35.5
6209,33,11,5,72.9,159026,119901,39681,11729225,18296081,41569853,6653371,21912,18244,37.7,71.1
6210,33,11,6,73.0,84850,54247,7813,13238358,18296081,41569853,6653371,4196,2705,45.5,39.9
6211,33,12,1,49.0,91680,45284,11899,7537087,9808119,20678234,3273656,4164,3474,46.2,8.4
6212,33,12,2,39.9,21479,12984,3545,9522617,9808119,20678234,3273656,1197,2263,22.1,81.8
6213,33,12,3,83.0,98788,81127,9951,6642674,9808119,20678234,3273656,10051,3150,71.0,25.6
6214,33,12,4,47.5,59444,44656,8865,7336532,9808119,20678234,3273656,5977,6777,79.1,68.8
6215,33,12,5,79.7,63406,51921,11917,7622538,9808119,20678234,3273656,11324,7257,53.3,58.1
6216,33,12,6,61.6,37175,25784,4216,6071040,9808119,20678234,3273656,2436,2303,33.3,46.8
6217,33,13,1,52.0,188483,103767,34871,15419200,23026850,48230596,11185625,12611,12971,66.3,75.4
6218,33,13,2,58.4,62881,30350,3871,18214601,23026850,48230596,11185625,6795,5153,46.3,95.5
6219,33,13,3,94.6,180339,103373,33379,20770976,23026850,48230596,11185625,6743,17147,78.6,63.0
6220,33,13,4,56.2,175807,82219,13311,22177751,23026850,48230596,11185625,20534,14043,63.9,55.1
6221,33,13,5,86.7,161863,136696,45151,6665596,23026850,48230596,11185625,19323,18963,39.6,51.4
6222,33,13,6,77.7,115321,60902,18389,19941046,23026850,48230596,11185625,8412,9660,53.7,54.3
6223,33,14,1,90.0,354654,161620,53484,21650449,31773982,71234521,14292590,39087,16954,59.5,83.5
6224,33,14,2,86.0,316110,177985,47861,25746866,31773982,71234521,14292590,10355,26544,48.9,60.7
6225,33,14,3,95.1,336960,282110,67889,28457583,31773982,71234521,14292590,15150,49575,15.2,44.4
6226,33,14,4,69.2,112735,68697,13070,22685809,31773982,71234521,14292590,14138,7258,35.4,66.3
6227,33,14,5,49.9,183065,141692,47925,6665596,31773982,71234521,14292590,31722,12207,35.3,66.3
6228,33,14,6,50.5,117698,70127,8751,25537008,31773982,71234521,14292590,7422,4524,83.0,68.1
6229,33,15,1,56.2,4509,1973,568,632388,787318,1737770,290006,172,354,52.4,3.9
6230,33,15,2,63.5,2728,1327,164,632109,787318,1737770,290006,290,230,47.4,38.1
6231,33,15,3,46.2,6511,3193,1110,645738,787318,1737770,290006,610,346,40.2,58.9
6232,33,15,4,51.6,5264,2747,732,524143,787318,1737770,290006,671,399,50.5,48.0
6233,33,15,5,76.9,1772,1106,272,739853,787318,1737770,290006,154,52,69.2,58.9
6234,33,15,6,85.6,3271,1333,226,732967,787318,1737770,290006,86,73,34.8,29.8
6235,33,16,1,46.0,4946,2156,556,576988,833004,2063842,320872,472,366,50.4,41.3
6236,33,16,2,57.7,8451,6773,1811,681447,833004,2063842,320872,607,455,43.8,51.2
6237,33,16,3,72.3,2258,1123,125,643680,833004,2063842,320872,127,195,50.0,40.0
6238,33,16,4,69.1,2154,1681,352,533950,833004,2063842,320872,331,140,59.4,51.0
6239,33,16,5,51.5,3240,2093,681,796209,833004,2063842,320872,397,106,47.0,46.9
6240,33,16,6,89.6,8709,7254,1275,706160,833004,2063842,320872,1702,1119,45.1,84.7
6241,33,17,1,69.2,3359,1633,178,305891,316577,747924,156216,100,118,58.0,55.2
6242,33,17,2,63.8,1558,1180,318,236832,316577,747924,156216,140,209,64.5,64.5
6243,33,17,3,39.4,2061,1322,449,279454,316577,747924,156216,115,187,31.4,63.2
6244,33,17,4,42.2,2641,1677,412,290876,316577,747924,156216,139,204,82.0,84.1
6245,33,17,5,35.0,1225,954,108,262801,316577,747924,156216,167,88,55.1,46.6
6246,33,17,6,81.7,1761,1353,385,197119,316577,747924,156216,195,174,44.7,100.0
6247,33,18,1,74.6,6315,4563,1240,541992,622444,1352564,272094,439,543,9.4,67.7
6248,33,18,2,67.2,5664,4022,1132,575533,622444,1352564,272094,432,557,23.2,82.4
6249,33,18,3,35.1,3383,1667,549,6585097,622444,1352564,272094,262,101,29.4,69.1
6250,33,18,4,46.4,6167,3171,1094,403385,622444,1352564,272094,456,331,35.7,100.0
6251,33,18,5,96.2,3531,2259,352,475984,622444,1352564,272094,455,384,59.2,50.8
6252,33,18,6,61.5,6216,3943,1146,600620,622444,1352564,272094,233,234,57.0,48.4
6253,33,19,1,77.4,39540,31872,10103,9199829,12260823,27031558,5119014,5223,4120,12.2,36.4
6254,33,19,2,41.2,90249,45572,11122,8655625,12260823,27031558,5119014,7721,2056,32.5,51.9
6255,33,19,3,81.0,130804,85434,20795,11347204,12260823,27031558,5119014,15086,8003,38.5,100.0
6256,33,19,4,73.0,88588,42542,13715,9879436,12260823,27031558,5119014,6191,3282,62.7,93.8
6257,33,19,5,58.1,136925,110171,24748,9596510,12260823,27031558,5119014,10009,18178,50.2,73.2
6258,33,19,6,67.2,29706,23468,6808,9910810,12260823,27031558,5119014,1368,2631,26.0,20.4
6259,33,20,1,41.9,81122,46987,12630,7895796,8402586,18876478,2424497,2443,6395,61.2,57.0
6260,33,20,2,45.6,23886,18360,1939,5915854,8402586,18876478,2424497,2678,952,51.2,71.1
6261,33,20,3,53.7,47803,22274,6228,5925299,8402586,18876478,2424497,3988,2864,44.9,66.5
6262,33,20,4,51.2,77951,32759,3732,7173358,8402586,18876478,2424497,7186,2200,62.2,36.5
6263,33,20,5,68.1,24594,18317,5645,6665596,8402586,18876478,2424497,3491,1909,50.6,67.3
6264,33,20,6,63.7,52452,46266,6262,5152089,8402586,18876478,2424497,9693,4645,69.7,56.9
6265,33,21,1,40.9,52848,40340,12085,12505007,20760639,48094708,7146246,4719,5456,34.3,57.1
6266,33,21,2,71.6,238078,146220,20754,12773283,20760639,48094708,7146246,23071,15229,56.2,41.6
6267,33,21,3,75.8,49738,21897,2277,17756884,20760639,48094708,7146246,2338,2182,37.1,38.8
6268,33,21,4,87.9,184133,76683,23246,15449805,20760639,48094708,7146246,4530,4703,43.3,15.3
6269,33,21,5,35.5,52901,29824,8768,15996766,20760639,48094708,7146246,2912,4275,52.6,61.0
6270,33,21,6,43.6,219866,169175,40412,15195585,20760639,48094708,7146246,32113,11161,50.2,55.0
6271,33,22,1,51.4,45262,1129,226,186280,198253,401234,97350,234,169,74.5,51.0
6272,33,22,2,54.4,911,562,136,161581,198253,401234,97350,39,44,52.5,60.8
6273,33,22,3,80.7,1960,1724,210,176754,198253,401234,97350,345,140,52.8,36.9
6274,33,22,4,80.1,956,482,109,127746,198253,401234,97350,103,86,76.4,44.3
6275,33,22,5,35.7,518,381,109,121839,198253,401234,97350,34,48,67.0,66.4
6276,33,22,6,39.6,757,389,128,190218,198253,401234,97350,48,42,37.3,49.5
6277,33,23,1,58.7,232267,208980,38191,15581169,21558960,48532922,8717452,23153,33781,69.8,50.4
6278,33,23,2,56.4,232664,143005,26305,15533871,21558960,48532922,8717452,23954,20300,87.3,65.7
6279,33,23,3,37.7,54206,33213,5534,16189754,21558960,48532922,8717452,2197,3314,58.8,3.5
6280,33,23,4,70.3,145705,108909,17193,16413914,21558960,48532922,8717452,16144,10613,58.0,63.2
6281,33,23,5,92.1,229351,152503,24085,14339006,21558960,48532922,8717452,29909,15780,57.0,64.2
6282,33,23,6,83.3,187907,95631,31350,14273976,21558960,48532922,8717452,17878,13213,66.1,74.7
6283,33,24,1,74.0,82165,46458,12010,7752820,10422131,23188589,4171724,8482,2056,44.7,44.6
6284,33,24,2,62.7,79504,38220,9807,9322277,10422131,23188589,4171724,2030,5059,46.5,38.4
6285,33,24,3,62.0,21482,11237,2350,7526596,10422131,23188589,4171724,2332,1879,49.1,99.0
6286,33,24,4,47.7,74313,62427,12847,6680633,10422131,23188589,4171724,7953,4836,49.9,50.4
6287,33,24,5,96.8,44553,26373,7370,8435278,10422131,23188589,4171724,5999,3050,69.2,33.9
6288,33,24,6,76.7,65592,38001,11596,10009918,10422131,23188589,4171724,3934,6611,15.9,56.7
6289,33,25,1,92.6,3438,1699,328,685897,1096836,2510690,497385,249,155,46.5,44.8
6290,33,25,2,69.7,11000,6241,1618,813406,1096836,2510690,497385,1166,906,63.5,66.1
6291,33,25,3,84.0,10285,6731,2207,908421,1096836,2510690,497385,870,601,67.7,76.4
6292,33,25,4,63.5,9925,4060,1343,872088,1096836,2510690,497385,250,546,2.6,18.5
6293,33,25,5,84.4,4750,2017,330,974411,1096836,2510690,497385,243,331,50.2,59.7
6294,33,25,6,61.4,7075,6080,1512,866117,1096836,2510690,497385,667,790,11.6,43.1
6295,33,26,1,50.5,248586,29447,16852,55526343,59711106,130953635,27789021,20863,21023,40.6,50.5
6296,33,26,2,72.3,462885,366360,51536,56369976,59711106,130953635,27789021,68480,53926,56.4,91.7
6297,33,26,3,69.4,187901,142576,31179,53074700,59711106,130953635,27789021,18557,22432,66.0,38.0
6298,33,26,4,84.5,634751,402800,58821,54060517,59711106,130953635,27789021,71380,56447,55.3,41.2
6299,33,26,5,39.6,688114,313159,94781,58059189,59711106,130953635,27789021,78210,20359,55.6,72.0
6300,33,26,6,47.1,618347,536907,104506,41283330,59711106,130953635,27789021,3520,43721,53.8,46.9
6301,33,27,1,98.6,58205,30316,5014,3667890,5972575,12180118,2141213,2112,2951,40.5,89.3
6302,33,27,2,71.5,49171,28837,9491,5379347,5972575,12180118,2141213,7074,1094,56.3,76.1
6303,33,27,3,54.1,34122,30079,8651,4094748,5972575,12180118,2141213,4523,1764,24.8,54.1
6304,33,27,4,82.8,13584,11473,3852,3740242,5972575,12180118,2141213,1487,415,37.7,60.6
6305,33,27,5,93.5,37408,31383,8343,5347985,5972575,12180118,2141213,5250,1522,16.9,6.8
6306,33,27,6,82.7,27493,16968,5221,4467286,5972575,12180118,2141213,2261,2868,62.7,62.6
6307,33,28,1,46.3,254457,227687,56335,18209500,24382338,61316090,9040785,31198,29473,42.0,69.9
6308,33,28,2,94.1,219263,125031,29826,23351400,24382338,61316090,9040785,8231,18330,65.2,26.2
6309,33,28,3,72.4,209582,88127,9911,19752810,24382338,61316090,9040785,12738,5388,47.5,38.8
6310,33,28,4,98.8,44638,156782,36907,20445323,24382338,61316090,9040785,11152,24607,43.9,62.5
6311,33,28,5,56.5,279348,140590,32271,20035978,24382338,61316090,9040785,26772,25143,41.1,77.6
6312,33,28,6,72.2,60344,37701,10265,17736134,24382338,61316090,9040785,7915,6397,61.5,88.1
6313,33,29,1,78.6,94722,38842,9595,7361835,7982447,20267051,3989841,9287,3411,62.8,51.7
6314,33,29,2,67.6,55087,40670,4739,7025757,7982447,20267051,3989841,3036,6747,44.0,16.4
6315,33,29,3,35.7,19832,13512,3382,5846618,7982447,20267051,3989841,1076,1746,44.5,42.3
6316,33,29,4,93.8,69441,47590,9301,4816544,7982447,20267051,3989841,8705,2283,48.9,63.9
6317,33,29,5,41.4,72030,38143,8543,5360340,7982447,20267051,3989841,7242,2694,68.6,24.8
6318,33,29,6,48.0,62806,45040,7450,5185744,7982447,20267051,3989841,10604,2044,43.5,28.3
6319,33,30,1,72.2,27679,11295,2714,3337990,3861466,8301648,1557764,926,808,65.3,76.8
6320,33,30,2,65.7,36916,22450,5833,3471404,3861466,8301648,1557764,3265,1075,36.3,57.0
6321,33,30,3,77.1,30705,14244,4673,2364413,3861466,8301648,1557764,2069,1394,12.6,51.2
6322,33,30,4,47.1,15389,8382,1300,3553189,3861466,8301648,1557764,2084,809,42.3,29.5
6323,33,30,5,75.8,32310,20298,6355,3046565,3861466,8301648,1557764,2358,2127,40.7,98.1
6324,33,30,6,74.2,20835,17649,2665,3163736,3861466,8301648,1557764,3689,1706,46.8,33.4
6325,33,31,1,60.3,768,335,63,65558,79263,184503,40445,51,28,51.7,30.8
6326,33,31,2,56.8,44152,99,30,71733,79263,184503,40445,8,10,15.6,59.0
6327,33,31,3,43.7,47803,385,98,67226,79263,184503,40445,68,53,50.6,89.5
6328,33,31,4,75.8,44638,620,148,54664,79263,184503,40445,53,31,25.5,58.4
6329,33,31,5,85.1,842,744,123,56532,79263,184503,40445,86,96,48.2,38.3
6330,33,31,6,90.0,789,29102,113,63730,79263,184503,40445,88,20,39.6,27.3
6331,33,32,1,80.7,1738,1190,237,354205,428967,904137,144129,291,185,24.4,54.5
6332,33,32,2,37.2,4247,3809,398,263063,428967,904137,144129,682,208,48.8,55.1
6333,33,32,3,51.7,1710,696,106,364596,428967,904137,144129,122,125,17.4,28.1
6334,33,32,4,50.3,1030,712,116,282696,428967,904137,144129,101,122,59.8,46.6
6335,33,32,5,83.7,1206,822,165,338602,428967,904137,144129,122,142,57.4,33.3
6336,33,32,6,61.7,2948,2481,250,417519,428967,904137,144129,488,198,48.6,68.8
6337,34,1,1,59.2,39818,26339,7052,9231911,13374474,31440146,6238034,6474,2474,64.0,93.8
6338,34,1,2,66.1,133031,85983,22889,12432130,13374474,31440146,6238034,6108,10170,69.0,29.1
6339,34,1,3,96.5,96830,51747,6680,12864072,13374474,31440146,6238034,5311,5446,59.3,36.9
6340,34,1,4,96.8,72931,44881,9353,12490195,13374474,31440146,6238034,5040,2943,53.5,43.4
6341,34,1,5,73.9,134262,115293,22249,12067751,13374474,31440146,6238034,9470,8705,31.8,39.4
6342,34,1,6,42.1,120017,58437,9067,8311131,13374474,31440146,6238034,12013,3035,71.0,55.9
6343,34,2,1,38.2,3286,1963,341,244662,399875,940217,149111,186,64,66.4,50.2
6344,34,2,2,46.3,1155,27048,225,359844,399875,940217,149111,144,23,60.5,47.3
6345,34,2,3,97.5,1141,708,193,295369,399875,940217,149111,52,33,49.9,26.5
6346,34,2,4,40.6,4645,1908,456,362492,399875,940217,149111,104,262,54.0,70.3
6347,34,2,5,78.8,2291,984,285,295122,399875,940217,149111,66,166,30.6,63.2
6348,34,2,6,94.5,2600,2226,772,347014,399875,940217,149111,392,205,34.3,60.1
6349,34,3,1,51.8,22670,10742,2852,8657136,9657856,20213974,3969047,1690,1403,46.8,47.3
6350,34,3,2,88.8,33825,19178,4553,6297640,9657856,20213974,3969047,1640,761,53.4,74.7
6351,34,3,3,37.0,53494,44060,7385,6452704,9657856,20213974,3969047,3970,7901,53.3,70.1
6352,34,3,4,71.3,19138,10489,3128,7159376,9657856,20213974,3969047,2160,1329,50.0,45.1
6353,34,3,5,72.6,36957,32939,6473,6356361,9657856,20213974,3969047,6995,4939,48.6,38.6
6354,34,3,6,44.6,42729,31709,6270,8747987,9657856,20213974,3969047,4418,5675,45.4,28.2
6355,34,4,1,53.4,102861,49477,12262,20674350,31936505,75545187,14198419,9831,4653,50.3,69.0
6356,34,4,2,36.5,164920,132182,24489,28986015,31936505,75545187,14198419,29527,15088,66.0,26.5
6357,34,4,3,54.7,127014,72489,15265,28008371,31936505,75545187,14198419,13777,10888,40.1,70.7
6358,34,4,4,56.9,178305,91634,18987,25151885,31936505,75545187,14198419,6709,11025,50.8,40.4
6359,34,4,5,73.9,299893,152395,25722,27600414,31936505,75545187,14198419,25383,24677,23.0,72.7
6360,34,4,6,96.3,220513,89727,23063,28908584,31936505,75545187,14198419,12046,14159,67.4,62.2
6361,34,5,1,93.9,44838,30339,9419,5477751,8611631,16254880,3318662,7327,2965,70.2,52.3
6362,34,5,2,52.3,70719,54702,13711,7880789,8611631,16254880,3318662,5934,3433,76.1,36.5
6363,34,5,3,75.5,70753,50661,12251,6422146,8611631,16254880,3318662,11232,6796,71.3,67.8
6364,34,5,4,69.8,83784,48925,9530,5439742,8611631,16254880,3318662,7838,5927,22.8,68.8
6365,34,5,5,89.5,32999,27706,6300,6275858,8611631,16254880,3318662,6347,996,55.6,36.8
6366,34,5,6,36.7,78904,32975,5806,6517626,8611631,16254880,3318662,7661,2172,38.4,80.4
6367,34,6,1,41.0,1031,756,111,404805,472018,920171,208502,164,106,51.5,37.2
6368,34,6,2,79.3,3907,27048,471,359436,472018,920171,208502,765,385,61.6,39.1
6369,34,6,3,49.8,2275,1951,340,428818,472018,920171,208502,212,162,53.9,80.9
6370,34,6,4,71.4,3337,1679,487,405024,472018,920171,208502,413,283,7.0,17.1
6371,34,6,5,50.9,1782,1099,212,447729,472018,920171,208502,211,192,43.4,60.5
6372,34,6,6,38.7,4025,3047,454,302149,472018,920171,208502,225,378,57.1,58.1
6373,34,7,1,39.1,101349,66399,16962,12324707,20318115,40178324,7253855,14647,2253,0.0,65.3
6374,34,7,2,64.0,161333,121696,29984,12962316,20318115,40178324,7253855,19747,21640,46.5,12.0
6375,34,7,3,58.8,142333,124397,32333,15293898,20318115,40178324,7253855,12764,16238,49.1,61.7
6376,34,7,4,43.6,90328,79392,18791,13220639,20318115,40178324,7253855,19273,12379,32.2,44.5
6377,34,7,5,93.4,149250,61901,6712,13360933,20318115,40178324,7253855,5854,6560,30.3,76.7
6378,34,7,6,93.0,175432,88570,29060,19911595,20318115,40178324,7253855,11238,2876,44.7,34.8
6379,34,8,1,46.3,84214,67649,20072,4592009,7550299,18178980,3379454,5268,9961,44.0,83.2
6380,34,8,2,78.1,28042,19162,2234,5010440,7550299,18178980,3379454,3038,632,42.1,56.2
6381,34,8,3,77.0,85120,45502,7461,4651814,7550299,18178980,3379454,7746,2462,57.6,45.7
6382,34,8,4,72.1,79800,28870,14114,6064294,7550299,18178980,3379454,3490,7951,32.0,63.7
6383,34,8,5,41.9,79582,64805,17011,6791368,7550299,18178980,3379454,11175,4467,47.9,24.3
6384,34,8,6,66.1,60147,31983,10608,5567227,7550299,18178980,3379454,2095,5723,79.9,80.0
6385,34,9,1,78.5,10517,8269,1790,1822450,1914326,4227666,1000139,2005,1413,61.0,65.0
6386,34,9,2,74.9,12791,10184,2529,1162219,1914326,4227666,1000139,1255,580,14.9,51.5
6387,34,9,3,95.5,6535,3414,1079,1600912,1914326,4227666,1000139,721,220,43.5,36.9
6388,34,9,4,35.3,19296,12042,2781,1446848,1914326,4227666,1000139,2685,1911,64.9,28.3
6389,34,9,5,74.4,20892,13104,2451,1531141,1914326,4227666,1000139,2790,1126,54.1,18.5
6390,34,9,6,46.4,5540,4078,782,1220276,1914326,4227666,1000139,845,605,47.7,32.0
6391,34,10,1,46.0,110045,79472,12329,8214060,10013683,22508171,5229168,16658,3134,16.8,100.0
6392,34,10,2,90.1,20822,14926,4915,6760998,10013683,22508171,5229168,2001,1844,42.6,49.6
6393,34,10,3,89.7,64499,57133,18502,7801907,10013683,22508171,5229168,3708,7138,67.9,40.4
6394,34,10,4,88.7,89497,41857,5803,8776237,10013683,22508171,5229168,8318,7123,83.6,48.6
6395,34,10,5,44.1,44553,47810,16161,7958597,10013683,22508171,5229168,7073,4141,40.5,16.4
6396,34,10,6,81.1,78202,50076,14220,6693806,10013683,22508171,5229168,3130,6363,30.6,39.2
6397,34,11,1,48.9,63371,29447,15621,9960044,16232935,38417697,8494043,3288,6026,62.2,7.2
6398,34,11,2,60.0,68650,51579,13321,12025372,16232935,38417697,8494043,10984,5206,63.0,77.9
6399,34,11,3,40.0,58719,43132,13289,15240618,16232935,38417697,8494043,4017,1440,30.8,37.8
6400,34,11,4,43.5,120358,90422,27688,12403929,16232935,38417697,8494043,9569,15450,15.6,45.4
6401,34,11,5,87.8,193322,121983,37730,14437504,16232935,38417697,8494043,17066,9580,74.8,64.3
6402,34,11,6,67.7,104445,59662,10728,15470770,16232935,38417697,8494043,4631,6923,51.4,39.1
6403,34,12,1,90.6,30867,21069,3025,7487368,8704652,22464639,3846450,2271,3329,49.9,48.8
6404,34,12,2,42.6,82423,59605,19784,6248810,8704652,22464639,3846450,6375,8032,23.2,64.3
6405,34,12,3,92.9,65785,51373,13606,5768337,8704652,22464639,3846450,9368,4985,46.3,74.2
6406,34,12,4,35.9,67184,53005,16237,6376026,8704652,22464639,3846450,5798,3980,71.0,59.8
6407,34,12,5,35.3,53790,32675,5927,8099227,8704652,22464639,3846450,4081,2736,50.7,32.8
6408,34,12,6,52.3,98375,65010,10523,6700031,8704652,22464639,3846450,4216,10543,38.3,60.7
6409,34,13,1,67.2,108418,52713,5767,16021654,20666346,47937489,10156043,12161,8380,44.7,70.7
6410,34,13,2,86.7,172305,128139,19927,14244705,20666346,47937489,10156043,21111,12271,38.3,42.4
6411,34,13,3,68.1,135627,122038,27290,20169032,20666346,47937489,10156043,19475,4660,54.6,78.3
6412,34,13,4,70.9,148217,118081,29251,14447319,20666346,47937489,10156043,14513,14584,43.0,68.1
6413,34,13,5,96.4,58908,30730,9490,18996166,20666346,47937489,10156043,6490,2587,54.2,64.4
6414,34,13,6,97.3,191089,88366,28257,19302225,20666346,47937489,10156043,14673,5870,82.8,13.1
6415,34,14,1,49.0,134093,68003,9694,26463671,31741564,71412090,9889160,16890,7913,36.3,67.5
6416,34,14,2,84.7,353032,27048,43044,26064087,31741564,71412090,9889160,33949,22394,40.7,47.1
6417,34,14,3,64.5,188556,78298,11838,6585097,31741564,71412090,9889160,4982,11901,62.0,83.1
6418,34,14,4,63.4,83921,54650,16578,25841442,31741564,71412090,9889160,8838,4554,87.8,42.3
6419,34,14,5,74.4,136111,98756,13741,25372604,31741564,71412090,9889160,17149,5024,69.5,74.9
6420,34,14,6,61.2,299907,201828,51553,25249012,31741564,71412090,9889160,47455,35317,46.7,51.1
6421,34,15,1,77.1,2660,1969,448,542887,780550,1773705,300240,416,210,95.7,68.3
6422,34,15,2,93.2,2329,1676,184,617959,780550,1773705,300240,401,223,52.9,78.7
6423,34,15,3,74.4,7658,3142,640,712281,780550,1773705,300240,597,337,62.5,100.0
6424,34,15,4,43.4,2768,1363,149,657264,780550,1773705,300240,328,109,28.8,56.9
6425,34,15,5,58.0,6249,2938,352,507560,780550,1773705,300240,677,423,67.1,46.7
6426,34,15,6,67.7,6457,2776,359,493861,780550,1773705,300240,470,188,30.7,41.1
6427,34,16,1,64.6,8829,6875,1561,731380,858980,2045722,272633,778,505,49.2,44.8
6428,34,16,2,62.9,7085,5233,531,731977,858980,2045722,272633,345,497,75.6,45.6
6429,34,16,3,75.0,7070,4250,590,678137,858980,2045722,272633,627,567,48.8,42.0
6430,34,16,4,80.7,44638,5609,1332,788307,858980,2045722,272633,326,258,38.0,65.2
6431,34,16,5,43.3,7630,6100,1417,545976,858980,2045722,272633,439,578,49.4,67.1
6432,34,16,6,55.2,2602,2132,297,575659,858980,2045722,272633,317,143,39.3,38.3
6433,34,17,1,93.8,3346,2117,295,295922,343795,701750,126067,292,280,51.5,52.8
6434,34,17,2,82.2,1741,27048,225,304576,343795,701750,126067,124,117,74.9,37.2
6435,34,17,3,74.7,1383,573,175,253553,343795,701750,126067,137,97,31.7,62.1
6436,34,17,4,57.5,2991,1931,669,218862,343795,701750,126067,379,284,47.0,61.3
6437,34,17,5,98.8,934,443,126,284692,343795,701750,126067,78,20,50.2,59.0
6438,34,17,6,46.5,1313,827,135,264449,343795,701750,126067,178,135,42.7,49.4
6439,34,18,1,97.0,1207,929,123,557746,627385,1244820,198167,172,122,31.6,78.8
6440,34,18,2,48.5,3860,3167,701,481538,627385,1244820,198167,708,251,23.0,52.7
6441,34,18,3,61.1,6193,4597,727,602607,627385,1244820,198167,1057,395,53.5,58.7
6442,34,18,4,50.7,6143,5056,631,386946,627385,1244820,198167,1011,687,41.2,67.0
6443,34,18,5,67.1,3116,1950,484,589523,627385,1244820,198167,290,315,78.5,48.2
6444,34,18,6,70.7,4914,2259,574,409941,627385,1244820,198167,197,357,32.2,41.4
6445,34,19,1,88.0,76979,42804,5556,10166353,11660454,27218377,5471749,3998,4500,76.3,87.3
6446,34,19,2,59.1,41810,30663,8389,8669865,11660454,27218377,5471749,7637,1091,60.0,55.2
6447,34,19,3,73.0,115969,66229,21482,9397682,11660454,27218377,5471749,11325,5441,64.4,82.0
6448,34,19,4,96.4,44638,75693,14593,8732443,11660454,27218377,5471749,5393,11933,8.3,85.2
6449,34,19,5,90.1,27680,22459,4869,9711751,11660454,27218377,5471749,4827,3663,89.0,76.8
6450,34,19,6,90.9,94782,51547,6195,7823527,11660454,27218377,5471749,6046,4968,47.4,38.4
6451,34,20,1,76.4,51799,26890,8396,4732704,7755222,18332211,2525505,5708,2829,59.2,62.7
6452,34,20,2,45.6,62494,50268,12164,7149450,7755222,18332211,2525505,12098,9001,24.8,93.8
6453,34,20,3,65.9,39655,27828,3976,7111787,7755222,18332211,2525505,5428,2455,15.1,73.7
6454,34,20,4,86.7,84036,39976,8894,4869457,7755222,18332211,2525505,2147,5282,58.1,69.6
6455,34,20,5,43.1,62295,49814,8021,7193840,7755222,18332211,2525505,4203,2783,51.3,40.4
6456,34,20,6,79.4,72710,38148,12895,5669558,7755222,18332211,2525505,2593,6621,51.8,57.9
6457,34,21,1,53.5,239816,147942,15529,17517933,19648705,46801629,11185363,9962,14852,84.4,52.3
6458,34,21,2,70.4,77711,59009,13944,12735361,19648705,46801629,11185363,9629,3154,18.3,84.8
6459,34,21,3,98.9,230107,182310,18801,14610366,19648705,46801629,11185363,37414,6256,43.7,100.0
6460,34,21,4,39.8,154930,87932,23289,18906100,19648705,46801629,11185363,12568,14070,40.9,70.7
6461,34,21,5,69.4,227750,198918,21730,14049022,19648705,46801629,11185363,47793,29489,72.1,53.4
6462,34,21,6,35.5,145206,123036,19586,12190239,19648705,46801629,11185363,9464,20157,100.0,68.1
6463,34,22,1,50.4,1619,1319,268,118809,181919,420379,79558,87,197,39.4,82.2
6464,34,22,2,94.2,1540,1158,119,147779,181919,420379,79558,265,40,43.6,45.3
6465,34,22,3,70.7,925,438,49,139463,181919,420379,79558,40,34,48.5,56.2
6466,34,22,4,39.6,1072,943,247,159820,181919,420379,79558,125,111,49.9,49.5
6467,34,22,5,48.1,1388,696,224,155768,181919,420379,79558,91,91,56.6,93.8
6468,34,22,6,42.8,1607,1387,155,133739,181919,420379,79558,203,208,35.7,0.0
6469,34,23,1,84.0,120894,99175,11433,13135137,21239042,44363724,9230986,8638,6746,49.2,34.5
6470,34,23,2,52.6,163189,98850,18064,6631720,21239042,44363724,9230986,17436,10799,35.7,29.5
6471,34,23,3,50.5,43726,22534,3197,14509094,21239042,44363724,9230986,2907,1382,34.8,51.0
6472,34,23,4,69.9,145933,97064,33400,15875992,21239042,44363724,9230986,15579,3422,55.6,54.3
6473,34,23,5,85.9,102140,46542,6472,16630914,21239042,44363724,9230986,10750,4976,20.2,59.0
6474,34,23,6,74.5,165293,87059,29762,14883630,21239042,44363724,9230986,17607,13068,38.0,32.8
6475,34,24,1,89.9,111631,96682,13626,9997094,10480696,22448256,3423030,10821,15625,28.7,32.9
6476,34,24,2,97.3,52346,30011,5590,9090867,10480696,22448256,3423030,3175,4378,38.0,32.3
6477,34,24,3,55.6,58514,44687,4529,8467639,10480696,22448256,3423030,7728,2767,49.1,72.9
6478,34,24,4,89.6,50050,22960,4423,8494282,10480696,22448256,3423030,5606,3133,63.2,41.5
6479,34,24,5,96.2,118200,97224,15575,9424789,10480696,22448256,3423030,12583,16903,67.3,46.2
6480,34,24,6,87.4,85458,68590,22975,9874359,10480696,22448256,3423030,13535,10066,50.8,59.2
6481,34,25,1,54.3,9984,6644,1604,1037945,1087492,2386647,418275,1192,1135,40.5,68.6
6482,34,25,2,82.2,8895,6872,738,866296,1087492,2386647,418275,653,771,61.7,48.3
6483,34,25,3,78.9,4522,2414,673,682765,1087492,2386647,418275,443,431,15.5,40.9
6484,34,25,4,41.2,4005,2121,542,736102,1087492,2386647,418275,289,201,38.4,54.9
6485,34,25,5,76.4,11818,9299,3181,967248,1087492,2386647,418275,2101,337,56.6,22.2
6486,34,25,6,54.7,7014,3007,469,849695,1087492,2386647,418275,642,314,44.4,40.4
6487,34,26,1,61.0,301015,134608,23917,6616824,66538792,141035677,22157908,10549,7647,83.1,55.5
6488,34,26,2,93.8,127683,83523,17358,56686722,66538792,141035677,22157908,5178,14571,22.3,23.8
6489,34,26,3,50.0,264438,123128,38417,41222767,66538792,141035677,22157908,26644,21178,33.5,79.6
6490,34,26,4,97.2,314552,198626,54307,64689719,66538792,141035677,22157908,22886,15110,75.9,50.8
6491,34,26,5,87.2,693653,597372,93462,63782604,66538792,141035677,22157908,85576,27413,30.8,68.3
6492,34,26,6,48.8,236993,171576,49254,46466225,66538792,141035677,22157908,12755,19506,50.4,53.6
6493,34,27,1,74.3,10942,5984,1039,5336966,5902038,12528209,2522043,1081,893,82.3,57.7
6494,34,27,2,88.3,44152,18730,6125,5192399,5902038,12528209,2522043,1083,3352,62.7,77.4
6495,34,27,3,96.9,18819,11245,3471,5221445,5902038,12528209,2522043,2340,1689,40.1,47.5
6496,34,27,4,82.4,16020,8360,2312,3984244,5902038,12528209,2522043,1047,580,54.5,36.7
6497,34,27,5,94.0,29440,14879,1582,4268088,5902038,12528209,2522043,2740,1180,67.5,72.1
6498,34,27,6,46.7,24233,19846,5536,4314394,5902038,12528209,2522043,4098,737,35.7,63.7
6499,34,28,1,74.2,165027,127457,40373,22187200,28115388,60596117,11357783,30193,22761,62.4,89.4
6500,34,28,2,75.3,178127,79072,17513,25401151,28115388,60596117,11357783,15294,7700,66.8,80.2
6501,34,28,3,65.9,224529,150201,26531,17887026,28115388,60596117,11357783,27135,15584,73.8,78.2
6502,34,28,4,62.3,263732,236737,30015,23775438,28115388,60596117,11357783,36083,14255,48.1,64.8
6503,34,28,5,74.2,221454,123301,42166,24145269,28115388,60596117,11357783,19838,6526,75.1,79.7
6504,34,28,6,50.4,148815,83325,27389,17257262,28115388,60596117,11357783,13652,6039,56.8,42.4
6505,34,29,1,36.6,92788,29447,20100,7107174,9570367,19169818,4040594,8682,3065,74.9,67.2
6506,34,29,2,65.4,42039,29398,3223,6243700,9570367,19169818,4040594,6601,2885,38.8,67.5
6507,34,29,3,40.6,88094,64173,19649,9149509,9570367,19169818,4040594,7611,5138,49.1,29.5
6508,34,29,4,77.1,22275,12771,2352,8627195,9570367,19169818,4040594,1089,1685,49.9,26.5
6509,34,29,5,71.0,74688,40606,11012,9057006,9570367,19169818,4040594,5527,6476,88.2,49.0
6510,34,29,6,59.2,39980,21722,7547,6106245,9570367,19169818,4040594,3317,2217,36.1,52.9
6511,34,30,1,75.8,27580,22943,7190,6616824,3525662,8126638,1724148,3484,1548,36.4,27.2
6512,34,30,2,64.6,32997,16542,1872,2464690,3525662,8126638,1724148,1338,686,38.5,24.2
6513,34,30,3,37.6,47803,28698,9310,6585097,3525662,8126638,1724148,4463,5020,39.7,36.6
6514,34,30,4,70.2,28659,19950,4341,2524303,3525662,8126638,1724148,4268,3220,47.3,50.7
6515,34,30,5,79.5,30156,25506,7943,2297135,3525662,8126638,1724148,6219,3964,70.2,79.9
6516,34,30,6,95.0,32494,14492,2719,2176567,3525662,8126638,1724148,3164,2468,64.2,76.6
6517,34,31,1,92.6,804,450,115,74492,88209,184020,39272,56,22,73.4,73.6
6518,34,31,2,89.3,206,114,22,55680,88209,184020,39272,28,19,29.2,52.8
6519,34,31,3,47.2,816,708,161,63632,88209,184020,39272,47,62,16.9,63.7
6520,34,31,4,37.6,897,472,80,6690069,88209,184020,39272,102,33,71.5,90.5
6521,34,31,5,72.5,486,248,67,85688,88209,184020,39272,55,14,57.7,39.9
6522,34,31,6,50.5,794,416,78,6613341,88209,184020,39272,80,27,63.4,58.2
6523,34,32,1,66.6,3156,1589,383,384183,444024,935313,157927,254,268,79.1,9.1
6524,34,32,2,97.1,3743,3357,393,388340,444024,935313,157927,595,133,43.5,38.3
6525,34,32,3,95.9,2594,2291,517,398725,444024,935313,157927,448,313,41.2,30.8
6526,34,32,4,76.0,1626,743,246,392772,444024,935313,157927,47,67,27.2,53.4
6527,34,32,5,83.3,3571,2155,664,432360,444024,935313,157927,530,306,49.6,61.7
6528,34,32,6,63.3,1016,682,167,434229,444024,935313,157927,159,65,52.0,48.0
6529,35,1,1,93.1,32452,22288,3717,14716298,15941793,30390732,5730991,1369,3528,72.9,44.1
6530,35,1,2,88.8,57793,51432,6555,13589226,15941793,30390732,5730991,10819,4337,44.9,65.7
6531,35,1,3,89.6,46542,32153,3274,14797050,15941793,30390732,5730991,6825,2000,49.1,21.2
6532,35,1,4,46.8,152905,135454,32645,15440613,15941793,30390732,5730991,29776,8645,57.9,34.5
6533,35,1,5,77.1,127729,85310,22978,13918719,15941793,30390732,5730991,9210,5164,62.2,63.5
6534,35,1,6,89.7,62905,55967,19309,14432099,15941793,30390732,5730991,3150,5818,63.2,19.9
6535,35,2,1,88.5,1609,914,280,368823,392565,971901,136823,197,55,62.4,66.8
6536,35,2,2,53.6,4582,2762,796,364256,392565,971901,136823,574,404,44.1,67.4
6537,35,2,3,69.0,47803,743,118,330989,392565,971901,136823,67,67,19.9,50.2
6538,35,2,4,36.2,3119,2272,556,261280,392565,971901,136823,277,347,45.2,88.5
6539,35,2,5,89.4,4679,2899,398,377786,392565,971901,136823,300,489,44.9,39.7
6540,35,2,6,81.0,3922,2784,373,283919,392565,971901,136823,632,406,39.6,22.3
6541,35,3,1,80.0,17912,15867,3569,8408227,10545324,20427157,3277328,2735,1279,42.9,46.0
6542,35,3,2,81.6,85351,41311,5192,7574018,10545324,20427157,3277328,8687,1809,78.9,89.1
6543,35,3,3,36.4,37859,25855,6256,9330079,10545324,20427157,3277328,1863,4534,38.8,67.2
6544,35,3,4,54.3,54120,27333,5369,7401205,10545324,20427157,3277328,1682,3963,34.1,66.9
6545,35,3,5,98.6,78951,40278,6418,6955647,10545324,20427157,3277328,3949,5719,69.9,97.6
6546,35,3,6,88.2,51887,37308,6058,9495669,10545324,20427157,3277328,3881,3560,15.1,57.9
6547,35,4,1,93.6,365459,215595,50259,32798976,34547182,70481342,17172299,15811,8883,19.2,52.6
6548,35,4,2,55.8,130865,27048,18673,26695304,34547182,70481342,17172299,4637,9235,47.6,71.6
6549,35,4,3,43.0,131912,117708,12242,22663598,34547182,70481342,17172299,18218,8952,48.8,64.7
6550,35,4,4,51.8,305578,176905,19225,27468100,34547182,70481342,17172299,39582,20317,90.4,43.3
6551,35,4,5,71.4,115778,67837,13870,25629655,34547182,70481342,17172299,5182,11674,31.1,100.0
6552,35,4,6,68.7,130141,58521,13109,32159188,34547182,70481342,17172299,3746,6908,32.3,64.8
6553,35,5,1,80.7,50052,40163,13616,5959589,7723930,16613668,3371120,2679,6096,39.7,32.6
6554,35,5,2,94.9,35919,22556,7267,5859011,7723930,16613668,3371120,5231,695,47.7,55.7
6555,35,5,3,69.8,27102,22616,6574,6635509,7723930,16613668,3371120,4039,864,61.5,42.0
6556,35,5,4,70.5,44708,32278,4808,5920385,7723930,16613668,3371120,5989,3968,67.5,62.8
6557,35,5,5,54.2,68227,60167,16248,5157312,7723930,16613668,3371120,4363,2106,52.1,71.6
6558,35,5,6,97.4,40318,31826,9441,6331191,7723930,16613668,3371120,5255,3616,60.0,46.5
6559,35,6,1,88.9,3289,2780,957,436379,466223,892449,172711,171,382,48.6,71.0
6560,35,6,2,96.8,2925,1821,528,302418,466223,892449,172711,124,188,40.5,79.4
6561,35,6,3,97.2,2957,29511,191,294457,466223,892449,172711,194,104,15.5,79.6
6562,35,6,4,37.9,3372,1791,422,427681,466223,892449,172711,203,187,34.6,28.1
6563,35,6,5,43.1,1747,1466,478,280810,466223,892449,172711,266,197,37.1,23.5
6564,35,6,6,67.8,4332,2938,835,311980,466223,892449,172711,486,328,62.6,85.4
6565,35,7,1,39.5,55568,33080,9482,10317617,16963084,38906833,8507016,8098,2745,34.6,44.2
6566,35,7,2,47.5,79684,49689,7986,16082396,16963084,38906833,8507016,8931,2073,62.2,53.2
6567,35,7,3,79.5,126865,108630,12724,11303167,16963084,38906833,8507016,16721,9936,42.2,44.0
6568,35,7,4,62.1,142871,98974,9930,13582934,16963084,38906833,8507016,16795,11054,66.3,31.2
6569,35,7,5,40.8,121001,58757,11117,11244669,16963084,38906833,8507016,5460,6540,60.0,88.5
6570,35,7,6,45.1,187383,126864,36948,12635484,16963084,38906833,8507016,18065,11634,60.8,62.1
6571,35,8,1,57.1,66368,45136,8351,4843404,7639955,17161299,3513139,8931,4847,47.7,53.3
6572,35,8,2,75.5,82838,38337,12337,6817004,7639955,17161299,3513139,5057,3728,48.7,53.6
6573,35,8,3,78.5,28936,29511,1999,6064351,7639955,17161299,3513139,4284,1912,76.0,41.4
6574,35,8,4,62.9,15116,11099,3430,7328850,7639955,17161299,3513139,2712,1453,57.3,49.8
6575,35,8,5,67.7,32765,14485,3206,6808005,7639955,17161299,3513139,2792,1829,44.5,22.8
6576,35,8,6,97.3,23391,13458,1758,6888919,7639955,17161299,3513139,1876,807,68.8,73.8
6577,35,9,1,51.2,20507,12119,2046,2027938,2162621,4290032,804369,1047,557,37.4,48.4
6578,35,9,2,92.4,12534,5809,760,2023700,2162621,4290032,804369,1122,296,49.3,36.2
6579,35,9,3,43.3,15765,12585,1926,6585097,2162621,4290032,804369,1912,735,62.9,55.2
6580,35,9,4,52.7,16404,13449,4667,1526960,2162621,4290032,804369,2452,1105,19.9,53.2
6581,35,9,5,50.6,18277,9246,964,1447853,2162621,4290032,804369,2071,1559,63.9,65.7
6582,35,9,6,36.7,12772,6878,1415,1707989,2162621,4290032,804369,938,1127,22.0,31.6
6583,35,10,1,56.8,79495,63679,16201,9544217,10066248,23279066,3423611,12233,3657,37.9,67.0
6584,35,10,2,73.3,75839,67805,22840,6802022,10066248,23279066,3423611,15218,3260,36.1,92.4
6585,35,10,3,57.8,62714,54011,10618,6551341,10066248,23279066,3423611,5038,7846,42.7,78.1
6586,35,10,4,51.8,41270,35247,5821,9315439,10066248,23279066,3423611,7987,1849,43.5,34.0
6587,35,10,5,43.7,46505,19698,3416,6515824,10066248,23279066,3423611,2061,2026,34.3,49.5
6588,35,10,6,79.5,48266,22220,4285,7064778,10066248,23279066,3423611,5544,1106,65.9,91.9
6589,35,11,1,57.0,133597,29447,9400,12255014,17388551,37569609,7709456,19324,4152,53.4,41.0
6590,35,11,2,62.4,44152,73185,9363,10869174,17388551,37569609,7709456,6263,8441,24.7,52.1
6591,35,11,3,56.8,202027,85345,26900,11683074,17388551,37569609,7709456,6187,6825,44.3,45.9
6592,35,11,4,69.1,171376,85090,11121,11019722,17388551,37569609,7709456,20214,7900,49.2,55.6
6593,35,11,5,39.1,183075,78570,10221,11415704,17388551,37569609,7709456,10336,7552,23.3,70.3
6594,35,11,6,75.6,191031,98101,17658,14097989,17388551,37569609,7709456,7617,7563,69.0,76.3
6595,35,12,1,98.6,29631,15586,5389,7874997,8730034,19648619,4204841,3390,1330,49.3,46.6
6596,35,12,2,74.1,47347,26810,7346,6118551,8730034,19648619,4204841,3637,1813,44.5,31.1
6597,35,12,3,88.4,45493,28986,5270,7020960,8730034,19648619,4204841,5529,2758,52.6,44.9
6598,35,12,4,44.6,44638,41168,12250,5505674,8730034,19648619,4204841,7328,4204,61.6,55.5
6599,35,12,5,94.7,44918,38750,7667,7852705,8730034,19648619,4204841,7276,5705,55.9,35.1
6600,35,12,6,46.1,65263,57465,12286,5754307,8730034,19648619,4204841,7566,8183,53.8,49.5
6601,35,13,1,89.7,253431,185564,52930,20052663,24995616,49899488,11688782,26308,19898,40.0,64.1
6602,35,13,2,54.8,123674,77834,15186,19097073,24995616,49899488,11688782,14326,12922,68.8,48.8
6603,35,13,3,37.0,224787,137988,18995,17804767,24995616,49899488,11688782,23917,23636,66.8,74.7
6604,35,13,4,89.2,247306,124655,32337,16907607,24995616,49899488,11688782,9951,18020,53.8,29.5
6605,35,13,5,63.4,250265,165344,36734,18103541,24995616,49899488,11688782,10398,20011,64.5,28.7
6606,35,13,6,89.8,155377,64757,13659,20958620,24995616,49899488,11688782,4192,7737,63.9,45.6
6607,35,14,1,49.4,318845,205859,63527,22642739,31534555,74034434,14702457,29990,13526,44.8,46.2
6608,35,14,2,96.4,104433,73847,10691,22524492,31534555,74034434,14702457,11427,6654,54.3,36.4
6609,35,14,3,89.1,260306,196575,66733,22121599,31534555,74034434,14702457,10104,6438,18.2,31.2
6610,35,14,4,90.7,144850,121304,16731,22805559,31534555,74034434,14702457,15717,9119,63.6,56.3
6611,35,14,5,72.3,133079,63151,21721,27468598,31534555,74034434,14702457,4811,4520,37.1,42.8
6612,35,14,6,97.9,116427,62494,21219,28427354,31534555,74034434,14702457,8878,6044,49.4,39.2
6613,35,15,1,40.4,6834,5489,1523,538200,868320,1891060,250113,706,285,64.7,39.2
6614,35,15,2,63.5,6080,5080,713,760853,868320,1891060,250113,646,582,74.2,85.2
6615,35,15,3,48.6,6698,3154,737,791314,868320,1891060,250113,269,475,58.5,39.7
6616,35,15,4,43.8,3527,2311,547,548041,868320,1891060,250113,200,272,53.2,70.9
6617,35,15,5,66.4,2737,1877,343,843334,868320,1891060,250113,423,145,59.7,25.4
6618,35,15,6,92.8,7724,6940,1031,579214,868320,1891060,250113,1661,762,37.5,70.9
6619,35,16,1,46.9,5552,2617,321,830952,910767,2005386,384053,558,277,86.7,69.2
6620,35,16,2,52.0,5684,2415,819,774711,910767,2005386,384053,589,393,33.4,65.5
6621,35,16,3,47.2,4609,1947,266,660377,910767,2005386,384053,475,302,48.5,84.2
6622,35,16,4,68.6,1709,28870,222,762386,910767,2005386,384053,123,114,67.9,59.7
6623,35,16,5,90.2,1993,1683,431,662589,910767,2005386,384053,339,82,66.6,39.9
6624,35,16,6,73.2,9252,7645,2117,568920,910767,2005386,384053,1019,1282,14.2,51.9
6625,35,17,1,72.1,2015,1095,149,224189,343490,752066,96371,269,154,65.3,57.7
6626,35,17,2,40.1,2864,2209,347,258852,343490,752066,96371,197,71,44.1,47.4
6627,35,17,3,36.8,1611,1114,133,256031,343490,752066,96371,191,119,69.1,57.6
6628,35,17,4,72.3,3432,2722,557,238252,343490,752066,96371,315,424,52.8,44.3
6629,35,17,5,60.1,2714,2066,617,229262,343490,752066,96371,335,280,57.4,74.3
6630,35,17,6,86.0,3250,2335,661,324047,343490,752066,96371,374,227,27.6,57.3
6631,35,18,1,44.8,1715,1329,204,403611,613598,1272248,192455,300,157,70.1,33.1
6632,35,18,2,63.7,4862,3196,1045,385402,613598,1272248,192455,205,443,32.0,69.4
6633,35,18,3,73.8,4246,2497,587,482183,613598,1272248,192455,438,132,68.9,62.7
6634,35,18,4,62.1,5441,2279,478,432428,613598,1272248,192455,288,199,40.7,78.3
6635,35,18,5,92.7,6556,4331,1490,421992,613598,1272248,192455,388,364,54.4,43.3
6636,35,18,6,71.7,5589,2356,237,547273,613598,1272248,192455,489,312,35.5,51.9
6637,35,19,1,97.3,126159,50978,16086,10675929,12486885,28618522,4512730,8209,2411,71.4,45.9
6638,35,19,2,83.1,100136,46016,9198,7526017,12486885,28618522,4512730,3276,2209,53.5,79.9
6639,35,19,3,94.7,50920,45401,13681,8223969,12486885,28618522,4512730,9720,6900,38.4,35.2
6640,35,19,4,80.7,120348,93028,15813,11798613,12486885,28618522,4512730,15644,12747,55.9,70.8
6641,35,19,5,88.7,80593,65079,20550,8897268,12486885,28618522,4512730,3562,3690,41.6,44.3
6642,35,19,6,45.1,52813,32054,5214,11471086,12486885,28618522,4512730,3020,3736,27.4,68.4
6643,35,20,1,58.3,77835,58848,8538,7856899,8304309,18014872,3509751,8959,9112,6.6,83.0
6644,35,20,2,43.7,36002,24920,7166,6933770,8304309,18014872,3509751,5928,1972,15.9,53.1
6645,35,20,3,82.7,52471,21534,6124,7445858,8304309,18014872,3509751,1395,3378,68.1,51.0
6646,35,20,4,64.3,44582,28254,4968,8097384,8304309,18014872,3509751,6195,2409,45.9,67.1
6647,35,20,5,73.5,50223,33399,9197,7378009,8304309,18014872,3509751,6782,2158,68.9,38.9
6648,35,20,6,44.8,83381,69744,14774,6222247,8304309,18014872,3509751,17146,11409,43.8,59.8
6649,35,21,1,51.4,58655,38586,6051,13014969,21620972,46656978,8969901,7629,6458,28.8,49.7
6650,35,21,2,90.2,145645,90226,23818,16894046,21620972,46656978,8969901,5539,6541,15.3,57.1
6651,35,21,3,52.1,172097,117663,14322,6585097,21620972,46656978,8969901,18868,19496,28.5,52.7
6652,35,21,4,75.4,210960,153999,42423,20374686,21620972,46656978,8969901,18492,27593,24.8,35.5
6653,35,21,5,36.8,219381,140602,29102,18473094,21620972,46656978,8969901,12545,10650,65.1,69.9
6654,35,21,6,85.1,225760,187057,26896,19053253,21620972,46656978,8969901,11702,32804,32.8,79.1
6655,35,22,1,95.4,1287,765,165,139414,204369,419645,65235,158,56,43.9,76.2
6656,35,22,2,52.3,979,708,166,193497,204369,419645,65235,36,66,69.4,30.3
6657,35,22,3,61.7,1072,505,119,162013,204369,419645,65235,51,56,65.1,42.2
6658,35,22,4,69.8,1557,848,288,126892,204369,419645,65235,86,36,60.3,55.4
6659,35,22,5,77.8,1776,1045,108,195483,204369,419645,65235,144,102,56.7,70.1
6660,35,22,6,66.6,390,306,80,162491,204369,419645,65235,38,11,45.4,99.8
6661,35,23,1,48.6,80626,54519,17503,18060496,18848531,42994631,9895684,2983,3255,58.9,56.3
6662,35,23,2,97.6,58024,31934,3208,13453474,18848531,42994631,9895684,7956,4703,62.6,49.3
6663,35,23,3,89.3,188121,146459,33098,6585097,18848531,42994631,9895684,34291,13351,36.3,65.1
6664,35,23,4,91.0,61322,42147,8345,15419807,18848531,42994631,9895684,7162,7480,38.9,49.9
6665,35,23,5,62.6,45895,25663,3389,15887789,18848531,42994631,9895684,5910,3161,50.6,55.7
6666,35,23,6,38.7,96899,75633,8325,12715709,18848531,42994631,9895684,17399,4452,32.9,52.3
6667,35,24,1,62.7,109325,90081,14736,10115721,11125233,22355263,3659752,18214,10881,50.4,54.8
6668,35,24,2,61.8,103571,85510,24042,9305997,11125233,22355263,3659752,17910,6151,87.2,22.9
6669,35,24,3,85.3,111740,63468,16673,9156824,11125233,22355263,3659752,6109,6879,49.1,68.2
6670,35,24,4,88.1,107062,58163,19706,8238633,11125233,22355263,3659752,10048,6619,39.7,43.4
6671,35,24,5,87.0,44876,34827,5965,9553137,11125233,22355263,3659752,5509,5013,48.6,52.8
6672,35,24,6,94.3,29574,22422,6353,9088972,11125233,22355263,3659752,2756,769,91.1,31.1
6673,35,25,1,58.1,8570,3654,981,602865,1002913,2413413,377852,687,445,57.3,68.4
6674,35,25,2,77.6,6776,5522,1232,793043,1002913,2413413,377852,1026,491,48.8,67.9
6675,35,25,3,66.0,5610,4215,542,897505,1002913,2413413,377852,984,418,34.3,35.9
6676,35,25,4,84.6,4291,1901,501,635371,1002913,2413413,377852,287,325,52.1,45.2
6677,35,25,5,87.0,7436,28710,1027,768935,1002913,2413413,377852,1530,987,32.8,35.9
6678,35,25,6,61.9,9551,4278,1198,798170,1002913,2413413,377852,396,242,47.5,46.4
6679,35,26,1,52.4,255549,185120,31148,64354759,68783377,133539624,22377359,22795,10747,58.8,59.0
6680,35,26,2,69.4,575558,27048,58650,51565033,68783377,133539624,22377359,21957,24792,56.9,41.1
6681,35,26,3,56.1,118996,88339,27491,48147490,68783377,133539624,22377359,14733,14440,29.9,74.9
6682,35,26,4,46.0,441635,316387,60726,52591518,68783377,133539624,22377359,75455,46647,60.9,93.1
6683,35,26,5,91.9,533703,379602,95839,45561793,68783377,133539624,22377359,43474,37140,54.2,67.6
6684,35,26,6,98.3,556043,257485,52407,46560316,68783377,133539624,22377359,54999,14514,91.5,60.0
6685,35,27,1,84.2,35737,16535,2578,3607943,5614556,11011566,1986533,3549,2657,40.7,55.5
6686,35,27,2,64.9,44152,36077,5501,3984888,5614556,11011566,1986533,6486,3416,69.9,61.4
6687,35,27,3,92.3,46848,28422,4097,3749585,5614556,11011566,1986533,1476,4399,81.3,44.9
6688,35,27,4,95.5,48111,32662,8484,3473732,5614556,11011566,1986533,5386,1597,60.6,31.5
6689,35,27,5,36.3,59770,44773,15420,5222781,5614556,11011566,1986533,8616,7263,53.6,48.5
6690,35,27,6,52.6,34929,16962,5765,5241331,5614556,11011566,1986533,1975,2799,67.1,23.2
6691,35,28,1,39.1,293939,122416,23946,16879904,28057674,55542704,13456745,25038,17359,50.2,66.0
6692,35,28,2,43.0,165969,88679,17952,24119179,28057674,55542704,13456745,5640,11922,100.0,36.8
6693,35,28,3,52.8,178079,118439,34925,21265214,28057674,55542704,13456745,21822,9283,51.8,33.6
6694,35,28,4,57.2,85697,74520,14093,19100711,28057674,55542704,13456745,10726,6854,23.8,42.3
6695,35,28,5,91.2,83961,36251,3643,20947265,28057674,55542704,13456745,6416,3390,43.7,39.8
6696,35,28,6,49.6,257999,144991,17698,17110739,28057674,55542704,13456745,18347,6265,62.8,37.2
6697,35,29,1,63.6,33134,21518,2197,6482863,8407332,18229595,2761861,2896,3794,52.2,76.2
6698,35,29,2,56.6,63620,42649,8794,7276672,8407332,18229595,2761861,4357,7110,47.8,84.9
6699,35,29,3,59.4,17996,10808,2476,5843398,8407332,18229595,2761861,1886,1619,27.6,35.7
6700,35,29,4,66.0,66584,44999,13829,5241160,8407332,18229595,2761861,10557,3670,53.5,70.0
6701,35,29,5,66.6,87656,44043,15018,6964561,8407332,18229595,2761861,4044,1594,75.4,43.4
6702,35,29,6,48.0,59301,33524,9590,6688601,8407332,18229595,2761861,7704,4351,54.2,73.8
6703,35,30,1,42.6,26941,24029,2628,2142045,3429691,8400460,1220576,4000,1920,5.2,54.5
6704,35,30,2,81.7,27554,18773,5685,3160178,3429691,8400460,1220576,3337,2362,27.7,56.2
6705,35,30,3,40.5,7879,3878,1070,2071341,3429691,8400460,1220576,479,277,52.2,23.8
6706,35,30,4,41.2,17291,28870,1014,2465269,3429691,8400460,1220576,1819,338,39.3,83.0
6707,35,30,5,86.0,38018,30354,5963,3084599,3429691,8400460,1220576,7138,4053,30.6,5.1
6708,35,30,6,52.0,33540,21564,2480,2160323,3429691,8400460,1220576,2823,1512,40.1,48.6
6709,35,31,1,46.5,785,358,53,60121,85296,184462,40205,40,24,71.5,80.5
6710,35,31,2,68.8,406,339,73,80201,85296,184462,40205,61,14,22.4,47.2
6711,35,31,3,88.3,803,505,137,53749,85296,184462,40205,29,44,68.6,65.5
6712,35,31,4,76.0,240,137,28,60659,85296,184462,40205,12,6,49.9,37.6
6713,35,31,5,74.7,506,422,136,74583,85296,184462,40205,90,70,44.5,57.8
6714,35,31,6,71.8,549,415,52,6613341,85296,184462,40205,52,22,100.0,56.9
6715,35,32,1,47.1,855,396,60,362064,402821,919215,186481,52,13,48.9,55.1
6716,35,32,2,91.7,2619,1336,195,319141,402821,919215,186481,313,207,37.6,45.4
6717,35,32,3,40.4,2979,1520,413,376032,402821,919215,186481,275,167,40.7,86.0
6718,35,32,4,59.2,2769,1257,132,244676,402821,919215,186481,86,108,71.2,35.7
6719,35,32,5,79.6,2474,1888,291,274907,402821,919215,186481,134,100,60.8,59.9
6720,35,32,6,70.5,44526,751,179,353520,402821,919215,186481,179,103,50.1,52.1
6721,36,1,1,58.2,45338,28585,5332,13511202,13959099,33061721,5319081,5635,4182,27.0,8.6
6722,36,1,2,53.4,154672,116588,15724,12210025,13959099,33061721,5319081,6624,8716,48.3,58.9
6723,36,1,3,55.2,59407,46374,15679,12327396,13959099,33061721,5319081,7480,7784,32.4,30.3
6724,36,1,4,77.6,99741,89621,11215,8585388,13959099,33061721,5319081,13261,3858,75.6,39.4
6725,36,1,5,86.6,93055,43288,14123,9977942,13959099,33061721,5319081,8115,4554,22.2,58.2
6726,36,1,6,68.7,41405,22249,6382,9418585,13959099,33061721,5319081,3785,2985,49.4,68.0
6727,36,2,1,41.4,923,29447,189,417199,436968,887235,182886,51,23,54.6,75.9
6728,36,2,2,44.1,2106,1682,350,418415,436968,887235,182886,216,159,63.2,85.6
6729,36,2,3,37.8,2503,1953,270,294300,436968,887235,182886,299,70,47.1,63.4
6730,36,2,4,45.0,4509,3842,1288,281014,436968,887235,182886,493,413,53.2,86.9
6731,36,2,5,74.9,3670,2910,544,328606,436968,887235,182886,696,337,45.6,78.9
6732,36,2,6,78.9,4106,2917,577,329019,436968,887235,182886,415,447,61.9,58.8
6733,36,3,1,80.4,55724,32952,9574,7525592,9570058,20158697,3671090,4173,3060,73.1,53.1
6734,36,3,2,76.3,37403,30564,6030,8334230,9570058,20158697,3671090,2818,2935,8.3,50.8
6735,36,3,3,46.3,38645,18098,6220,6936867,9570058,20158697,3671090,2457,2558,23.3,68.5
6736,36,3,4,45.4,88894,66538,16326,6149800,9570058,20158697,3671090,15529,3992,41.5,84.5
6737,36,3,5,83.7,36954,17016,3010,9242873,9570058,20158697,3671090,3630,2620,65.8,71.2
6738,36,3,6,52.7,83737,51157,9468,7179262,9570058,20158697,3671090,9075,8353,31.3,55.7
6739,36,4,1,54.2,258360,220815,30782,23846668,30081500,74897726,16030231,14289,34083,60.7,64.1
6740,36,4,2,85.0,100083,51573,7425,22575243,30081500,74897726,16030231,4730,5451,57.9,50.0
6741,36,4,3,61.5,225102,196179,32298,26758859,30081500,74897726,16030231,14177,27755,62.6,52.1
6742,36,4,4,65.1,240198,101771,25413,19315421,30081500,74897726,16030231,7154,15157,29.9,27.1
6743,36,4,5,88.2,240952,180565,28107,21195520,30081500,74897726,16030231,20681,14534,85.0,33.0
6744,36,4,6,49.8,181258,81667,24957,22761358,30081500,74897726,16030231,13388,2822,70.8,47.2
6745,36,5,1,80.7,39324,24761,5692,7592587,8536101,16182233,2928431,3186,1354,48.6,34.3
6746,36,5,2,67.0,85977,69296,17215,6914574,8536101,16182233,2928431,11301,5146,45.4,31.3
6747,36,5,3,42.3,17268,12046,2429,7851058,8536101,16182233,2928431,2496,1192,59.1,72.6
6748,36,5,4,64.4,17086,6846,2031,6727313,8536101,16182233,2928431,1329,873,14.9,46.5
6749,36,5,5,35.8,33671,28474,6749,7138519,8536101,16182233,2928431,3500,1151,95.4,61.0
6750,36,5,6,78.6,44526,30697,6140,8332896,8536101,16182233,2928431,7246,5414,44.6,62.1
6751,36,6,1,91.8,2022,1805,572,378952,426226,980580,222129,235,115,19.5,75.1
6752,36,6,2,57.6,3614,1957,519,409646,426226,980580,222129,395,148,60.9,30.3
6753,36,6,3,41.2,2935,1300,442,408849,426226,980580,222129,298,140,76.1,25.5
6754,36,6,4,97.4,4579,3125,932,314012,426226,980580,222129,777,383,58.6,57.1
6755,36,6,5,81.1,2818,1550,176,395512,426226,980580,222129,113,250,34.0,59.2
6756,36,6,6,96.6,4733,2075,443,345647,426226,980580,222129,145,326,61.3,64.7
6757,36,7,1,98.5,66534,59536,17578,17043424,17869254,39500181,8725881,12911,6798,17.0,81.4
6758,36,7,2,53.6,200028,170060,26478,13294402,17869254,39500181,8725881,15517,23319,44.5,71.2
6759,36,7,3,41.9,59410,51732,17759,14733938,17869254,39500181,8725881,4924,8871,49.1,50.5
6760,36,7,4,79.1,87323,42908,11710,16921247,17869254,39500181,8725881,3472,4247,33.4,82.0
6761,36,7,5,64.4,59544,43698,8411,12365977,17869254,39500181,8725881,7326,4213,32.7,42.2
6762,36,7,6,37.1,44526,149957,40527,16416975,17869254,39500181,8725881,14742,9429,67.7,65.8
6763,36,8,1,60.4,45262,52418,13448,7018903,8217084,17173158,3981433,10646,8667,53.0,85.2
6764,36,8,2,86.2,76947,58102,7712,6857320,8217084,17173158,3981433,12835,3037,51.9,64.0
6765,36,8,3,91.8,24013,12104,1564,7725642,8217084,17173158,3981433,1770,920,63.3,77.2
6766,36,8,4,90.7,51958,41509,10282,7948858,8217084,17173158,3981433,7668,3084,62.8,72.3
6767,36,8,5,94.4,65351,55938,9472,6530013,8217084,17173158,3981433,5926,7822,55.4,70.1
6768,36,8,6,86.7,64103,52856,13400,7186182,8217084,17173158,3981433,6296,7513,40.1,49.8
6769,36,9,1,54.4,13719,9445,1360,1748345,2145659,4596323,606724,2133,1135,48.5,83.5
6770,36,9,2,89.7,18704,7780,2361,2034095,2145659,4596323,606724,872,1082,34.1,17.4
6771,36,9,3,46.9,7706,3654,379,1465179,2145659,4596323,606724,485,498,38.6,72.8
6772,36,9,4,77.2,17908,15275,2327,1402180,2145659,4596323,606724,2015,2298,59.8,72.9
6773,36,9,5,43.5,5367,4479,792,2065767,2145659,4596323,606724,613,237,70.7,42.8
6774,36,9,6,74.0,11950,4798,579,1669997,2145659,4596323,606724,279,814,48.4,50.3
6775,36,10,1,51.1,81397,62624,14994,8549679,10708925,22145026,4762220,9874,7443,58.3,66.2
6776,36,10,2,48.7,56658,27914,7977,6631720,10708925,22145026,4762220,4157,2330,78.4,28.7
6777,36,10,3,52.9,94472,68836,22730,7945164,10708925,22145026,4762220,4952,6737,39.5,66.5
6778,36,10,4,80.7,44638,77659,26866,8322887,10708925,22145026,4762220,14197,7339,70.5,7.2
6779,36,10,5,70.7,54347,39534,7062,9986546,10708925,22145026,4762220,7488,2859,63.0,100.0
6780,36,10,6,70.7,70601,42225,6562,6508128,10708925,22145026,4762220,7704,4001,79.2,44.7
6781,36,11,1,60.4,183606,157531,41661,15715153,17568726,38186081,6391827,22032,26033,45.0,100.0
6782,36,11,2,66.0,79531,38751,4681,11468759,17568726,38186081,6391827,5720,1758,51.9,57.6
6783,36,11,3,43.1,73232,62971,13294,10857654,17568726,38186081,6391827,3160,5785,82.3,27.1
6784,36,11,4,96.7,185016,144727,29050,11587129,17568726,38186081,6391827,15805,9884,47.9,89.4
6785,36,11,5,39.7,61151,34982,4843,15434147,17568726,38186081,6391827,6136,4720,60.2,64.6
6786,36,11,6,78.2,50466,45167,10821,15318493,17568726,38186081,6391827,3402,1666,41.7,55.3
6787,36,12,1,46.7,104814,55630,10124,7918489,10172873,20183149,4551656,2790,1710,64.5,69.3
6788,36,12,2,53.9,51959,30085,4874,9109605,10172873,20183149,4551656,3039,2145,20.8,35.8
6789,36,12,3,55.0,70951,55707,14411,8773561,10172873,20183149,4551656,13742,9760,83.9,45.1
6790,36,12,4,70.0,88590,44709,7789,7580443,10172873,20183149,4551656,6530,6239,55.5,49.5
6791,36,12,5,92.4,77805,46026,10168,8283123,10172873,20183149,4551656,7383,6624,56.6,27.9
6792,36,12,6,40.1,90435,78058,15981,7668485,10172873,20183149,4551656,9050,7305,25.1,81.3
6793,36,13,1,62.1,46308,37702,12568,20930369,22900520,51117722,7442114,4803,1606,69.1,0.0
6794,36,13,2,58.8,234225,95636,17138,6631720,22900520,51117722,7442114,7827,10271,31.8,59.0
6795,36,13,3,67.0,180191,97751,27853,18340969,22900520,51117722,7442114,18937,13923,47.4,74.2
6796,36,13,4,60.9,90379,69706,22914,19228233,22900520,51117722,7442114,4329,8705,56.4,36.8
6797,36,13,5,65.5,173672,137015,45382,20113660,22900520,51117722,7442114,21552,8737,8.1,78.5
6798,36,13,6,53.9,242672,154922,31511,19381345,22900520,51117722,7442114,3520,12872,28.8,74.1
6799,36,14,1,66.2,144326,74980,24495,28102597,35330516,73716341,10270815,18170,8897,85.1,91.9
6800,36,14,2,84.3,127651,70489,12704,23800859,35330516,73716341,10270815,6606,3770,66.6,47.8
6801,36,14,3,88.7,134593,117483,33580,28040982,35330516,73716341,10270815,8145,4406,67.1,69.1
6802,36,14,4,72.7,166432,91418,12080,21213768,35330516,73716341,10270815,8301,12047,31.7,77.7
6803,36,14,5,65.6,111832,60371,10329,30020046,35330516,73716341,10270815,4149,3750,43.7,40.3
6804,36,14,6,50.6,44526,211404,30875,34594035,35330516,73716341,10270815,18730,26110,25.0,74.0
6805,36,15,1,92.9,6273,5353,649,794461,880481,1766880,251423,618,717,71.6,49.3
6806,36,15,2,71.1,9104,4908,1197,740393,880481,1766880,251423,750,452,61.0,0.0
6807,36,15,3,79.3,7170,5538,1621,814189,880481,1766880,251423,1295,590,50.9,75.7
6808,36,15,4,80.2,9122,4464,1021,745785,880481,1766880,251423,633,688,38.5,38.2
6809,36,15,5,84.6,3407,2936,465,599623,880481,1766880,251423,490,525,52.7,53.7
6810,36,15,6,91.9,4894,3692,1212,549120,880481,1766880,251423,541,345,51.0,37.4
6811,36,16,1,53.5,5512,3431,1015,777564,992628,2028544,439335,750,232,62.9,60.6
6812,36,16,2,49.5,44152,7076,1886,935918,992628,2028544,439335,449,987,52.8,58.5
6813,36,16,3,44.0,7322,5690,1242,631302,992628,2028544,439335,699,798,41.3,44.2
6814,36,16,4,67.8,7645,28870,1370,848465,992628,2028544,439335,429,970,48.3,91.6
6815,36,16,5,79.3,10192,8049,2729,784582,992628,2028544,439335,1369,368,34.4,64.7
6816,36,16,6,56.8,4981,3807,870,924652,992628,2028544,439335,650,142,58.7,71.5
6817,36,17,1,82.9,3009,2247,777,332957,359203,694861,113541,253,135,35.8,69.9
6818,36,17,2,78.5,3459,1721,475,215943,359203,694861,113541,223,113,46.8,60.0
6819,36,17,3,61.4,2723,2099,626,252434,359203,694861,113541,424,205,56.7,76.7
6820,36,17,4,80.0,3186,1359,249,301075,359203,694861,113541,246,141,34.7,89.9
6821,36,17,5,67.2,44553,1634,501,221759,359203,694861,113541,241,108,61.6,58.0
6822,36,17,6,41.6,1213,775,184,269023,359203,694861,113541,178,62,58.9,48.3
6823,36,18,1,54.2,6026,2742,705,411740,641312,1384701,230395,630,307,59.9,43.1
6824,36,18,2,76.9,6065,4226,1262,510070,641312,1384701,230395,414,583,49.6,51.1
6825,36,18,3,93.0,5356,3971,1357,513173,641312,1384701,230395,201,459,69.5,47.1
6826,36,18,4,66.7,2963,2291,309,496989,641312,1384701,230395,476,86,40.6,33.3
6827,36,18,5,79.2,5803,2520,619,539885,641312,1384701,230395,566,75,54.4,52.6
6828,36,18,6,84.7,6530,3880,483,591170,641312,1384701,230395,738,659,54.8,55.7
6829,36,19,1,46.1,118527,72299,9705,10570412,12549084,27212649,5030803,17915,9187,44.1,61.2
6830,36,19,2,49.2,57327,30627,5681,9955804,12549084,27212649,5030803,3291,5223,50.2,72.2
6831,36,19,3,39.5,65017,52279,14782,8582619,12549084,27212649,5030803,12735,3058,46.8,34.9
6832,36,19,4,58.8,30845,20108,4259,11647667,12549084,27212649,5030803,2395,2358,79.4,71.3
6833,36,19,5,72.4,36918,29141,10057,8940780,12549084,27212649,5030803,6392,3822,37.7,96.5
6834,36,19,6,81.3,31775,19243,4784,8998960,12549084,27212649,5030803,2503,3312,67.5,70.0
6835,36,20,1,81.2,89997,68181,7933,6554150,8438905,16702682,2522575,7419,5999,32.5,55.1
6836,36,20,2,85.4,41565,35874,5045,5433479,8438905,16702682,2522575,4589,1465,21.9,0.0
6837,36,20,3,41.2,42827,24840,4170,7605948,8438905,16702682,2522575,2662,3877,43.8,42.2
6838,36,20,4,74.1,51039,42415,4291,7270476,8438905,16702682,2522575,4248,4248,56.5,58.7
6839,36,20,5,38.7,32673,24680,3015,7490783,8438905,16702682,2522575,3658,2180,25.8,47.8
6840,36,20,6,92.8,54112,42500,13123,7594895,8438905,16702682,2522575,7262,4986,32.5,52.2
6841,36,21,1,36.3,131735,58958,15680,22859374,23695018,47868042,8016420,13666,7649,41.9,46.9
6842,36,21,2,86.6,166481,77001,24730,17978843,23695018,47868042,8016420,9682,12314,60.7,75.1
6843,36,21,3,47.7,103725,42180,13387,17780760,23695018,47868042,8016420,10147,6657,63.7,27.6
6844,36,21,4,44.5,55709,27488,8524,21834776,23695018,47868042,8016420,6247,1205,54.0,50.3
6845,36,21,5,47.2,201986,120266,13146,23174654,23695018,47868042,8016420,19277,11723,50.2,42.2
6846,36,21,6,37.7,87561,37061,6359,15525392,23695018,47868042,8016420,9221,2877,61.8,42.2
6847,36,22,1,39.0,378,278,60,149202,191889,420999,86581,68,24,64.5,79.8
6848,36,22,2,92.7,755,679,186,176201,191889,420999,86581,56,111,21.3,70.5
6849,36,22,3,65.5,1459,849,130,152953,191889,420999,86581,171,82,58.6,89.7
6850,36,22,4,56.4,854,601,102,161786,191889,420999,86581,44,50,53.3,60.4
6851,36,22,5,64.8,378,239,46,187693,191889,420999,86581,43,42,41.6,64.8
6852,36,22,6,73.2,970,450,152,122824,191889,420999,86581,77,50,46.4,31.9
6853,36,23,1,97.6,233075,178388,28659,14744332,18827238,48687902,6931587,24846,8555,59.1,46.1
6854,36,23,2,60.5,145340,91435,12826,15610931,18827238,48687902,6931587,12693,8807,40.2,52.8
6855,36,23,3,49.6,132907,64478,9215,18412312,18827238,48687902,6931587,15653,9404,37.7,55.8
6856,36,23,4,62.1,211872,171482,51336,14492651,18827238,48687902,6931587,14483,17834,10.8,100.0
6857,36,23,5,81.1,72746,50479,16685,14220584,18827238,48687902,6931587,5987,4456,71.5,80.9
6858,36,23,6,48.4,138595,70990,11740,14450391,18827238,48687902,6931587,10512,7311,50.6,45.2
6859,36,24,1,66.8,92932,68830,15400,10026729,10498604,22959230,4878174,3661,7233,43.5,34.5
6860,36,24,2,75.8,105126,48463,16360,7893763,10498604,22959230,4878174,10034,6641,50.2,53.0
6861,36,24,3,52.8,95586,66294,19445,10246830,10498604,22959230,4878174,11057,10674,70.9,31.6
6862,36,24,4,77.3,39916,30036,8171,8720611,10498604,22959230,4878174,4739,3651,38.0,56.1
6863,36,24,5,36.8,117864,77817,12673,6623915,10498604,22959230,4878174,16882,6725,58.3,98.1
6864,36,24,6,76.6,78713,58029,14934,9629610,10498604,22959230,4878174,8400,8964,27.8,40.2
6865,36,25,1,65.8,9208,7909,1704,855372,1048694,2480382,550275,1137,941,19.4,38.5
6866,36,25,2,49.6,12221,5263,543,688351,1048694,2480382,550275,816,774,75.4,39.4
6867,36,25,3,63.3,3409,1463,487,667853,1048694,2480382,550275,330,131,68.8,60.1
6868,36,25,4,66.1,11514,5860,1748,857986,1048694,2480382,550275,736,758,15.4,70.5
6869,36,25,5,62.1,11410,8516,2585,801805,1048694,2480382,550275,1151,325,48.9,70.7
6870,36,25,6,55.2,4578,2121,305,873231,1048694,2480382,550275,155,249,50.1,51.4
6871,36,26,1,76.9,383674,176342,53784,46882127,62241717,128211403,26554800,24560,31439,62.4,54.5
6872,36,26,2,83.8,474219,385171,66859,57671136,62241717,128211403,26554800,24823,42133,79.0,52.9
6873,36,26,3,77.5,678938,383956,93553,44234792,62241717,128211403,26554800,22488,29964,58.7,71.0
6874,36,26,4,56.1,672954,282549,61733,53193338,62241717,128211403,26554800,18042,35697,62.1,16.2
6875,36,26,5,80.5,214162,184102,42817,53329231,62241717,128211403,26554800,10830,20168,28.0,55.5
6876,36,26,6,76.2,675939,429479,127600,53924214,62241717,128211403,26554800,3520,35230,60.9,40.6
6877,36,27,1,75.5,58446,45423,10861,3398878,5322327,12225977,2330530,6137,2149,29.1,58.8
6878,36,27,2,48.6,37522,15256,3045,6631720,5322327,12225977,2330530,2310,1829,49.5,30.8
6879,36,27,3,95.3,23270,19702,2388,4413718,5322327,12225977,2330530,4401,862,35.6,82.8
6880,36,27,4,59.1,47091,22750,3258,4516687,5322327,12225977,2330530,2298,1287,38.7,57.7
6881,36,27,5,91.9,54849,32953,3526,4651059,5322327,12225977,2330530,2732,5452,43.8,24.4
6882,36,27,6,87.5,12490,6311,994,4515034,5322327,12225977,2330530,1141,640,67.9,62.3
6883,36,28,1,35.3,266408,152960,52814,21651844,25446781,61143248,8415742,26860,16342,51.0,17.4
6884,36,28,2,67.0,297593,239009,62878,20935498,25446781,61143248,8415742,50377,38062,44.2,54.0
6885,36,28,3,37.7,216972,156734,36324,21822345,25446781,61143248,8415742,14742,13615,41.2,45.3
6886,36,28,4,39.9,182462,153682,25706,18378058,25446781,61143248,8415742,36980,9613,47.3,74.0
6887,36,28,5,69.8,284648,219720,31341,21988464,25446781,61143248,8415742,35093,15603,32.3,40.5
6888,36,28,6,50.0,147422,65707,11294,24510235,25446781,61143248,8415742,3789,7619,53.2,64.4
6889,36,29,1,66.2,93004,75555,24587,7487144,9052533,18323302,3947221,12222,11855,65.5,29.6
6890,36,29,2,66.2,89879,78811,24713,8288688,9052533,18323302,3947221,15024,7372,40.0,62.6
6891,36,29,3,90.2,19134,9771,985,6738266,9052533,18323302,3947221,1363,1532,68.2,50.3
6892,36,29,4,87.1,50381,28488,3481,5431627,9052533,18323302,3947221,6422,2074,43.2,48.3
6893,36,29,5,48.8,34267,22403,3122,7536864,9052533,18323302,3947221,5497,2949,41.3,74.9
6894,36,29,6,74.6,90980,41200,6261,5917634,9052533,18323302,3947221,4710,6463,37.3,43.3
6895,36,30,1,48.3,39359,21609,7490,2875397,3887410,8426697,1164477,4686,1452,78.0,73.4
6896,36,30,2,58.6,22172,13997,2985,2627029,3887410,8426697,1164477,2391,1323,35.1,55.7
6897,36,30,3,61.9,31751,22647,5819,2750373,3887410,8426697,1164477,4330,1838,47.9,85.4
6898,36,30,4,89.0,10355,6898,2068,3353593,3887410,8426697,1164477,580,627,77.2,38.3
6899,36,30,5,59.8,11544,10329,1569,3698789,3887410,8426697,1164477,1002,885,53.0,49.6
6900,36,30,6,98.9,33743,29599,6362,6613341,3887410,8426697,1164477,3856,2693,28.5,43.1
6901,36,31,1,47.9,477,386,51,59483,82511,174697,35825,60,36,67.8,67.4
6902,36,31,2,82.6,178,98,22,55623,82511,174697,35825,7,9,87.1,100.0
6903,36,31,3,86.1,321,251,33,61157,82511,174697,35825,16,28,38.2,56.9
6904,36,31,4,57.7,235,153,34,67337,82511,174697,35825,23,22,54.6,98.1
6905,36,31,5,60.7,886,399,135,53223,82511,174697,35825,77,19,36.1,56.1
6906,36,31,6,88.1,490,351,49,64212,82511,174697,35825,77,58,56.0,60.4
6907,36,32,1,45.7,4344,3313,643,278310,382169,860457,207822,413,213,50.4,50.4
6908,36,32,2,72.1,3818,2790,909,233643,382169,860457,207822,284,103,79.2,66.1
6909,36,32,3,76.4,1112,901,212,330023,382169,860457,207822,130,103,57.2,59.4
6910,36,32,4,79.3,3007,1221,297,315817,382169,860457,207822,304,69,73.8,54.5
6911,36,32,5,93.2,1447,785,150,354848,382169,860457,207822,45,49,65.6,41.3
6912,36,32,6,72.3,2609,1786,244,336176,382169,860457,207822,309,297,52.1,47.3
